# Blender 5.1.0
# www.blender.org
mtllib Staff.mtl
o Part4LP
v -0.010511 -0.019472 0.772568
v 0.024452 -0.023030 0.756207
v 0.057670 -0.023034 0.727006
v 0.088003 -0.023033 0.693345
v 0.121508 -0.023027 0.646727
v 0.149345 -0.023020 0.590193
v 0.165826 -0.017245 0.535186
v 0.166019 -0.007503 0.495456
v -0.018738 0.000000 0.755130
v 0.011227 0.000000 0.740298
v -0.007698 0.000000 0.789598
v 0.032149 0.000000 0.771742
v 0.043097 0.000000 0.715680
v 0.066720 0.000000 0.738061
v 0.071733 0.000000 0.682125
v 0.098688 0.000000 0.704326
v 0.106060 -0.000000 0.638061
v 0.131239 -0.000000 0.655169
v 0.132169 -0.000000 0.585143
v 0.160703 -0.000000 0.595137
v 0.152936 -0.000000 0.534602
v 0.172563 -0.000000 0.535900
v 0.158027 -0.000000 0.495639
v 0.167688 -0.000000 0.495097
v -0.010511 0.019472 0.772568
v 0.024452 0.023030 0.756207
v 0.057670 0.023034 0.727006
v 0.088003 0.023033 0.693345
v 0.121508 0.023027 0.646727
v 0.149345 0.023020 0.590193
v 0.165826 0.017245 0.535186
v 0.166019 0.007503 0.495456
v 0.002116 0.023181 4.015056
v -0.172838 0.025738 4.106576
v 0.008809 0.015662 4.037265
v -0.156470 0.017470 4.126138
v 0.011581 -0.002493 4.046465
v -0.149690 -0.002493 4.134241
v 0.008809 -0.020647 4.037265
v -0.156470 -0.022455 4.126138
v 0.002116 -0.028167 4.015056
v -0.172838 -0.030724 4.106576
v -0.004577 -0.020647 3.992846
v -0.189205 -0.022455 4.087014
v -0.007349 -0.002493 3.983646
v -0.195985 -0.002493 4.078911
v -0.004577 0.015662 3.992846
v -0.189205 0.017470 4.087014
v -0.217016 0.024498 4.159993
v -0.196083 0.016593 4.172503
v -0.187412 -0.002493 4.177685
v -0.196083 -0.021579 4.172503
v -0.217016 -0.029484 4.159993
v -0.237949 -0.021579 4.147483
v -0.246620 -0.002493 4.142301
v -0.237949 0.016593 4.147483
v -0.119000 0.026642 4.056786
v -0.109142 0.018109 4.081193
v -0.105058 -0.002493 4.091303
v -0.109142 -0.023094 4.081193
v -0.119000 -0.031628 4.056786
v -0.128859 -0.023094 4.032379
v -0.132943 -0.002493 4.022269
v -0.128859 0.018109 4.032379
v -0.253561 0.020844 4.275004
v -0.233438 0.014009 4.281298
v -0.225102 -0.002493 4.283904
v -0.233438 -0.018995 4.281298
v -0.253561 -0.025830 4.275004
v -0.273685 -0.018995 4.268712
v -0.282021 -0.002493 4.266105
v -0.273685 0.014009 4.268712
v -0.218688 -0.020135 4.219406
v -0.210188 -0.002493 4.223112
v -0.218688 0.015150 4.219406
v -0.239210 0.022457 4.210459
v -0.259732 0.015150 4.201513
v -0.268232 -0.002493 4.197807
v -0.259732 -0.020135 4.201513
v -0.239210 -0.027443 4.210459
v -0.243436 0.018647 4.395700
v -0.225841 0.012455 4.388270
v -0.218553 -0.002493 4.385193
v -0.225841 -0.017441 4.388270
v -0.243436 -0.023633 4.395700
v -0.261032 -0.017441 4.403130
v -0.268320 -0.002493 4.406207
v -0.261032 0.012455 4.403130
v -0.255589 -0.026222 4.334033
v -0.235697 -0.019272 4.330323
v -0.227458 -0.002493 4.328786
v -0.235697 0.014286 4.330323
v -0.275481 0.014286 4.337743
v -0.283720 -0.002493 4.339280
v -0.275481 -0.019272 4.337743
v -0.255589 0.021236 4.334033
v -0.190378 0.009567 4.507444
v -0.182670 0.006035 4.500024
v -0.179478 -0.002493 4.496950
v -0.182670 -0.011020 4.500024
v -0.190378 -0.014552 4.507444
v -0.198085 -0.011020 4.514864
v -0.201278 -0.002493 4.517938
v -0.198085 0.006035 4.514864
v -0.093077 -0.002586 4.593499
v -0.133390 -0.002989 4.575156
v -0.131639 -0.010539 4.571840
v -0.127411 -0.013667 4.563835
v -0.123183 -0.010539 4.555830
v -0.121431 -0.002989 4.552514
v -0.123183 0.004562 4.555830
v -0.131639 0.004562 4.571840
v -0.127411 0.007689 4.563835
v -0.236816 -0.013429 4.449710
v -0.224884 -0.017959 4.442767
v -0.212952 -0.013429 4.435824
v -0.208010 -0.002493 4.432949
v -0.212952 0.008443 4.435824
v -0.224884 0.012973 4.442767
v -0.236816 0.008443 4.449710
v -0.241758 -0.002493 4.452586
v 0.128403 0.015619 4.022342
v 0.128471 0.010314 4.038705
v 0.128499 -0.002493 4.045484
v 0.128471 -0.015300 4.038705
v 0.128403 -0.020605 4.022342
v 0.128336 -0.015300 4.005978
v 0.128308 -0.002493 3.999199
v 0.128336 0.010314 4.005978
v -0.090619 0.003558 4.586802
v -0.092237 0.001708 4.591620
v -0.089170 0.001883 4.581867
v -0.088739 -0.002338 4.579707
v -0.089579 -0.006631 4.581585
v -0.091197 -0.008482 4.586404
v -0.092646 -0.006806 4.591339
v -0.090908 -0.002462 4.586603
v -0.313259 0.018413 4.366471
v -0.355314 0.008920 4.381088
v -0.311545 0.014426 4.380795
v -0.352579 0.006307 4.386771
v -0.310835 0.000000 4.386728
v -0.351446 0.000000 4.389125
v -0.311545 -0.014426 4.380795
v -0.352579 -0.006307 4.386771
v -0.313259 -0.018413 4.366471
v -0.355314 -0.008920 4.381088
v -0.314973 -0.014426 4.352148
v -0.358048 -0.006307 4.375404
v -0.315683 0.000000 4.346215
v -0.359181 0.000000 4.373050
v -0.314973 0.014426 4.352148
v -0.358048 0.006307 4.375404
v -0.377576 0.000000 4.389183
v -0.316425 0.012289 4.265656
v -0.381914 0.008920 4.261649
v -0.319227 0.008690 4.273882
v -0.381907 0.006307 4.267956
v -0.320388 0.000000 4.277289
v -0.381905 0.000000 4.270568
v -0.319227 -0.008690 4.273882
v -0.381907 -0.006307 4.267956
v -0.316425 -0.012289 4.265656
v -0.381914 -0.008920 4.261649
v -0.313622 -0.008690 4.257431
v -0.381920 -0.006307 4.255342
v -0.312462 0.000000 4.254024
v -0.381923 0.000000 4.252729
v -0.313622 0.008690 4.257431
v -0.381920 0.006307 4.255342
v -0.405487 0.000000 4.259315
v -0.288076 0.017744 4.169261
v -0.337932 0.011162 4.137026
v -0.293691 0.012547 4.180482
v -0.340882 0.007648 4.144980
v -0.296016 0.000000 4.185130
v -0.342104 -0.000835 4.148274
v -0.293691 -0.012547 4.180482
v -0.340882 -0.009319 4.144980
v -0.288076 -0.017744 4.169261
v -0.337932 -0.012832 4.137026
v -0.282462 -0.012547 4.158041
v -0.334981 -0.009319 4.129072
v -0.280137 0.000000 4.153393
v -0.333759 -0.000835 4.125778
v -0.282462 0.012547 4.158041
v -0.334981 0.007648 4.129072
v -0.370550 0.000000 4.127401
v -0.222706 0.017744 4.075355
v -0.278436 0.011178 4.042487
v -0.228321 0.012547 4.086576
v -0.281185 0.007904 4.049897
v -0.230646 0.000000 4.091224
v -0.282324 0.000000 4.052967
v -0.228321 -0.012547 4.086576
v -0.281185 -0.007904 4.049897
v -0.222706 -0.017744 4.075355
v -0.278436 -0.011178 4.042487
v -0.217092 -0.012547 4.064135
v -0.275687 -0.007904 4.035076
v -0.214767 0.000000 4.059487
v -0.274549 0.000000 4.032007
v -0.217092 0.012547 4.064135
v -0.275687 0.007904 4.035076
v -0.317323 0.000000 4.033495
v -0.164893 0.017744 4.017956
v -0.185063 0.011178 3.975947
v -0.175775 0.012547 4.024201
v -0.191451 0.007904 3.980602
v -0.180282 0.000000 4.026789
v -0.194097 0.000000 3.982530
v -0.175775 -0.012547 4.024201
v -0.191451 -0.007904 3.980602
v -0.164893 -0.017744 4.017956
v -0.185063 -0.011178 3.975947
v -0.154011 -0.012547 4.011710
v -0.178676 -0.007904 3.971292
v -0.149504 0.000000 4.009123
v -0.176030 0.000000 3.969363
v -0.154011 0.012547 4.011710
v -0.178676 0.007904 3.971292
v -0.212495 0.000000 3.948979
v -0.348084 0.009944 4.257487
v -0.349482 0.006838 4.264754
v -0.350061 -0.000661 4.267764
v -0.349482 -0.008159 4.264754
v -0.348084 -0.011265 4.257487
v -0.346686 -0.008159 4.250221
v -0.346107 -0.000661 4.247211
v -0.346686 0.006838 4.250221
v 0.178178 -0.005301 4.032918
v 0.211388 -0.016407 4.044735
v 0.225145 -0.043219 4.049631
v 0.211388 -0.070032 4.044735
v 0.178178 -0.081138 4.032918
v 0.144967 -0.070032 4.021100
v 0.131211 -0.043219 4.016205
v 0.144967 -0.016407 4.021100
v 0.259202 -0.049774 3.804842
v 0.237486 -0.064955 3.942793
v 0.245983 -0.043073 3.945926
v 0.187965 -0.043073 3.924535
v 0.196461 -0.064955 3.927667
v 0.216974 -0.074019 3.935230
v 0.196461 -0.021190 3.927667
v 0.237486 -0.021190 3.942793
v 0.216974 -0.012126 3.935230
v 0.254534 -0.056426 3.849196
v 0.223831 -0.043194 3.841390
v 0.241788 -0.061853 3.845985
v 0.229139 -0.030038 3.842698
v 0.241886 -0.024611 3.845909
v 0.259843 -0.043271 3.850504
v 0.229070 -0.056372 3.842752
v 0.254604 -0.030092 3.849143
v 0.132843 -0.010264 4.141342
v 0.154794 -0.019916 4.149164
v 0.163886 -0.043219 4.152404
v 0.154794 -0.066522 4.149164
v 0.132843 -0.076175 4.141342
v 0.110892 -0.066522 4.133520
v 0.101799 -0.043219 4.130280
v 0.110892 -0.019916 4.133520
v 0.001940 -0.032925 4.454413
v 0.008785 -0.035940 4.456889
v 0.011620 -0.043219 4.457915
v 0.008785 -0.050499 4.456889
v 0.001940 -0.053514 4.454413
v -0.004905 -0.050499 4.451936
v -0.007741 -0.043219 4.450911
v -0.004905 -0.035940 4.451936
v 0.302530 -0.017381 4.144887
v 0.312033 -0.020874 4.153801
v 0.316218 -0.030421 4.157742
v 0.312633 -0.040429 4.154399
v 0.303379 -0.045035 4.145733
v 0.293877 -0.041542 4.136818
v 0.172899 -0.029710 4.291656
v 0.289692 -0.031996 4.132878
v 0.293276 -0.021988 4.136220
v 0.358214 -0.033622 4.072128
v 0.339154 -0.041841 4.123464
v 0.342952 -0.030447 4.125589
v 0.316965 -0.031826 4.107282
v 0.321092 -0.042810 4.110301
v 0.330283 -0.046958 4.117003
v 0.320320 -0.020440 4.109715
v 0.338381 -0.019472 4.122878
v 0.329191 -0.015323 4.116175
v 0.351866 -0.036843 4.090121
v 0.339341 -0.031585 4.083250
v 0.346833 -0.039498 4.087404
v 0.341270 -0.025653 4.084247
v 0.346303 -0.022998 4.086965
v 0.353796 -0.030911 4.091118
v 0.341645 -0.037320 4.084558
v 0.351491 -0.025177 4.089811
v 0.272946 -0.015456 4.174142
v 0.281368 -0.019599 4.181783
v 0.285145 -0.030570 4.185226
v 0.282065 -0.041941 4.182455
v 0.273933 -0.047052 4.175092
v 0.265511 -0.042909 4.167450
v 0.261733 -0.031939 4.164007
v 0.264813 -0.020567 4.166779
v 0.187905 -0.026769 4.273801
v 0.190528 -0.027981 4.275845
v 0.191706 -0.031189 4.276765
v 0.190747 -0.034514 4.276024
v 0.188215 -0.036009 4.274055
v 0.185591 -0.034797 4.272012
v 0.184414 -0.031589 4.271091
v 0.185372 -0.028264 4.271833
v 0.258747 -0.033446 3.804303
v 0.243228 -0.050324 3.801641
v 0.262283 -0.041496 3.805236
v 0.250666 -0.030340 3.802591
v 0.242773 -0.033997 3.801101
v 0.251309 -0.053431 3.803353
v 0.239692 -0.042275 3.800708
v -0.011628 -0.035283 4.485225
v -0.006350 -0.037607 4.487134
v -0.004165 -0.043219 4.487925
v -0.006350 -0.048831 4.487134
v -0.011628 -0.051156 4.485225
v -0.016905 -0.048831 4.483315
v -0.019091 -0.043219 4.482524
v -0.016905 -0.037607 4.483315
v -0.011628 -0.043219 4.485225
v 0.250988 -0.041885 3.802972
v 0.174379 -0.029419 4.287796
v 0.173913 -0.030879 4.287071
v 0.174027 -0.032520 4.287419
v 0.173973 -0.033562 4.290229
v 0.171547 -0.033217 4.294463
v 0.171896 -0.032203 4.295184
v 0.172035 -0.030937 4.294972
v 0.172550 -0.031556 4.291099
v 0.349984 -0.029350 4.071176
v 0.356468 -0.033958 4.068193
v 0.349043 -0.026607 4.076349
v 0.350789 -0.024972 4.080285
v 0.357273 -0.031377 4.077302
v 0.353060 -0.032189 4.067798
v 0.354197 -0.026899 4.080680
v 0.353628 -0.029872 4.074239
v -0.176070 -0.068821 3.246460
v -0.174037 0.068968 3.246120
v -0.176070 0.068822 3.246460
v -0.174303 0.060260 3.246003
v 0.149309 -0.021303 2.638478
v 0.151431 -0.016132 2.639994
v 0.146200 -0.019218 2.637203
v 0.154745 0.000000 2.640547
v 0.151431 0.016133 2.639994
v 0.148312 0.013983 2.638861
v 0.150245 0.000000 2.640547
v 0.005548 -0.106518 3.192028
v 0.134670 -0.019601 3.244243
v -0.049368 -0.106518 3.261733
v 0.114742 -0.019601 3.393171
v 0.054402 -0.090540 3.056301
v 0.132242 -0.022175 3.067169
v 0.099932 -0.060749 2.785891
v 0.127902 -0.018632 2.787727
v 0.153187 -0.006030 2.641248
v 0.132025 -0.013067 2.714880
v 0.118425 -0.042607 2.711529
v 0.070109 -0.080664 3.218135
v 0.024195 -0.080664 3.327452
v 0.095505 -0.068564 3.062040
v 0.115593 -0.046004 2.786919
v 0.126040 -0.032265 2.713405
v -0.035324 -0.066717 3.351399
v 0.014473 -0.084303 3.352299
v -0.070212 -0.047202 3.403112
v 0.032838 -0.047645 3.505704
v -0.085284 -0.077290 3.421317
v 0.008888 -0.082991 3.528704
v -0.099993 -0.077759 3.428614
v 0.001534 -0.067619 3.554729
v -0.126911 -0.057505 3.332197
v -0.139971 -0.070429 3.341979
v -0.172613 -0.063797 3.244947
v -0.174037 -0.068967 3.246120
v -0.148901 -0.070723 3.351607
v 0.146457 -0.016466 3.618793
v 0.127507 -0.023592 3.642974
v 0.111908 -0.021964 3.662909
v 0.039075 -0.067619 3.597500
v 0.056645 -0.067145 3.581115
v 0.074331 -0.031254 3.557124
v 0.084523 -0.016891 3.470023
v -0.107663 -0.056611 3.432929
v -0.017373 -0.046231 3.564910
v 0.021137 -0.046231 3.629012
v 0.107966 -0.022988 3.698509
v -0.000867 -0.087962 3.189683
v 0.150033 0.000001 3.242949
v -0.052521 -0.087782 3.256256
v 0.036702 -0.089171 3.053610
v 0.147444 0.000000 3.067243
v 0.092720 -0.052171 2.784635
v 0.136603 0.000000 2.787382
v 0.136348 0.000000 2.714040
v 0.112421 -0.037813 2.709651
v 0.063686 -0.062043 3.216405
v 0.022753 -0.061786 3.321747
v 0.085235 -0.063185 3.060851
v 0.108457 -0.037322 2.785979
v 0.148312 -0.013982 2.638861
v 0.120050 -0.027355 2.711807
v -0.034869 -0.047610 3.346331
v 0.015964 -0.057688 3.347297
v -0.072755 -0.041118 3.405045
v 0.030293 -0.037664 3.507967
v -0.081881 -0.042145 3.416560
v 0.007716 -0.039684 3.529916
v -0.090330 -0.041979 3.422087
v 0.003761 -0.030956 3.553044
v -0.131175 -0.048603 3.331637
v -0.139593 -0.048764 3.342556
v -0.174303 -0.060259 3.246003
v 0.036254 -0.043940 3.491028
v -0.147088 -0.051186 3.351799
v 0.026591 -0.058230 3.410317
v 0.040584 -0.035857 3.596180
v 0.055797 -0.044558 3.582113
v 0.097266 0.000001 3.469699
v -0.102022 -0.042374 3.428965
v -0.013814 -0.030848 3.562340
v 0.023104 -0.030454 3.627246
v 0.097271 -0.052786 3.624221
v 0.060429 -0.059551 3.658699
v 0.093229 -0.051568 3.646134
v 0.094619 -0.043965 3.683810
v 0.096527 -0.032406 3.625098
v 0.065112 -0.070019 3.625056
v 0.094505 -0.030974 3.644829
v 0.089172 -0.031728 3.688531
v 0.066481 -0.042672 3.624293
v 0.061565 -0.043721 3.662923
v 0.061288 -0.067079 3.586041
v 0.060452 -0.043986 3.587026
v -0.042346 -0.086618 3.306566
v 0.019334 -0.086867 3.339875
v 0.108893 -0.018881 3.418869
v -0.043695 -0.067696 3.301294
v 0.019358 -0.059737 3.334522
v 0.005548 0.106519 3.192028
v 0.134670 0.019602 3.244243
v -0.049368 0.106519 3.261733
v 0.114742 0.019602 3.393171
v 0.054402 0.090541 3.056301
v 0.132242 0.022176 3.067169
v 0.099932 0.060750 2.785891
v 0.127902 0.018633 2.787727
v 0.149309 0.021304 2.638478
v 0.153187 0.006031 2.641248
v 0.132025 0.013068 2.714880
v 0.118425 0.042608 2.711529
v 0.070109 0.080665 3.218135
v 0.024195 0.080665 3.327452
v 0.095505 0.068565 3.062040
v 0.115593 0.046005 2.786919
v 0.126040 0.032266 2.713405
v -0.035324 0.066718 3.351399
v 0.014473 0.084304 3.352299
v -0.070212 0.047203 3.403112
v 0.032838 0.047646 3.505704
v -0.085284 0.077291 3.421317
v 0.008888 0.082992 3.528704
v -0.099993 0.077760 3.428614
v 0.001534 0.067620 3.554729
v -0.126911 0.057506 3.332197
v -0.139971 0.070431 3.341979
v -0.172613 0.063798 3.244947
v -0.148901 0.070724 3.351607
v 0.146457 0.016468 3.618793
v 0.127507 0.023593 3.642974
v 0.111908 0.021965 3.662909
v 0.039075 0.067620 3.597500
v 0.056645 0.067146 3.581115
v 0.074331 0.031256 3.557124
v 0.084523 0.016892 3.470023
v -0.107663 0.056612 3.432929
v -0.017373 0.046233 3.564910
v 0.021137 0.046233 3.629012
v 0.107966 0.022989 3.698509
v -0.000867 0.087963 3.189683
v -0.052521 0.087783 3.256256
v 0.142724 0.000001 3.373009
v 0.036702 0.089172 3.053610
v 0.092720 0.052172 2.784635
v 0.146200 0.019219 2.637203
v 0.112421 0.037814 2.709651
v 0.063686 0.062044 3.216405
v 0.022753 0.061787 3.321747
v 0.085235 0.063186 3.060851
v 0.108457 0.037323 2.785979
v 0.120050 0.027356 2.711807
v -0.034869 0.047611 3.346331
v 0.015964 0.057689 3.347297
v -0.072755 0.041119 3.405045
v 0.030293 0.037665 3.507967
v -0.081881 0.042146 3.416560
v 0.007716 0.039685 3.529916
v -0.090330 0.041980 3.422087
v 0.003761 0.030957 3.553044
v -0.131175 0.048604 3.331637
v -0.139593 0.048765 3.342556
v 0.036254 0.043941 3.491028
v -0.147088 0.051187 3.351799
v 0.026591 0.058231 3.410317
v 0.161525 0.000001 3.618834
v 0.144304 0.000001 3.643758
v 0.130566 0.000001 3.661608
v 0.040584 0.035858 3.596180
v 0.055797 0.044560 3.582113
v 0.106721 0.000001 3.556381
v -0.102022 0.042375 3.428965
v -0.013814 0.030849 3.562340
v 0.023104 0.030455 3.627246
v 0.100941 0.000001 3.698240
v 0.097271 0.052787 3.624221
v 0.060429 0.059552 3.658699
v 0.093229 0.051569 3.646134
v 0.094619 0.043967 3.683810
v 0.096527 0.032407 3.625098
v 0.065112 0.070020 3.625056
v 0.094505 0.030975 3.644829
v 0.089172 0.031730 3.688531
v 0.066481 0.042673 3.624293
v 0.061565 0.043722 3.662923
v 0.061288 0.067080 3.586041
v 0.060452 0.043987 3.587026
v -0.042346 0.086619 3.306566
v 0.019334 0.086868 3.339875
v 0.108893 0.018882 3.418869
v -0.043695 0.067697 3.301294
v 0.019358 0.059738 3.334522
v 0.130499 0.000001 3.416049
v 0.117787 0.000001 3.698240
v 0.079967 -0.017384 3.508959
v 0.097142 0.000001 3.516151
v 0.080182 0.017117 3.507120
v 0.131018 -0.060490 1.079296
v 0.119724 0.040988 1.079474
v 0.131855 0.061099 1.076284
v 0.103024 0.000008 1.081256
v 0.131049 -0.035539 1.080125
v 0.142816 -0.054351 1.079024
v -0.021808 -0.086152 0.827651
v -0.033428 0.000000 0.841297
v -0.023342 0.071930 0.862799
v 0.099722 -0.042416 0.861745
v 0.118653 -0.037936 0.910390
v 0.180616 -0.059219 0.912790
v 0.135426 -0.038125 0.966920
v 0.147146 -0.056338 0.839839
v 0.142258 -0.059667 0.911841
v 0.160920 -0.058512 0.966323
v 0.137129 -0.050205 1.080336
v 0.099722 0.042416 0.861745
v 0.185278 0.038859 0.813601
v 0.118653 0.037936 0.910390
v 0.180616 0.059219 0.912790
v 0.135426 0.038125 0.966920
v 0.131049 0.035554 1.080125
v 0.092777 0.000000 0.871605
v 0.147146 0.056338 0.839839
v 0.142258 0.059667 0.911841
v 0.160920 0.058512 0.966323
v 0.137966 0.050814 1.077324
v 0.101997 0.000000 0.908342
v 0.111737 0.000000 0.965139
v 0.115806 0.000008 1.080785
v -0.023342 -0.071930 0.862799
v 0.084271 -0.071930 0.814239
v 0.117497 -0.071930 0.716338
v 0.154301 -0.071930 0.764655
v 0.161968 -0.065496 0.657043
v 0.204906 -0.065496 0.706382
v 0.173478 -0.065496 0.638704
v 0.239913 -0.065496 0.680249
v 0.227646 -0.039903 0.504274
v 0.262279 -0.039903 0.502594
v 0.262934 -0.055825 0.599525
v 0.205152 -0.055825 0.575279
v 0.256259 -0.023247 0.418581
v 0.244386 -0.023247 0.419319
v 0.091751 -0.051301 0.866344
v 0.190905 -0.050322 0.814341
v 0.032026 -0.071930 0.775130
v 0.051295 -0.071930 0.806248
v 0.190846 -0.071930 0.722573
v 0.109059 -0.046028 0.912861
v 0.181790 -0.071930 0.911973
v 0.124789 -0.046009 0.967880
v 0.180563 -0.073564 0.964112
v 0.119724 -0.040973 1.079474
v 0.142816 -0.066108 1.079024
v 0.119286 -0.071930 0.789447
v 0.086315 -0.071930 0.741896
v 0.147689 -0.069107 0.840342
v 0.138668 -0.071930 0.912417
v 0.156834 -0.071930 0.966516
v 0.013976 -0.071930 0.845959
v 0.005876 -0.071930 0.783816
v 0.069702 -0.086152 0.790847
v 0.135899 -0.086152 0.740497
v 0.183437 -0.078447 0.681712
v 0.206695 -0.078447 0.659476
v 0.248755 -0.047799 0.503434
v 0.234043 -0.066866 0.587402
v 0.250322 -0.027854 0.418950
v 0.046585 -0.078883 0.798642
v 0.170229 -0.078447 0.698045
v 0.102801 -0.086152 0.765672
v 0.009926 -0.086152 0.814888
v -0.020275 -0.071930 0.792502
v 0.212880 -0.065496 0.691583
v 0.055134 0.071930 0.767455
v 0.084271 0.071930 0.814239
v 0.117497 0.071930 0.716338
v 0.154301 0.071930 0.764655
v 0.161675 0.065508 0.656696
v 0.204906 0.065508 0.706382
v 0.173478 0.065508 0.638704
v 0.239913 0.065508 0.680249
v 0.228248 0.039968 0.504274
v 0.264053 0.039968 0.503037
v 0.262934 0.055857 0.599525
v 0.205152 0.055857 0.575279
v 0.262836 0.023348 0.418817
v 0.244386 0.023348 0.419319
v 0.091751 0.051301 0.866344
v 0.190905 0.050322 0.814341
v 0.032026 0.071930 0.775130
v 0.051295 0.071930 0.806248
v 0.190846 0.071930 0.722573
v 0.149612 0.065508 0.673517
v 0.109059 0.046028 0.912861
v 0.181790 0.071930 0.911973
v 0.124789 0.046010 0.967880
v 0.180563 0.073564 0.964112
v 0.142816 0.066123 1.079024
v -0.028841 0.000000 0.796658
v -0.040523 0.000000 0.873551
v 0.211144 0.000006 0.706382
v 0.256601 0.000006 0.685062
v 0.282546 0.000033 0.501436
v 0.285638 0.000016 0.599525
v 0.273906 0.000050 0.417573
v 0.081387 0.000000 0.877426
v 0.051295 0.000000 0.833344
v 0.211123 0.000000 0.722573
v 0.119286 0.071930 0.789447
v 0.086315 0.071930 0.741896
v 0.147689 0.069108 0.840342
v 0.138668 0.071930 0.912417
v 0.156834 0.071930 0.966516
v 0.204825 0.000000 0.811680
v 0.089703 0.000000 0.911876
v 0.099060 0.000000 0.966841
v 0.013976 0.071930 0.845959
v 0.005876 0.071930 0.783816
v 0.013976 0.000000 0.864787
v -0.021808 0.086152 0.827651
v 0.069702 0.086152 0.790847
v 0.135899 0.086152 0.740497
v 0.183437 0.078459 0.681712
v 0.206695 0.078459 0.659476
v 0.250503 0.047864 0.503104
v 0.234043 0.066898 0.587402
v 0.256888 0.027955 0.418847
v 0.046585 0.078883 0.798642
v 0.170229 0.078459 0.698045
v 0.102801 0.086152 0.765672
v 0.009926 0.086152 0.814888
v -0.020275 0.071930 0.792502
v 0.212880 0.065508 0.691583
v 0.227540 0.000006 0.691583
v 0.091644 0.000318 0.738793
v 0.227652 0.000366 0.506969
v 0.060463 0.000259 0.762070
v 0.148580 0.000406 0.677674
v 0.199763 0.000439 0.579435
v 0.037355 0.000215 0.774509
v 0.122825 0.000378 0.708806
v 0.171055 0.000447 0.642860
v 0.011205 0.000165 0.783274
v 0.243494 0.000247 0.422416
v 0.185278 -0.038859 0.813601
v 0.180563 -0.060482 0.964112
v 0.180563 0.060482 0.964112
v 0.142816 0.054366 1.079024
v 0.192108 0.000000 0.810306
v -0.018076 0.000000 0.873694
v 0.057583 -0.071624 0.764301
v 0.148041 -0.069191 0.677973
v 0.161081 0.000427 0.659380
v 0.133293 0.005127 2.713622
v 0.120239 0.011580 3.363402
v 0.133850 0.011628 3.237974
v 0.109670 0.011196 3.400770
v 0.131328 0.006995 2.787119
v 0.135785 0.011842 3.066045
v 0.082028 0.010812 3.446759
v 0.149883 0.002621 2.640231
v 0.135637 -0.010343 3.238524
v 0.137073 -0.010534 3.066177
v 0.131911 -0.006222 2.787148
v 0.133631 -0.004560 2.713668
v 0.122722 -0.010300 3.364463
v 0.083711 -0.009617 3.449292
v 0.111970 -0.009959 3.402457
v 0.149923 -0.002331 2.640265
v 0.128788 0.000000 2.714040
v 0.100823 0.000000 2.865803
v 0.112942 0.000000 3.067243
v 0.109606 0.000001 3.242949
v 0.255666 -0.016959 0.393305
v 0.246994 -0.016959 0.393844
v 0.251330 -0.020323 0.393574
v 0.260469 0.017073 0.393477
v 0.246994 0.017073 0.393844
v 0.268555 0.000057 0.392568
v 0.256125 0.020437 0.393499
v 0.246343 0.000201 0.396106
v 0.254059 0.000075 0.393777
v 0.145352 -0.040401 2.149316
v 0.161478 0.000000 2.153775
v 0.106421 -0.057136 2.138552
v 0.145352 0.040402 2.149316
v -0.062707 0.000000 2.818150
v 0.179128 0.059809 1.748996
v 0.220045 0.042291 1.759691
v 0.120229 0.046142 0.776783
v 0.203837 0.066244 1.292806
v 0.166320 0.032627 0.759351
v 0.250639 0.046842 1.294734
v 0.181360 0.000000 0.748870
v 0.270025 0.000000 1.295533
v 0.166320 -0.032627 0.759351
v 0.250639 -0.046842 1.294734
v 0.120229 -0.046142 0.776783
v 0.203837 -0.066244 1.292806
v 0.092649 -0.032627 0.794215
v 0.157035 -0.046842 1.290877
v 0.081225 0.000000 0.801435
v 0.137649 0.000000 1.290079
v 0.092649 0.032627 0.794215
v 0.157035 0.046842 1.290877
v 0.148039 0.063724 0.839373
v 0.188812 0.045060 0.813602
v 0.202789 0.000000 0.802928
v 0.188812 -0.045060 0.813602
v 0.148039 -0.063724 0.839373
v 0.107266 -0.045060 0.865143
v 0.090377 0.000000 0.875817
v 0.107266 0.045060 0.865143
v 0.236993 0.000000 1.764121
v 0.220045 -0.042291 1.759691
v 0.179128 -0.059809 1.748996
v 0.138212 -0.042291 1.738301
v 0.121263 0.000000 1.733871
v 0.138212 0.042291 1.738301
v 0.109787 0.062566 2.127161
v 0.152407 0.044241 2.139027
v 0.170061 0.000000 2.143941
v 0.152407 -0.044241 2.139027
v 0.109787 -0.062566 2.127161
v 0.067167 -0.044241 2.115295
v 0.049513 0.000000 2.110381
v 0.067167 0.044241 2.115295
v -0.005796 0.063958 2.830177
v 0.039420 0.045225 2.831086
v 0.058149 0.000000 2.831462
v 0.039420 -0.045225 2.831086
v -0.005796 -0.063958 2.830177
v -0.051013 -0.045225 2.829269
v -0.069742 0.000000 2.828893
v -0.051013 0.045225 2.829269
v 0.021678 0.063958 3.310974
v 0.066874 0.045225 3.309357
v 0.085595 0.000000 3.308687
v 0.066874 -0.045225 3.309357
v 0.021678 -0.063958 3.310974
v -0.023519 -0.045225 3.312592
v -0.042240 0.000000 3.313262
v -0.023519 0.045225 3.312592
v 0.001538 0.049362 3.405310
v 0.046516 0.045225 3.410036
v 0.065147 0.000000 3.411994
v 0.046516 -0.045225 3.410036
v 0.001538 -0.049362 3.405310
v -0.043439 -0.045225 3.400584
v -0.062070 0.000000 3.398627
v -0.043439 0.045225 3.400584
v 0.009467 0.043692 3.498714
v 0.029728 0.020616 3.492585
v 0.058625 0.000000 3.473361
v 0.014261 -0.024064 3.480787
v 0.009467 -0.043692 3.498714
v -0.025293 -0.039110 3.516641
v -0.039691 0.000000 3.524066
v -0.025293 0.039110 3.516641
v 0.064415 0.055310 3.625400
v 0.103478 0.039110 3.627325
v 0.119659 0.000000 3.628122
v 0.103478 -0.039110 3.627325
v 0.064415 -0.055310 3.625400
v 0.025352 -0.039110 3.623476
v 0.009172 0.000000 3.622678
v 0.025352 0.039110 3.623476
v -0.025992 0.030645 3.951263
v 0.034895 0.029186 3.956230
v 0.073176 0.000000 3.954411
v 0.034895 -0.029185 3.956229
v -0.025992 -0.030645 3.951263
v -0.086879 -0.029185 3.957855
v -0.128527 0.000000 3.956738
v -0.086879 0.029186 3.957855
v 0.179639 0.063761 1.021906
v 0.221218 0.045086 1.010790
v 0.238441 0.000000 1.006185
v 0.221218 -0.045086 1.010790
v 0.179639 -0.063761 1.021906
v 0.138059 -0.045086 1.033022
v 0.120836 0.000000 1.037626
v 0.138059 0.045086 1.033022
v 0.242335 -0.045125 1.532209
v 0.136538 0.000000 1.511855
v 0.242335 0.045125 1.532209
v 0.260487 0.000000 1.535701
v 0.198513 -0.063817 1.523778
v 0.154690 -0.045125 1.515347
v 0.154690 0.045125 1.515347
v 0.198513 0.063817 1.523778
v 0.067489 -0.040401 2.127787
v 0.067489 0.040402 2.127787
v 0.106421 0.057136 2.138552
v 0.051363 0.000000 2.123328
v 0.052787 0.000000 2.820672
v -0.004960 -0.057773 2.819411
v 0.035873 0.040852 2.820302
v 0.035873 -0.040852 2.820302
v -0.045793 -0.040852 2.818519
v -0.045793 0.040852 2.818519
v -0.004960 0.057773 2.819411
v -0.002386 -0.000739 3.700291
v 0.014704 -0.040975 3.729044
v 0.030750 0.056163 3.760586
v 0.014704 0.039497 3.729044
v 0.056701 0.039497 3.797081
v 0.056701 -0.040975 3.797081
v 0.077504 -0.000739 3.818406
v 0.030750 -0.057641 3.760586
v -0.021055 -0.038867 3.803755
v -0.021055 0.039354 3.803755
v 0.039925 0.000168 3.894813
v -0.007868 -0.055067 3.857841
v -0.022939 0.000243 3.745900
v -0.007868 0.055554 3.857841
v 0.013984 0.039354 3.879001
v 0.013984 -0.038867 3.879001
v 0.086233 0.000000 3.361190
v 0.069343 0.034947 3.360608
v 0.028567 -0.057842 3.359202
v 0.069343 -0.034947 3.360608
v -0.029098 0.000000 3.357214
v -0.012208 -0.040901 3.357797
v 0.028567 0.057843 3.359202
v -0.012208 0.040901 3.357797
v -0.018920 0.000000 3.762551
v -0.004496 0.046256 3.850509
v 0.014185 0.032708 3.868763
v 0.014186 -0.032708 3.868763
v -0.016613 -0.032708 3.807308
v -0.016613 0.032708 3.807308
v 0.034875 0.000000 3.880038
v -0.004496 -0.046256 3.850509
v 0.003983 0.000000 3.711721
v 0.026897 0.045050 3.769769
v 0.046615 0.031855 3.799326
v 0.046615 -0.031855 3.799326
v 0.017632 -0.031855 3.741892
v 0.017632 0.031855 3.741892
v 0.066182 0.000000 3.818070
v 0.026897 -0.045050 3.769769
v -0.040443 -0.038938 3.845630
v -0.040443 0.039282 3.845630
v -0.013206 -0.055138 3.883545
v -0.051847 0.000172 3.805972
v -0.013206 0.055482 3.883545
v 0.020143 0.039282 3.898234
v 0.020143 -0.038938 3.898234
v -0.066950 -0.039036 3.902880
v -0.066950 0.039184 3.902880
v -0.020505 -0.047210 3.918689
v -0.091369 0.000074 3.888103
v -0.020505 0.047358 3.918689
v 0.028564 0.039184 3.924529
v 0.028564 -0.039036 3.924529
v 0.036789 -0.013776 3.904714
v 0.045006 -0.013819 3.927853
v 0.036921 0.013921 3.904765
v 0.045137 0.013765 3.927880
v 0.055916 0.005316 3.903165
v 0.055882 -0.000308 3.902995
v 0.056166 -0.000406 3.927882
v 0.056107 0.005215 3.927697
v 0.055809 -0.005330 3.903074
v 0.055991 -0.005428 3.927628
v 0.046299 -0.010162 3.903894
v 0.050499 -0.009525 3.927741
v 0.050622 0.009391 3.927789
v 0.046654 -0.000268 3.903515
v 0.046418 0.010227 3.903965
v 0.052036 -0.000291 3.896506
v 0.055882 -0.000308 3.896289
v 0.055809 -0.002214 3.898560
v 0.055916 0.001543 3.898651
v 0.052298 -0.004159 3.898862
v 0.049962 0.002603 3.897593
v 0.002525 -0.000393 3.663182
v 0.035052 0.056258 3.743259
v 0.062105 0.039581 3.777848
v 0.062105 -0.040891 3.777848
v 0.017687 -0.040756 3.697443
v 0.017687 0.039717 3.697443
v 0.082447 -0.000655 3.796897
v 0.035052 -0.057547 3.743259
v 0.004253 -0.000347 3.659847
v 0.035973 0.054684 3.739956
v 0.062644 0.038475 3.772644
v 0.062644 -0.039746 3.772644
v 0.018635 -0.039884 3.692748
v 0.018635 0.038920 3.692748
v 0.082312 -0.000636 3.790639
v 0.035973 -0.055936 3.739956
v 0.003321 0.063958 2.989727
v -0.041889 0.045225 2.989656
v 0.048530 0.045225 2.989797
v 0.048530 -0.045225 2.989797
v 0.067257 0.000000 2.989826
v -0.041889 -0.045225 2.989656
v 0.003321 -0.063958 2.989727
v -0.060616 0.000000 2.989627
v -0.039247 0.045225 3.036104
v 0.069894 0.000000 3.035687
v 0.005961 -0.063958 3.035931
v -0.057972 0.000000 3.036175
v 0.005961 0.063958 3.035931
v 0.051169 0.045225 3.035758
v 0.051169 -0.045225 3.035758
v -0.039247 -0.045225 3.036104
v 0.004641 0.071723 3.012829
v 0.055338 0.050716 3.012772
v 0.055338 -0.050715 3.012772
v -0.046056 -0.050715 3.012886
v -0.046056 0.050716 3.012886
v 0.076337 0.000000 3.012748
v 0.004641 -0.071722 3.012829
v -0.067055 0.000000 3.012910
v -0.017979 -0.071851 0.794688
v 0.029923 -0.071933 0.762595
v 0.083509 -0.071823 0.725442
v 0.130512 -0.064894 0.677531
v 0.178152 -0.050014 0.608306
v 0.205518 -0.028531 0.504680
v 0.208828 -0.016019 0.393369
v 0.199872 -0.012802 0.562441
v -0.019208 0.000000 0.756828
v 0.016817 0.000000 0.743022
v -0.012514 0.000037 0.805971
v 0.042629 0.000099 0.791787
v 0.070728 0.000000 0.711079
v 0.101242 0.002779 0.753571
v 0.116922 0.000000 0.661871
v 0.148899 0.002798 0.696765
v 0.163538 -0.000013 0.598868
v 0.191916 0.000132 0.617529
v 0.193177 -0.000002 0.502305
v 0.217740 -0.000054 0.507164
v 0.198387 0.000016 0.394155
v 0.215532 -0.000103 0.392748
v 0.201744 0.006571 0.563329
v 0.182714 -0.038107 0.554121
v -0.018250 0.071809 0.794637
v 0.029917 0.071947 0.762563
v 0.083430 0.071858 0.725338
v 0.130390 0.064938 0.677428
v 0.178006 0.050080 0.608242
v 0.205359 0.028590 0.504640
v 0.208663 0.016088 0.393373
v 0.200971 -0.021987 0.560891
v -0.019301 -0.072460 0.768025
v 0.023080 -0.058085 0.752266
v 0.076707 -0.048939 0.717823
v 0.123205 -0.039266 0.669362
v 0.170211 -0.028106 0.603364
v 0.196599 -0.014628 0.503483
v 0.199073 -0.008946 0.393866
v 0.204825 0.002568 0.352477
v 0.036386 0.035827 0.779466
v 0.089815 0.035779 0.750394
v 0.137190 0.032261 0.685420
v 0.185231 0.025856 0.613063
v 0.213551 0.014905 0.505988
v 0.212329 0.009307 0.393049
v 0.188839 0.008853 0.353670
v -0.015406 0.036025 0.801175
v 0.036383 -0.035850 0.779458
v 0.089805 -0.035808 0.750389
v 0.137189 -0.032289 0.685407
v 0.181099 -0.025889 0.613061
v 0.213580 -0.014808 0.505998
v 0.212341 -0.009284 0.393060
v 0.197796 0.015620 0.353102
v -0.015145 -0.036031 0.801238
v -0.019355 0.072383 0.768020
v 0.023099 0.058096 0.752261
v 0.076719 0.048973 0.717821
v 0.123220 0.039315 0.669357
v 0.167954 0.035497 0.609625
v 0.196629 0.014811 0.503458
v 0.199588 0.009253 0.393839
v 0.192456 0.012349 0.353451
v 0.201487 -0.009828 0.352725
v 0.204711 -0.000567 0.352405
v 0.188294 -0.009430 0.353727
v 0.188614 -0.014741 0.353391
v 0.187608 -0.000454 0.354019
v 0.203747 -0.006368 0.352566
v 0.197974 -0.016512 0.353087
v 0.201502 0.008839 0.352712
v 0.188069 0.005093 0.324932
v 0.020527 -0.070730 0.759657
v 0.073835 -0.067971 0.723029
v 0.120560 -0.059968 0.675037
v 0.167876 -0.045520 0.606709
v 0.194939 -0.025325 0.504275
v 0.199378 -0.014236 0.393595
v 0.193444 -0.003711 0.324573
v 0.033487 0.010190 0.788760
v 0.090814 0.012291 0.752780
v 0.138398 0.011428 0.693951
v 0.182662 0.007655 0.616432
v 0.216600 0.004613 0.506883
v 0.215646 0.003055 0.392826
v 0.194048 0.000500 0.324548
v -0.026373 -0.074327 0.787847
v -0.021257 0.010211 0.804599
v 0.186182 -0.007609 0.324989
v 0.186282 0.003426 0.325085
v 0.192440 -0.005298 0.324612
v 0.036451 -0.020063 0.785632
v 0.092486 -0.018666 0.751982
v 0.139999 -0.016839 0.691076
v 0.183450 -0.014845 0.615294
v 0.212623 -0.008830 0.506596
v 0.214728 -0.005848 0.392913
v 0.192451 0.003393 0.324612
v 0.023397 0.068941 0.757178
v 0.076773 0.063725 0.721247
v 0.123415 0.054774 0.673102
v 0.170511 0.044853 0.608722
v 0.197530 0.022331 0.503996
v 0.203163 0.012753 0.393647
v 0.186036 -0.005033 0.325060
v 0.190687 0.006686 0.324882
v -0.016989 -0.020170 0.803581
v -0.022010 0.076487 0.781215
v 0.193957 -0.000999 0.324484
v 0.185702 -0.000926 0.325220
v 0.190843 -0.008505 0.324858
v 0.184545 0.027296 0.554818
v 0.185497 -0.022993 0.552175
v 0.202156 0.021918 0.560850
v 0.194805 0.042467 0.556035
v 0.193557 -0.042407 0.556876
v 0.181026 0.000110 0.547991
v 0.207051 -0.000055 0.565069
v 0.186574 0.036407 0.554830
v 0.170404 0.001481 0.657157
v 0.140254 0.000000 0.630325
v 0.154300 -0.057474 0.642883
v 0.154141 0.057523 0.642794
v 0.166648 0.029035 0.649271
v 0.146733 -0.033703 0.636318
v 0.145604 0.037407 0.639461
v 0.164587 -0.029070 0.649254
v 0.144213 -0.052718 0.640848
v 0.160529 0.009544 0.655202
v 0.161721 -0.015836 0.653204
v 0.146960 0.049778 0.640882
v 0.085436 -0.039847 2.365652
v 0.101525 0.000000 2.368792
v 0.007750 -0.039847 2.350490
v 0.046593 -0.056352 2.358071
v 0.007750 0.039847 2.350490
v -0.008340 0.000000 2.347350
v 0.085436 0.039847 2.365652
v 0.046593 0.056352 2.358071
v 0.145352 -0.040401 2.149316
v 0.161478 0.000000 2.153775
v 0.106421 -0.057136 2.138552
v 0.145352 0.040402 2.149316
v -0.062707 0.000000 2.818150
v 0.052768 -0.040349 2.578846
v -0.027329 -0.040349 2.580970
v -0.027329 0.040349 2.580969
v 0.012720 0.057063 2.579908
v 0.069357 0.000000 2.578406
v 0.012720 -0.057062 2.579908
v -0.043918 0.000000 2.581409
v 0.052768 0.040349 2.578846
v 0.067489 -0.040401 2.127787
v 0.067489 0.040402 2.127787
v 0.106421 0.057136 2.138552
v 0.051363 0.000000 2.123328
v 0.052787 0.000000 2.820672
v -0.004960 -0.057773 2.819411
v 0.035873 0.040852 2.820302
v 0.035873 -0.040852 2.820302
v -0.045793 -0.040852 2.818519
v -0.045793 0.040852 2.818519
v -0.004960 0.057773 2.819411
v 0.209002 0.028537 4.127053
v 0.228586 0.040357 4.106298
v 0.054941 0.045228 3.986082
v -0.105942 0.045228 3.987297
v 0.048921 0.031981 4.017491
v -0.096100 0.031981 4.017725
v 0.046428 0.000001 4.030501
v -0.092023 0.000001 4.030329
v 0.048921 -0.031980 4.017491
v -0.096100 -0.031980 4.017725
v 0.054941 -0.045226 3.986082
v -0.105942 -0.045226 3.987297
v 0.060961 -0.031980 3.954674
v -0.115784 -0.031980 3.956868
v 0.063455 0.000001 3.941664
v -0.119861 0.000001 3.944265
v 0.060961 0.031981 3.954674
v -0.115784 0.031981 3.956868
v 0.200891 0.000001 4.135651
v 0.209002 -0.028535 4.127053
v 0.228586 -0.040355 4.106298
v 0.248170 -0.028535 4.085543
v 0.256282 0.000001 4.076945
v 0.248170 0.028537 4.085543
v 0.095799 0.000001 4.049485
v 0.099548 0.031641 4.037689
v 0.108599 0.044747 4.009211
v 0.117007 -0.029272 3.982670
v 0.108429 -0.041840 4.010172
v 0.099548 -0.031640 4.037689
v 0.117649 0.031641 3.980732
v 0.121398 0.000001 3.968936
v 0.306263 -0.000196 4.410016
v 0.323187 -0.021047 4.292243
v 0.330181 0.000001 4.290799
v 0.289416 0.021048 4.299214
v 0.282422 0.000001 4.300658
v 0.323187 0.021048 4.292243
v 0.306301 -0.029765 4.295729
v 0.306301 0.029767 4.295729
v 0.289416 -0.021047 4.299214
v 0.307063 -0.026312 4.178944
v 0.267897 0.026313 4.202440
v 0.287480 -0.037211 4.190692
v 0.287480 0.037212 4.190692
v 0.267897 -0.026312 4.202440
v 0.315174 0.000001 4.174078
v 0.259785 0.000001 4.207305
v 0.307063 0.026313 4.178944
v 0.312416 0.000001 4.392140
v 0.288856 0.000001 4.387534
v 0.308966 0.010286 4.391466
v 0.308966 -0.010284 4.391466
v 0.292306 0.010286 4.388208
v 0.300636 -0.014545 4.389837
v 0.300636 0.014546 4.389837
v 0.292306 -0.010284 4.388208
v -0.180014 0.041900 4.027369
v -0.162126 0.029628 4.050986
v -0.154716 0.000001 4.060769
v -0.162126 -0.029627 4.050986
v -0.180014 -0.041899 4.027369
v -0.197903 -0.029627 4.003751
v -0.205312 0.000001 3.993968
v -0.197903 0.029628 4.003751
v -0.027929 0.045228 3.980618
v -0.027929 0.031981 4.012599
v -0.027929 0.000001 4.025845
v -0.027929 -0.031980 4.012599
v -0.027929 -0.045226 3.980618
v -0.027929 -0.031980 3.948638
v -0.027929 0.000001 3.935391
v -0.027929 0.031981 3.948638
v -0.273516 0.035512 4.140298
v -0.254101 0.025111 4.156223
v -0.246059 0.000001 4.162820
v -0.254101 -0.025110 4.156223
v -0.273516 -0.035511 4.140298
v -0.292930 -0.025110 4.124373
v -0.300972 0.000001 4.117777
v -0.292930 0.025111 4.124373
v -0.208933 -0.027386 4.093535
v -0.201043 0.000001 4.101577
v -0.208933 0.027388 4.093535
v -0.227979 0.038732 4.074119
v -0.247026 0.027388 4.054703
v -0.254915 0.000001 4.046661
v -0.247026 -0.027386 4.054703
v -0.227979 -0.038730 4.074119
v -0.312373 0.027923 4.281157
v -0.292632 0.019745 4.280849
v -0.284454 0.000001 4.280721
v -0.292632 -0.019743 4.280849
v -0.312373 -0.027921 4.281157
v -0.332114 -0.019743 4.281466
v -0.340292 0.000001 4.281594
v -0.332114 0.019745 4.281466
v -0.302659 -0.032807 4.205871
v -0.281197 -0.023198 4.210210
v -0.272308 0.000001 4.212008
v -0.281197 0.023199 4.210210
v -0.324120 0.023199 4.201531
v -0.333010 0.000001 4.199734
v -0.324120 -0.023198 4.201531
v -0.302659 0.032809 4.205871
v -0.303106 0.018721 4.410634
v -0.291047 0.013238 4.405782
v -0.286052 0.000001 4.403772
v -0.291047 -0.013237 4.405782
v -0.303106 -0.018720 4.410634
v -0.315164 -0.013237 4.415485
v -0.320159 0.000001 4.417495
v -0.315164 0.013238 4.415485
v -0.268036 0.002772 4.495389
v -0.285049 0.001120 4.472172
v -0.281843 -0.008299 4.470335
v -0.274103 -0.012200 4.465899
v -0.266363 -0.008299 4.461463
v -0.263157 0.001120 4.459625
v -0.266363 0.010539 4.461463
v -0.281843 0.010539 4.470335
v -0.274103 0.014441 4.465899
v -0.333830 -0.016976 4.332121
v -0.317230 -0.024007 4.329730
v -0.300630 -0.016976 4.327338
v -0.293754 0.000001 4.326347
v -0.300630 0.016977 4.327338
v -0.317230 0.024009 4.329730
v -0.333830 0.016977 4.332121
v -0.340707 0.000001 4.333112
v 0.126872 -0.035655 4.041883
v 0.134221 -0.015341 3.984461
v 0.156405 0.043322 4.043458
v 0.167635 0.030677 4.016528
v 0.144832 0.030592 4.070133
v 0.138396 0.000001 4.079727
v 0.139786 0.000001 4.080971
v 0.146259 0.030546 4.071399
v 0.135974 -0.016933 3.996166
v 0.126395 -0.028924 4.021641
v 0.169425 0.030630 4.018062
v 0.135815 -0.030789 4.044945
v 0.149142 -0.011700 3.998561
v 0.158009 0.043256 4.044855
v 0.238859 -0.021268 4.172004
v 0.248586 0.001376 4.195407
v 0.259549 -0.038702 4.150668
v 0.283091 -0.023097 4.129997
v 0.294491 0.000001 4.139965
v 0.298552 0.000001 4.146663
v 0.251641 0.000001 4.197397
v 0.246406 -0.018666 4.173770
v 0.263718 -0.030002 4.155682
v 0.282713 -0.018774 4.139567
v 0.294718 -0.006101 4.407759
v 0.299500 0.008155 4.408694
v 0.299500 -0.008547 4.408694
v 0.294718 0.005709 4.407759
v 0.304283 -0.006101 4.409629
v 0.304283 0.005709 4.409629
v 0.292737 -0.000196 4.407372
v -0.261750 0.010421 4.491787
v -0.266195 0.008181 4.494334
v -0.257305 0.008181 4.489240
v -0.255464 0.002772 4.488183
v -0.257305 -0.002637 4.489240
v -0.261750 -0.004878 4.491787
v -0.266195 -0.002637 4.494334
v -0.253136 0.008229 4.506713
v -0.017979 -0.071851 0.794688
v -0.019208 0.000000 0.756828
v -0.012514 0.000037 0.805971
v -0.018250 0.071809 0.794637
v -0.019301 -0.072460 0.768025
v -0.015406 0.036025 0.801175
v -0.015145 -0.036031 0.801238
v -0.019355 0.072383 0.768020
v -0.018827 0.000016 0.779730
v 0.188069 0.005093 0.324932
v 0.193444 -0.003711 0.324573
v 0.194048 0.000500 0.324548
v -0.026373 -0.074327 0.787847
v -0.021257 0.010211 0.804599
v 0.186182 -0.007609 0.324989
v -0.024187 -0.027322 0.795596
v 0.186282 0.003426 0.325085
v 0.192440 -0.005298 0.324612
v 0.192451 0.003393 0.324612
v 0.186036 -0.005033 0.325060
v -0.020428 0.018426 0.790062
v 0.190687 0.006686 0.324882
v -0.016989 -0.020170 0.803581
v -0.022010 0.076487 0.781215
v 0.193957 -0.000999 0.324484
v 0.185702 -0.000926 0.325220
v 0.190843 -0.008505 0.324858
v -0.025874 -0.010078 0.799987
v 0.189850 -0.001104 0.324572
v 0.306263 -0.000196 4.410016
v 0.294718 -0.006101 4.407759
v 0.299500 0.008155 4.408694
v 0.299500 -0.008547 4.408694
v 0.294718 0.005709 4.407759
v 0.304283 -0.006101 4.409629
v 0.304283 0.005709 4.409629
v 0.292737 -0.000196 4.407372
v 0.296492 0.000087 4.411523
vn -0.0102 -0.9936 0.1123
vn 0.0543 -0.9940 0.0951
vn 0.5369 -0.0000 0.8436
vn 0.3841 -0.0000 0.9233
vn -0.5557 -0.0000 -0.8314
vn -0.6936 -0.0000 -0.7203
vn 0.0676 -0.9961 0.0563
vn -0.7761 -0.0000 -0.6306
vn 0.0761 -0.9957 0.0535
vn -0.8521 -0.0000 -0.5234
vn 0.1099 -0.9929 0.0459
vn -0.9132 -0.0000 -0.4076
vn 0.1427 -0.9897 -0.0104
vn -0.9599 -0.0000 -0.2805
vn 0.2253 -0.9651 -0.1338
vn -0.8043 -0.0000 -0.5942
vn 0.1744 -0.7512 -0.6367
vn 0.9982 -0.0000 0.0595
vn 0.6813 -0.0000 -0.7320
vn 0.9428 -0.0000 0.3334
vn 0.8609 -0.0000 0.5088
vn 0.7790 -0.0000 0.6270
vn 0.7069 -0.0000 0.7073
vn -0.4740 -0.0000 -0.8805
vn -0.0102 0.9936 0.1123
vn 0.0543 0.9940 0.0951
vn 0.0676 0.9961 0.0563
vn 0.0761 0.9957 0.0535
vn 0.1099 0.9929 0.0459
vn 0.1427 0.9897 -0.0104
vn 0.2253 0.9651 -0.1338
vn 0.1744 0.7512 -0.6367
vn -0.0176 0.9993 -0.0341
vn -0.0200 0.9998 0.0010
vn 0.4592 0.7669 0.4483
vn 0.3266 0.7907 0.5178
vn 0.7240 -0.0000 0.6898
vn 0.5433 -0.0000 0.8396
vn 0.4592 -0.7669 0.4483
vn 0.3266 -0.7907 0.5178
vn -0.0200 -0.9998 0.0010
vn -0.0176 -0.9993 -0.0341
vn -0.4846 -0.7515 -0.4476
vn -0.3305 -0.7448 -0.5797
vn -0.7268 -0.0000 -0.6869
vn -0.4870 -0.0000 -0.8734
vn -0.4846 0.7515 -0.4476
vn -0.3305 0.7448 -0.5797
vn 0.5138 -0.7810 0.3549
vn -0.0370 -0.9993 0.0084
vn -0.5780 0.7488 -0.3244
vn -0.0370 0.9993 0.0084
vn -0.5780 -0.7488 -0.3244
vn 0.5138 0.7810 0.3549
vn 0.8301 -0.0000 0.5576
vn -0.8664 -0.0000 -0.4994
vn -0.0479 0.7414 -0.6694
vn 0.0426 0.9979 -0.0481
vn -0.1027 -0.0000 -0.9947
vn -0.0479 -0.7414 -0.6694
vn 0.0426 -0.9979 -0.0481
vn 0.1316 -0.7898 0.5991
vn 0.1816 -0.0000 0.9834
vn 0.1316 0.7898 0.5991
vn 0.5859 -0.7778 0.2275
vn 0.9390 -0.0000 0.3440
vn 0.9902 -0.0000 0.1395
vn 0.6320 -0.7693 0.0936
vn 0.5859 0.7778 0.2275
vn -0.0313 0.9992 0.0232
vn -0.0235 0.9997 0.0100
vn 0.6320 0.7693 0.0936
vn -0.6358 0.7515 -0.1760
vn -0.6629 0.7454 -0.0705
vn -0.9590 -0.0000 -0.2835
vn -0.6358 -0.7515 -0.1760
vn -0.6629 -0.7454 -0.0705
vn -0.9933 -0.0000 -0.1160
vn -0.0313 -0.9992 0.0232
vn -0.0235 -0.9997 0.0100
vn -0.0182 -0.9997 0.0163
vn 0.6391 -0.7685 -0.0300
vn 0.6402 -0.7619 -0.0983
vn 0.0111 -0.9973 0.0727
vn 0.9988 -0.0000 -0.0496
vn 0.6391 0.7685 -0.0300
vn 0.6402 0.7619 -0.0983
vn 0.9829 -0.0000 -0.1843
vn -0.6635 0.7447 0.0719
vn -0.9946 -0.0000 0.1042
vn -0.9305 -0.0000 0.3663
vn -0.6080 0.7501 0.2601
vn -0.6635 -0.7447 0.0719
vn -0.6080 -0.7501 0.2601
vn -0.0182 0.9997 0.0163
vn 0.0111 0.9973 0.0727
vn -0.5514 -0.7555 0.3538
vn 0.0279 -0.9968 0.0747
vn -0.0110 -0.9991 0.0420
vn -0.5070 -0.7390 0.4436
vn 0.6205 -0.7632 -0.1804
vn 0.9508 -0.0000 -0.3098
vn 0.8211 0.0008 -0.5708
vn 0.5152 -0.7798 -0.3558
vn 0.6205 0.7632 -0.1804
vn 0.0279 0.9968 0.0747
vn -0.0064 0.9989 0.0457
vn 0.5179 0.7797 -0.3520
vn -0.5514 0.7555 0.3538
vn -0.5035 0.7400 0.4459
vn -0.8594 -0.0000 0.5113
vn -0.7555 0.0009 0.6552
vn -0.3468 0.7414 0.5745
vn -0.5321 -0.0043 0.8467
vn 0.3004 -0.0249 0.9535
vn 0.4281 0.5509 0.7164
vn 0.4503 -0.7537 -0.4787
vn 0.6662 -0.0028 -0.7458
vn 0.9198 -0.0144 -0.3922
vn 0.8122 -0.5562 -0.1760
vn -0.3395 -0.7473 0.5713
vn 0.4050 -0.5952 0.6941
vn 0.0478 -0.9981 0.0395
vn 0.6164 -0.7506 0.2379
vn 0.0382 0.9984 0.0423
vn 0.6428 0.7218 0.2567
vn 0.4464 0.7543 -0.4815
vn 0.8305 0.5296 -0.1726
vn 0.0097 -0.0000 1.0000
vn 0.0253 0.7554 0.6547
vn 0.0946 -0.7582 -0.6452
vn 0.0582 -0.9983 0.0034
vn 0.0582 0.9983 0.0034
vn 0.0946 0.7582 -0.6452
vn 0.0253 -0.7554 0.6547
vn 0.1161 -0.0000 -0.9932
vn 0.9527 -0.0556 0.2987
vn -0.2291 0.9734 0.0097
vn -0.2646 0.9596 0.0959
vn -0.0591 0.6897 0.7216
vn -0.0401 0.7468 0.6638
vn 0.0350 -0.0000 0.9994
vn 0.0621 -0.0000 0.9981
vn -0.0591 -0.6897 0.7216
vn -0.0401 -0.7468 0.6638
vn -0.2646 -0.9596 0.0958
vn -0.2291 -0.9734 0.0097
vn -0.4946 -0.6893 -0.5293
vn -0.4430 -0.6699 -0.5958
vn -0.5923 -0.0000 -0.8057
vn -0.5277 -0.0000 -0.8494
vn -0.4946 0.6893 -0.5293
vn -0.4430 0.6699 -0.5958
vn -0.9359 -0.0000 0.3523
vn -0.0520 0.9970 -0.0565
vn -0.1857 0.9823 0.0243
vn -0.1702 0.6816 0.7116
vn -0.0937 0.7301 0.6769
vn -0.1679 0.0024 0.9858
vn -0.1078 -0.0052 0.9942
vn -0.1834 -0.6780 0.7118
vn -0.0942 -0.7338 0.6728
vn -0.2052 -0.9785 0.0226
vn -0.0515 -0.9973 -0.0529
vn -0.2140 -0.6963 -0.6851
vn 0.0041 -0.6846 -0.7289
vn -0.2092 0.0025 -0.9779
vn 0.0294 -0.0045 -0.9996
vn -0.2003 0.7015 -0.6839
vn 0.0026 0.6785 -0.7346
vn -0.9962 -0.0000 -0.0873
vn -0.1159 0.9929 -0.0247
vn -0.1766 0.9785 -0.1064
vn -0.4792 0.7007 0.5285
vn -0.4844 0.6799 0.5505
vn -0.6090 -0.0043 0.7932
vn -0.6238 0.0030 0.7816
vn -0.4811 -0.7037 0.5228
vn -0.4702 -0.6792 0.5635
vn -0.1823 -0.9774 -0.1074
vn -0.0906 -0.9958 -0.0128
vn 0.1041 -0.6840 -0.7220
vn 0.3015 -0.7182 -0.6271
vn 0.2219 -0.0040 -0.9751
vn 0.4580 0.0035 -0.8889
vn 0.1100 0.6800 -0.7249
vn 0.2813 0.7215 -0.6327
vn -0.9569 0.0221 -0.2895
vn -0.1009 0.9945 -0.0284
vn -0.1563 0.9827 -0.0993
vn -0.4272 0.7128 0.5562
vn -0.4535 0.6878 0.5669
vn -0.5442 -0.0000 0.8389
vn -0.5944 -0.0000 0.8042
vn -0.4272 -0.7128 0.5562
vn -0.4535 -0.6878 0.5669
vn -0.1563 -0.9827 -0.0993
vn -0.1009 -0.9945 -0.0284
vn 0.1012 -0.6805 -0.7258
vn 0.2643 -0.7146 -0.6477
vn 0.2047 -0.0000 -0.9788
vn 0.4177 -0.0000 -0.9086
vn 0.1012 0.6805 -0.7258
vn 0.2643 0.7146 -0.6477
vn -0.9724 -0.0000 -0.2334
vn -0.0896 0.9896 -0.1124
vn -0.0861 0.9774 -0.1930
vn -0.6685 0.7132 0.2107
vn -0.7087 0.6814 0.1827
vn -0.9221 -0.0000 0.3868
vn -0.9542 -0.0000 0.2992
vn -0.6685 -0.7132 0.2107
vn -0.7087 -0.6814 0.1827
vn -0.0861 -0.9774 -0.1930
vn -0.0896 -0.9896 -0.1124
vn 0.4649 -0.6740 -0.5742
vn 0.5581 -0.7138 -0.4231
vn 0.6862 -0.0000 -0.7274
vn 0.8318 -0.0000 -0.5550
vn 0.4649 0.6740 -0.5742
vn 0.5581 0.7138 -0.4231
vn -0.7050 -0.0000 -0.7092
vn 0.1153 0.6956 -0.7091
vn -0.0649 0.9972 -0.0370
vn 0.1986 0.0046 -0.9801
vn 0.1431 -0.6920 -0.7076
vn -0.0261 -0.9993 -0.0264
vn -0.2144 -0.7110 0.6697
vn -0.3047 0.0050 0.9524
vn -0.2413 0.7149 0.6562
vn -0.9249 -0.0084 -0.3801
vn -0.6476 0.7003 -0.3005
vn -0.3732 0.5016 -0.7804
vn -0.5687 -0.0174 -0.8224
vn 0.7807 0.6233 0.0459
vn 0.9955 -0.0002 0.0948
vn 0.8504 0.0045 -0.5262
vn 0.6389 0.5170 -0.5697
vn -0.6310 -0.7079 -0.3173
vn -0.3493 -0.5222 -0.7780
vn 0.0382 0.9914 -0.1253
vn 0.1295 0.7259 -0.6755
vn 0.0519 -0.9872 -0.1505
vn 0.1526 -0.7232 -0.6736
vn 0.7849 -0.6191 0.0259
vn 0.6474 -0.5065 -0.5695
vn 0.0058 0.9999 -0.0101
vn 0.6338 0.7344 0.2427
vn 0.7474 0.6554 0.1090
vn 0.0454 0.9944 -0.0954
vn -0.6214 0.7363 -0.2679
vn -0.5933 0.7334 -0.3319
vn 0.0063 -0.9999 -0.0114
vn -0.6209 -0.7364 -0.2687
vn -0.5940 -0.7327 -0.3321
vn 0.0448 -0.9944 -0.0954
vn 0.9332 -0.0002 0.3593
vn 0.9834 -0.0001 0.1812
vn -0.9208 -0.0002 -0.3900
vn -0.8894 0.0007 -0.4570
vn 0.6340 -0.7346 0.2417
vn 0.7475 -0.6553 0.1086
vn -0.6566 0.7301 -0.1892
vn -0.0199 0.9982 0.0569
vn -0.9560 -0.0000 -0.2933
vn -0.6566 -0.7301 -0.1892
vn -0.0199 -0.9982 0.0569
vn 0.5994 -0.7271 0.3347
vn 0.8804 -0.0000 0.4742
vn 0.5994 0.7271 0.3347
vn -0.6730 0.7079 -0.2143
vn -0.0216 0.9976 0.0651
vn -0.9438 -0.0000 -0.3306
vn -0.6730 -0.7079 -0.2143
vn -0.0216 -0.9976 0.0651
vn 0.6246 -0.7022 0.3419
vn 0.8902 -0.0000 0.4555
vn 0.6246 0.7022 0.3419
vn -0.0739 0.9946 0.0730
vn -0.6068 0.6948 -0.3860
vn -0.6526 0.7026 -0.2836
vn -0.5415 0.8398 0.0382
vn -0.8220 -0.0146 -0.5693
vn -0.6012 -0.7033 -0.3794
vn -0.7441 -0.5723 -0.3445
vn -0.8915 0.0892 -0.4441
vn -0.0705 -0.9952 0.0678
vn 0.4737 -0.7030 0.5305
vn -0.5955 -0.4517 0.6644
vn -0.3772 -0.9260 -0.0158
vn 0.6918 0.0034 0.7221
vn 0.4610 0.7099 0.5325
vn -0.3775 0.7026 0.6032
vn -0.3216 0.2333 0.9177
vn 0.6949 0.7083 0.1241
vn 0.9602 0.0540 0.2740
vn 0.9564 0.2917 0.0134
vn 0.7003 0.7090 -0.0827
vn 0.7333 -0.6627 0.1521
vn 0.9719 -0.1067 -0.2097
vn -0.4933 0.6906 -0.5290
vn 0.0942 0.9736 -0.2078
vn 0.2148 0.9341 -0.2852
vn -0.1679 0.8123 -0.5586
vn 0.1312 -0.9723 -0.1935
vn 0.6194 -0.2663 -0.7386
vn -0.4813 -0.6948 -0.5344
vn -0.7423 0.0081 -0.6700
vn -0.3239 0.5120 -0.7956
vn -0.0079 0.0219 -0.9997
vn -0.0292 0.9993 -0.0248
vn 0.4670 0.7584 0.4547
vn 0.5895 0.7479 0.3052
vn 0.0339 0.9957 -0.0858
vn -0.5104 0.7030 -0.4952
vn -0.4966 0.7070 -0.5036
vn 0.0350 -0.9988 0.0334
vn -0.4633 -0.7621 -0.4523
vn -0.4459 -0.7651 -0.4646
vn 0.1018 -0.9942 -0.0338
vn 0.7178 0.0430 0.6949
vn 0.8738 0.0420 0.4844
vn -0.7151 -0.0435 -0.6976
vn -0.7143 -0.0435 -0.6985
vn 0.5136 -0.6994 0.4970
vn 0.6380 -0.6896 0.3426
vn -0.5568 0.6936 -0.4571
vn -0.0550 0.9984 -0.0155
vn -0.7726 -0.0428 -0.6335
vn -0.5104 -0.7528 -0.4157
vn 0.0097 -0.9991 0.0420
vn 0.4922 -0.7019 0.5149
vn 0.6865 0.0436 0.7258
vn 0.4445 0.7611 0.4724
vn 0.2563 0.5289 0.8091
vn 0.4569 -0.0000 0.8895
vn 0.2563 -0.5289 0.8091
vn -0.2351 -0.7547 0.6125
vn -0.7350 -0.5378 0.4129
vn -0.9441 -0.0000 0.3296
vn -0.7350 0.5378 0.4129
vn -0.2351 0.7547 0.6125
vn -0.3402 -0.0000 0.9403
vn 0.1973 -0.0269 -0.9800
vn -0.9520 -0.0366 -0.3040
vn 0.4845 0.8009 -0.3518
vn 0.3867 0.1558 -0.9090
vn -0.3284 -0.6807 -0.6548
vn -0.7836 0.5011 -0.3673
vn 0.1241 0.8031 -0.5827
vn 0.3866 -0.1558 -0.9090
vn 0.1241 -0.8031 -0.5827
vn -0.7836 -0.5011 -0.3673
vn -0.3284 0.6807 -0.6548
vn 0.9239 -0.2247 -0.3099
vn 0.8853 -0.2572 -0.3873
vn -0.2814 0.3756 -0.8830
vn 0.8156 -0.0000 -0.5786
vn 0.4128 -0.7049 -0.5768
vn -0.4665 -0.0277 -0.8841
vn 0.9238 0.2247 -0.3099
vn -0.2812 -0.3754 -0.8832
vn 0.8853 0.2572 -0.3874
vn -0.4665 0.0277 -0.8841
vn 0.4128 0.7049 -0.5768
vn -0.5586 -0.0261 -0.8290
vn 0.5063 -0.8580 0.0867
vn 0.6943 -0.7169 0.0631
vn 0.6156 -0.7799 0.1131
vn 0.3614 -0.9207 0.1476
vn -0.1708 -0.9683 -0.1820
vn 0.0356 -0.9934 -0.1086
vn 0.6445 -0.7646 0.0077
vn 0.0802 -0.9842 -0.1581
vn 0.7753 -0.6316 0.0046
vn 0.8690 -0.4810 0.1160
vn 0.1199 -0.9689 -0.2166
vn 0.8908 -0.4544 0.0065
vn 0.9361 -0.3259 0.1323
vn 0.8078 -0.5895 -0.0010
vn -0.6036 -0.7958 -0.0475
vn -0.6999 -0.6466 0.3034
vn 0.1804 -0.9548 0.2364
vn 0.0470 -0.9524 0.3011
vn -0.7317 -0.6728 0.1090
vn 0.5651 -0.7812 -0.2654
vn 0.1095 -0.7133 -0.6923
vn 0.2268 -0.9667 -0.1186
vn 0.2238 -0.9516 -0.2109
vn -0.3861 -0.8487 0.3614
vn -0.4783 -0.8185 0.3183
vn 0.3141 -0.9270 -0.2052
vn 0.8244 -0.1957 -0.5310
vn -0.7533 -0.6114 0.2424
vn 0.5298 -0.8223 0.2079
vn 0.5723 -0.8163 -0.0782
vn 0.6474 -0.6543 0.3908
vn 0.7627 -0.5921 0.2603
vn 0.7062 -0.7034 -0.0810
vn 0.6380 -0.6930 -0.3358
vn 0.3595 -0.9151 -0.1826
vn -0.2852 -0.9327 0.2207
vn 0.7052 -0.7088 -0.0163
vn 0.6419 -0.7652 -0.0490
vn 0.5892 -0.7695 0.2465
vn 0.6023 -0.7794 0.1725
vn -0.8089 -0.2194 0.5455
vn -0.8447 -0.0928 0.5271
vn -0.7271 -0.3676 0.5798
vn -0.2952 -0.7266 0.6204
vn 0.0683 -0.9884 0.1359
vn -0.9948 -0.0873 0.0517
vn -0.9995 -0.0302 -0.0052
vn -0.9788 -0.2039 -0.0198
vn -0.9892 0.1389 -0.0466
vn -0.4547 0.8852 -0.0985
vn -0.5847 0.8108 -0.0269
vn -0.9670 0.0143 -0.2544
vn -0.8203 0.3754 -0.4314
vn -0.7160 0.6980 -0.0104
vn -0.9726 -0.0466 -0.2276
vn -0.8157 0.5640 -0.1282
vn -0.9316 -0.0934 -0.3514
vn -0.9673 -0.2485 -0.0502
vn -0.9732 -0.1430 -0.1800
vn -0.8686 0.3991 -0.2935
vn -0.2580 0.9421 -0.2140
vn -0.7050 0.6957 -0.1378
vn -0.4953 0.8096 -0.3151
vn -0.0615 0.9691 -0.2387
vn -0.1469 0.9494 -0.2776
vn 0.0243 0.9571 -0.2888
vn -0.1953 0.9760 0.0960
vn -0.0172 0.9985 -0.0511
vn 0.0119 0.9987 -0.0500
vn -0.0147 0.9965 -0.0819
vn 0.1817 0.9740 -0.1350
vn 0.3714 0.8649 -0.3376
vn -0.1798 0.9835 -0.0187
vn -0.6940 0.6852 0.2211
vn -0.4863 0.8604 -0.1521
vn 0.7629 -0.0000 0.6465
vn 0.4310 -0.0000 0.9024
vn -0.4386 0.8979 0.0378
vn 0.9511 -0.0000 0.3089
vn 0.8227 -0.0011 -0.5684
vn -0.0659 0.9970 0.0408
vn 0.2634 0.9600 -0.0947
vn -0.3686 0.9135 -0.1723
vn -0.3361 0.9178 -0.2113
vn -0.5500 0.7956 0.2539
vn -0.4864 0.8281 0.2786
vn -0.4114 0.7835 0.4656
vn -0.5861 0.4976 0.6394
vn -0.0573 0.9982 -0.0162
vn 0.9993 -0.0000 0.0379
vn 0.8883 -0.2368 0.3934
vn 0.9998 -0.0000 -0.0201
vn 1.0000 -0.0000 -0.0092
vn 0.9902 -0.0000 0.1396
vn 0.6457 -0.7459 0.1634
vn 0.6019 0.7795 0.1735
vn 0.6458 0.7458 0.1637
vn 0.7050 0.7090 -0.0164
vn 0.6421 0.7654 -0.0439
vn 0.9511 0.0001 0.3088
vn 0.4309 0.0001 0.9024
vn 0.7630 -0.0000 0.6464
vn 0.4097 -0.8748 -0.2587
vn 0.9950 -0.0000 -0.0999
vn 0.9609 -0.0000 0.2768
vn 0.3591 0.5042 0.7854
vn 0.6926 -0.0000 0.7213
vn 0.7627 0.5921 0.2603
vn 0.2318 -0.7231 0.6507
vn 0.3591 -0.5042 0.7854
vn -0.6817 -0.0000 0.7317
vn -0.7399 0.2451 0.6264
vn -0.1866 0.9770 0.1034
vn 0.9664 0.0004 0.2570
vn -0.7270 0.6810 -0.0882
vn 0.5063 0.8580 0.0867
vn 0.3614 0.9207 0.1476
vn 0.6156 0.7799 0.1131
vn 0.6943 0.7169 0.0631
vn 0.6445 0.7646 0.0077
vn 0.0356 0.9934 -0.1086
vn -0.1708 0.9683 -0.1820
vn 0.7753 0.6316 0.0046
vn 0.0802 0.9842 -0.1581
vn 0.8690 0.4810 0.1160
vn 0.1199 0.9689 -0.2166
vn 0.8908 0.4544 0.0065
vn 0.9361 0.3259 0.1323
vn 0.8078 0.5895 -0.0010
vn -0.6036 0.7958 -0.0475
vn -0.6999 0.6466 0.3034
vn -0.7317 0.6728 0.1090
vn 0.0470 0.9524 0.3011
vn 0.1804 0.9548 0.2364
vn 0.1095 0.7133 -0.6923
vn 0.5643 0.7819 -0.2648
vn 0.2238 0.9516 -0.2109
vn 0.2268 0.9667 -0.1186
vn -0.4783 0.8185 0.3183
vn -0.3861 0.8487 0.3614
vn 0.8244 0.1957 -0.5310
vn 0.3141 0.9270 -0.2052
vn -0.7533 0.6114 0.2424
vn 0.5298 0.8223 0.2079
vn 0.6474 0.6543 0.3908
vn 0.5723 0.8163 -0.0782
vn 0.7062 0.7034 -0.0810
vn 0.3595 0.9151 -0.1826
vn 0.6383 0.6930 -0.3351
vn -0.2852 0.9327 0.2207
vn 0.5892 0.7695 0.2465
vn -0.8447 0.0928 0.5271
vn -0.8089 0.2194 0.5455
vn -0.7271 0.3676 0.5798
vn -0.2952 0.7266 0.6204
vn 0.0683 0.9884 0.1359
vn -0.9773 -0.2070 -0.0460
vn -0.9843 0.1756 -0.0201
vn -0.4545 -0.8852 -0.0992
vn -0.8203 -0.3754 -0.4314
vn -0.9670 -0.0143 -0.2544
vn -0.5847 -0.8108 -0.0273
vn -0.9726 0.0466 -0.2276
vn -0.7160 -0.6980 -0.0107
vn -0.8157 -0.5640 -0.1285
vn -0.9316 0.0934 -0.3514
vn -0.9743 0.2187 -0.0546
vn -0.9779 0.1027 -0.1823
vn -0.9674 0.0010 -0.2531
vn -0.2577 -0.9421 -0.2146
vn -0.8686 -0.3991 -0.2935
vn -0.7050 -0.6957 -0.1378
vn -0.1467 -0.9493 -0.2779
vn -0.0614 -0.9691 -0.2387
vn -0.4953 -0.8096 -0.3151
vn -0.1953 -0.9760 0.0960
vn 0.0243 -0.9571 -0.2888
vn 0.0119 -0.9987 -0.0500
vn -0.0172 -0.9985 -0.0511
vn 0.1817 -0.9740 -0.1350
vn -0.0147 -0.9965 -0.0819
vn -0.1798 -0.9835 -0.0187
vn 0.3714 -0.8649 -0.3376
vn -0.6940 -0.6852 0.2211
vn -0.4863 -0.8604 -0.1521
vn -0.4386 -0.8979 0.0378
vn 0.8227 -0.0010 -0.5685
vn -0.0659 -0.9970 0.0408
vn 0.2634 -0.9600 -0.0947
vn -0.3684 -0.9135 -0.1726
vn -0.3360 -0.9178 -0.2114
vn -0.4864 -0.8281 0.2786
vn -0.5500 -0.7956 0.2539
vn -0.4114 -0.7835 0.4656
vn -0.5861 -0.4976 0.6394
vn -0.0573 -0.9982 -0.0162
vn 0.4309 -0.0001 0.9024
vn 0.9511 -0.0001 0.3089
vn 0.4097 0.8748 -0.2587
vn 0.9609 -0.0001 0.2769
vn 0.2318 0.7231 0.6507
vn -0.7399 -0.2451 0.6264
vn -0.1866 -0.9770 0.1034
vn -0.6984 -0.7108 -0.0836
vn -0.9669 -0.0427 -0.2517
vn -0.6118 -0.4242 0.6677
vn -0.3903 -0.6694 0.6321
vn 0.3228 0.4641 0.8249
vn 0.5646 0.3844 0.7304
vn 0.4342 -0.6801 0.5907
vn 0.5341 0.4820 0.6946
vn -0.7590 -0.0000 0.6511
vn 0.5755 -0.0000 0.8178
vn -0.4648 0.6863 0.5595
vn -0.5712 0.4556 0.6828
vn 0.5823 -0.3239 0.7457
vn 0.3049 -0.5417 0.7833
vn 0.3768 0.6416 0.6681
vn 0.3766 -0.4890 0.7868
vn -0.5716 -0.8192 0.0471
vn -0.4628 -0.5452 0.6989
vn -0.9914 -0.0000 -0.1309
vn -0.6440 -0.4634 -0.6086
vn -0.8061 -0.0000 -0.5917
vn -0.5716 0.8192 0.0471
vn -0.4628 0.5452 0.6989
vn -0.6440 0.4634 -0.6087
vn -0.7009 -0.0000 0.7133
vn 0.0206 0.9976 0.0665
vn 0.2798 0.9587 -0.0515
vn 0.6270 0.7739 0.0897
vn 0.2945 0.4397 0.8485
vn 0.3915 0.9195 -0.0342
vn 0.7644 0.6342 0.1162
vn 0.7920 0.6038 -0.0902
vn 0.7436 0.6383 -0.1990
vn 0.7023 0.6866 -0.1884
vn 0.9923 -0.0000 -0.1236
vn 0.9589 -0.0000 -0.2836
vn 0.9448 -0.0000 -0.3277
vn 0.0206 -0.9976 0.0665
vn 0.2945 -0.4397 0.8485
vn 0.6270 -0.7739 0.0897
vn 0.2798 -0.9587 -0.0515
vn 0.7624 -0.6367 0.1159
vn 0.3872 -0.9213 -0.0349
vn 0.7918 -0.6040 -0.0902
vn 0.7436 -0.6383 -0.1990
vn 0.7023 -0.6866 -0.1884
vn 0.0018 -0.9948 0.1018
vn -0.0811 -0.9871 0.1379
vn 0.0039 -0.9293 0.3694
vn 0.0782 -0.7615 0.6434
vn -0.0064 -1.0000 0.0050
vn -0.5330 -0.5320 -0.6579
vn -0.5607 -0.5757 -0.5951
vn 0.0373 -0.9992 -0.0151
vn 0.0970 -0.9800 -0.1738
vn -0.6984 -0.6009 -0.3888
vn -0.7734 -0.5512 -0.3132
vn 0.0849 -0.9701 -0.2274
vn 0.0698 -0.9974 -0.0179
vn -0.6690 -0.6062 -0.4300
vn -0.8460 -0.4835 -0.2246
vn 0.0245 -0.9649 -0.2614
vn 0.1929 -0.9477 0.2542
vn 0.2696 -0.9420 0.2000
vn 0.8058 -0.5442 0.2335
vn 0.0425 -0.9983 0.0394
vn 0.1037 -0.9946 0.0091
vn 0.4166 -0.5893 0.6923
vn -0.6232 -0.6945 0.3595
vn 0.6220 -0.7596 0.1901
vn 0.7574 -0.6530 -0.0056
vn -0.2858 -0.9574 0.0425
vn 0.6950 -0.7072 0.1293
vn -0.3687 -0.9287 0.0382
vn 0.5608 -0.6293 0.5381
vn 0.7322 -0.6800 0.0389
vn 0.9934 -0.0039 0.1144
vn 0.7369 -0.0000 0.6760
vn -0.8905 -0.0000 0.4551
vn -0.1040 -0.0000 0.9946
vn 0.4571 -0.6577 0.5988
vn 0.5311 -0.0000 0.8473
vn 0.7107 -0.5826 0.3943
vn 0.8591 -0.0000 0.5118
vn 0.9747 -0.0000 0.2233
vn 0.7153 -0.6863 -0.1318
vn 0.9958 -0.0281 -0.0870
vn 0.4775 -0.0000 0.8786
vn 0.6996 -0.6923 -0.1766
vn 0.9837 -0.0717 -0.1651
vn -0.7931 -0.6025 0.0891
vn -0.7500 -0.6326 0.1931
vn 0.7275 -0.0000 0.6861
vn -0.9928 -0.0000 0.1199
vn -0.9611 -0.0000 0.2762
vn 0.2686 -0.0000 0.9633
vn -0.2413 -0.5514 -0.7986
vn 0.0507 -0.9954 -0.0811
vn -0.3017 -0.5758 -0.7599
vn 0.0326 -0.9987 -0.0385
vn -0.6752 -0.5583 -0.4821
vn 0.0017 0.9948 0.1019
vn 0.0782 0.7615 0.6434
vn 0.0039 0.9293 0.3694
vn -0.0829 0.9872 0.1361
vn -0.0072 1.0000 0.0048
vn 0.0351 0.9991 -0.0230
vn -0.5585 0.5754 -0.5975
vn -0.5374 0.5299 -0.6561
vn 0.0288 0.9957 -0.0875
vn 0.0099 0.9995 -0.0315
vn -0.6746 0.5657 -0.4743
vn -0.6573 0.5370 -0.5287
vn 0.0959 0.9804 -0.1722
vn 0.1041 0.9704 -0.2180
vn -0.7565 0.5709 -0.3192
vn -0.6965 0.6020 -0.3905
vn 0.0705 0.9974 -0.0180
vn -0.6660 0.6076 -0.4328
vn 0.1360 0.9582 -0.2516
vn -0.7887 0.5659 -0.2404
vn 0.1929 0.9477 0.2542
vn 0.0425 0.9983 0.0394
vn 0.8058 0.5442 0.2334
vn 0.2696 0.9420 0.2000
vn 0.1037 0.9946 0.0091
vn 0.4166 0.5893 0.6923
vn -0.6232 0.6945 0.3595
vn 0.6220 0.7595 0.1903
vn -0.2858 0.9574 0.0424
vn 0.7574 0.6530 -0.0056
vn -0.3660 0.9298 0.0386
vn 0.6962 0.7061 0.1293
vn 0.5607 0.6293 0.5382
vn 0.7335 0.6783 0.0429
vn 0.4571 0.6577 0.5988
vn 0.7106 0.5827 0.3944
vn 0.7353 0.6684 -0.1121
vn 0.7542 0.6323 -0.1769
vn -0.7930 0.6026 0.0891
vn -0.7500 0.6326 0.1931
vn -0.4471 0.5772 -0.6833
vn -0.2412 0.5514 -0.7986
vn -0.2918 0.5704 -0.7678
vn -0.3164 -0.0000 -0.9486
vn -0.3687 0.0040 -0.9296
vn -0.6401 0.0014 -0.7683
vn -0.7312 -0.0033 -0.6822
vn -0.8754 -0.0010 -0.4834
vn -0.9218 0.0015 -0.3876
vn -0.9641 0.0039 -0.2656
vn -0.9885 0.0027 -0.1510
vn -0.5217 0.0052 -0.8531
vn -0.8038 -0.0063 -0.5949
vn -0.8364 -0.0045 -0.5481
vn -0.0640 -0.0000 0.9980
vn -0.4593 -0.5607 -0.6890
vn -0.6129 -0.5902 -0.5254
vn 0.9609 -0.0000 0.2769
vn 0.9664 0.0005 0.2570
vn -0.9997 -0.0219 -0.0090
vn -0.9761 -0.0394 -0.2138
vn -0.5586 -0.0260 -0.8290
vn 0.4419 -0.4652 -0.7670
vn 0.6960 -0.0737 -0.7143
vn -0.6339 0.3780 -0.6748
vn -0.7977 -0.0010 -0.6030
vn 0.0977 0.6817 -0.7251
vn -0.6794 -0.2726 -0.6813
vn -0.0105 -0.7122 -0.7019
vn 0.5226 0.4187 -0.7427
vn -0.1532 0.0077 -0.9882
vn 0.0054 -0.9999 0.0138
vn 0.7111 -0.7010 0.0542
vn 0.7078 -0.6993 0.0999
vn 0.0110 -0.9999 0.0054
vn -0.9920 -0.0000 -0.1263
vn -0.6980 -0.7106 -0.0881
vn -0.7176 -0.6956 0.0341
vn -0.9995 -0.0000 -0.0324
vn 0.0102 0.9999 -0.0046
vn 0.0130 0.9999 -0.0012
vn 0.7188 0.6948 -0.0243
vn 0.7167 0.6901 -0.1000
vn -0.7068 0.7071 -0.0227
vn -0.9993 -0.0000 -0.0363
vn -0.6980 0.7106 -0.0881
vn -0.7176 0.6956 0.0341
vn 0.9995 -0.0000 -0.0330
vn 0.9904 -0.0000 -0.1384
vn 0.9974 -0.0000 0.0716
vn 0.9903 -0.0000 0.1391
vn 0.9067 -0.0000 0.4217
vn 0.6306 -0.6900 0.3552
vn 0.7188 -0.6948 -0.0243
vn 0.7167 -0.6901 -0.1000
vn 0.7111 0.7010 0.0542
vn 0.0054 0.9999 0.0138
vn 0.0110 0.9999 0.0054
vn 0.7078 0.6993 0.0999
vn -0.0406 -0.9800 0.1946
vn 0.0130 -0.9999 -0.0012
vn 0.0102 -0.9999 -0.0046
vn -0.7068 -0.7071 -0.0227
vn -0.0406 0.9800 0.1946
vn -0.7068 -0.7071 0.0227
vn -0.7030 -0.7057 0.0875
vn 0.6306 0.6900 0.3552
vn -0.9995 -0.0000 0.0319
vn -0.9923 -0.0000 0.1240
vn -0.7068 0.7071 0.0227
vn -0.7030 0.7057 0.0875
vn -0.7215 0.6918 0.0280
vn -0.7080 0.7012 0.0847
vn -0.0351 0.9943 -0.1005
vn -0.1377 0.9697 -0.2017
vn -0.9917 -0.0000 0.1288
vn -0.9874 -0.0000 0.1585
vn -0.7215 -0.6918 0.0280
vn -0.7080 -0.7012 0.0847
vn -0.1377 -0.9697 -0.2017
vn -0.0351 -0.9943 -0.1005
vn 0.5875 -0.7103 -0.3879
vn 0.6407 -0.7219 -0.2617
vn 0.9075 -0.0000 -0.4200
vn 0.9522 -0.0000 -0.3056
vn 0.5875 0.7103 -0.3879
vn 0.6407 0.7219 -0.2617
vn 0.6389 -0.6167 -0.4598
vn 0.8958 -0.0000 -0.4444
vn 0.9698 -0.0000 -0.2439
vn 0.6809 -0.6908 -0.2435
vn -0.5865 -0.6096 -0.5333
vn 0.0226 -0.8676 -0.4968
vn -0.0097 -0.9700 -0.2429
vn -0.6907 -0.6812 -0.2427
vn -0.5865 0.6096 -0.5333
vn -0.8363 -0.0000 -0.5483
vn -0.9701 -0.0000 -0.2428
vn -0.6907 0.6812 -0.2427
vn 0.6389 0.6167 -0.4598
vn 0.6809 0.6908 -0.2435
vn 0.0226 0.8676 -0.4968
vn -0.0097 0.9700 -0.2429
vn 0.0010 0.9858 0.1680
vn -0.6913 0.6926 0.2059
vn -0.7046 0.6962 0.1372
vn 0.0039 0.9970 0.0767
vn 0.7016 0.7008 0.1290
vn 0.7028 0.7112 0.0134
vn 0.7016 -0.7008 0.1290
vn 0.9936 -0.0000 0.1126
vn 0.9998 -0.0000 -0.0219
vn 0.7028 -0.7112 0.0134
vn -0.6913 -0.6926 0.2059
vn 0.0010 -0.9858 0.1680
vn 0.0039 -0.9970 0.0767
vn -0.7046 -0.6962 0.1372
vn -0.9752 -0.0000 0.2213
vn -0.9859 -0.0000 0.1671
vn 0.9827 -0.0000 0.1850
vn 0.7313 0.6611 0.1678
vn 0.5884 0.7778 0.2209
vn 0.9370 -0.0263 0.3483
vn 0.0920 -0.9906 0.1013
vn 0.7313 -0.6611 0.1678
vn 0.5855 -0.7712 0.2500
vn 0.0580 -0.9966 0.0587
vn -0.9780 -0.0000 -0.2084
vn -0.6093 -0.7909 -0.0567
vn -0.6585 -0.7359 -0.1574
vn -0.9731 -0.0000 -0.2305
vn 0.0920 0.9906 0.1013
vn -0.6093 0.7909 -0.0567
vn -0.6585 0.7359 -0.1574
vn 0.0384 0.9980 0.0503
vn -0.9495 -0.0000 0.3138
vn -0.6381 0.7418 0.2064
vn 0.6166 0.7798 -0.1085
vn 0.9984 -0.0544 -0.0175
vn 0.6068 -0.7948 -0.0008
vn 0.1637 -0.9849 -0.0560
vn -0.6381 -0.7418 0.2064
vn 0.1268 0.9919 -0.0052
vn 0.1395 0.9860 -0.0914
vn 0.6803 0.7279 -0.0859
vn 0.9968 -0.0101 -0.0788
vn 0.6743 -0.7330 -0.0896
vn 0.1457 -0.9843 -0.0995
vn -0.6429 -0.7631 0.0667
vn -0.9827 0.0009 0.1851
vn -0.6428 0.7627 0.0712
vn -0.9190 -0.0001 -0.3944
vn -0.4858 -0.8689 -0.0952
vn -0.4996 -0.8634 -0.0701
vn -0.9357 -0.0004 -0.3529
vn -0.0283 0.9803 0.1952
vn -0.4869 0.8685 -0.0929
vn -0.5001 0.8633 -0.0680
vn -0.0402 0.9473 0.3177
vn 0.5064 0.8612 0.0427
vn 0.4766 0.8745 0.0900
vn 0.5062 -0.8616 0.0386
vn 0.6564 -0.7350 -0.1697
vn 0.9576 -0.0003 -0.2879
vn 0.4760 -0.8751 0.0871
vn -0.0272 -0.9812 0.1912
vn -0.0398 -0.9484 0.3144
vn 0.7538 -0.0000 0.6571
vn 0.4999 -0.6417 0.5817
vn -0.1154 -0.9094 0.3996
vn -0.7333 -0.6443 0.2173
vn -0.9899 -0.0000 0.1417
vn -0.7333 0.6443 0.2173
vn 0.4999 0.6417 0.5817
vn -0.1154 0.9094 0.3996
vn 0.0286 -0.9927 -0.1170
vn 0.7078 -0.7039 0.0597
vn 0.2443 -0.7694 0.5902
vn -0.3540 -0.8939 0.2749
vn 0.9895 0.0008 0.1443
vn 0.7046 0.7067 0.0647
vn 0.2709 0.7709 0.5765
vn 0.5868 -0.0082 0.8097
vn -0.5738 0.7843 -0.2359
vn -0.9567 -0.0023 -0.2910
vn -0.9990 -0.0032 0.0444
vn -0.8585 0.5028 0.1003
vn -0.5660 -0.7869 -0.2458
vn -0.8576 -0.5048 0.0986
vn 0.0205 0.9939 -0.1086
vn -0.3467 0.8995 0.2658
vn 0.6157 -0.7594 -0.2103
vn 0.7534 -0.6551 -0.0568
vn 0.7231 -0.6620 -0.1968
vn 0.2481 -0.9386 -0.2398
vn 0.9999 -0.0038 -0.0102
vn 0.7573 0.6498 -0.0657
vn 0.7236 0.6602 -0.2012
vn 0.8312 0.0035 -0.5559
vn 0.3110 0.8602 -0.4041
vn 0.3311 -0.0129 -0.9435
vn 0.0179 0.0014 -0.9998
vn 0.0851 0.8623 -0.4993
vn 0.2976 -0.8649 -0.4042
vn 0.0774 -0.8638 -0.4978
vn 0.6263 0.7494 -0.2149
vn 0.2515 0.9367 -0.2437
vn -0.9850 0.0041 0.1724
vn -0.8816 -0.4712 0.0250
vn -0.4832 0.8447 0.2302
vn -0.8754 0.4832 0.0156
vn 0.1800 0.7957 0.5784
vn 0.1535 -0.7855 0.5995
vn 0.4001 0.0189 0.9163
vn -0.5136 -0.8234 0.2412
vn 0.6362 -0.7625 -0.1175
vn 0.0440 -0.9990 -0.0100
vn 0.6358 0.7635 -0.1130
vn 0.7430 0.5707 -0.3496
vn -0.9037 -0.0005 -0.4281
vn -0.5763 0.7824 -0.2361
vn -0.5740 -0.7835 -0.2381
vn 0.7387 -0.5737 -0.3539
vn 0.0415 0.9991 -0.0054
vn 0.8314 0.5089 -0.2230
vn 0.9559 -0.0085 -0.2936
vn 0.7977 -0.5650 -0.2111
vn 0.3835 -0.7713 -0.5079
vn -0.1166 -0.6080 -0.7854
vn 0.7627 -0.4635 -0.4510
vn 0.5404 -0.8284 -0.1472
vn 0.8240 -0.5230 -0.2179
vn 0.6593 0.7330 -0.1676
vn -0.2156 -0.0878 -0.9725
vn -0.2666 0.0349 -0.9632
vn 0.9999 -0.0140 -0.0055
vn 0.7871 0.5529 -0.2733
vn 0.4008 0.7647 -0.5045
vn 0.5482 0.8229 -0.1494
vn -0.4071 0.4071 -0.8176
vn 0.7816 0.4239 -0.4575
vn 0.5916 -0.0016 -0.8063
vn -0.9804 -0.0000 -0.1972
vn -0.6303 -0.7485 -0.2058
vn 0.1862 0.9749 -0.1222
vn -0.6355 0.7469 -0.1957
vn 0.7530 0.6571 0.0346
vn 0.7548 -0.6552 0.0298
vn 0.9960 0.0004 0.0897
vn 0.1943 -0.9721 -0.1312
vn -0.7018 -0.7009 -0.1277
vn -0.9938 -0.0000 -0.1109
vn 0.6914 -0.6919 -0.2078
vn -0.0007 -0.9858 -0.1681
vn 0.6914 0.6919 -0.2078
vn 0.9746 -0.0000 -0.2241
vn -0.7018 0.7009 -0.1277
vn -0.0007 0.9858 -0.1681
vn -0.9989 -0.0000 0.0477
vn -0.7064 -0.7070 0.0338
vn 0.0003 -1.0000 -0.0001
vn 0.7066 -0.7068 -0.0340
vn 0.9988 -0.0000 -0.0481
vn 0.7066 0.7068 -0.0340
vn -0.7064 0.7070 0.0337
vn 0.0003 1.0000 -0.0001
vn 0.3101 -0.2469 0.9181
vn 0.3974 -0.2665 0.8781
vn 0.4286 0.1078 0.8971
vn 0.2711 0.1141 0.9558
vn -0.4131 -0.3159 -0.8541
vn -0.4205 -0.0000 -0.9073
vn -0.6185 -0.0000 -0.7857
vn -0.6216 -0.1718 -0.7643
vn -0.7593 0.0002 -0.6507
vn -0.7587 -0.1429 -0.6356
vn -0.7996 -0.1398 -0.5841
vn -0.7983 0.0002 -0.6022
vn -0.8897 -0.0146 -0.4564
vn -0.8949 -0.1021 -0.4345
vn -0.9644 -0.0534 -0.2590
vn -0.9572 -0.0180 -0.2888
vn -0.9887 -0.0018 -0.1499
vn -0.9899 -0.0537 -0.1313
vn -0.9939 0.0188 0.1089
vn -0.9915 -0.0619 0.1143
vn 0.9663 -0.2440 0.0820
vn 0.4501 -0.8884 -0.0904
vn 0.4622 -0.8807 -0.1033
vn 0.8994 -0.4203 -0.1199
vn 0.9531 -0.1817 0.2422
vn 0.4356 -0.8993 -0.0399
vn 0.8450 -0.2265 0.4845
vn 0.3838 -0.9215 0.0604
vn 0.4786 -0.8749 0.0736
vn 0.9049 -0.1986 0.3764
vn 0.6098 -0.3605 0.7058
vn 0.2750 -0.9372 0.2146
vn 0.3585 -0.9256 0.1216
vn 0.7808 -0.2964 0.5500
vn 0.4411 -0.3259 0.8362
vn 0.2264 -0.8961 0.3817
vn 0.0127 -0.9867 -0.1624
vn -0.1296 -0.9196 -0.3708
vn 0.2871 -0.8277 0.4822
vn 0.2940 0.2712 0.9165
vn 0.3563 0.3311 0.8737
vn -0.3932 0.3245 -0.8603
vn -0.6089 0.2061 -0.7660
vn -0.7424 0.1943 -0.6411
vn -0.7801 0.2039 -0.5915
vn -0.8537 0.2127 -0.4754
vn -0.9362 0.1997 -0.2892
vn -0.9566 0.2448 -0.1579
vn -0.9215 0.3787 0.0866
vn -0.7602 -0.6468 0.0608
vn -0.7369 -0.6746 0.0429
vn 0.3854 -0.8995 -0.2058
vn 0.9331 0.3529 0.0697
vn 0.8832 0.4501 -0.1315
vn 0.2977 0.9495 -0.0992
vn 0.2891 0.9482 -0.1313
vn 0.9471 0.2260 0.2280
vn 0.3039 0.9476 -0.0983
vn 0.8430 0.1886 0.5038
vn 0.9112 0.1624 0.3785
vn 0.3292 0.9442 0.0072
vn 0.2190 0.9752 -0.0317
vn 0.6208 0.3291 0.7115
vn 0.7817 0.2664 0.5639
vn 0.2300 0.9731 0.0143
vn 0.1918 0.9758 0.1050
vn 0.4434 0.2999 0.8447
vn 0.2192 0.9114 0.3483
vn 0.0339 0.9779 -0.2061
vn 0.3500 0.7425 0.5711
vn -0.1885 0.8390 -0.5104
vn -0.9861 0.0268 0.1639
vn -0.9834 -0.0740 0.1654
vn 0.5746 0.4240 0.7001
vn 0.7171 0.4785 0.5068
vn 0.7780 0.4398 0.4487
vn 0.8415 0.3947 0.3690
vn 0.9028 0.3517 0.2477
vn 0.9531 0.2879 0.0930
vn 0.9631 0.2338 -0.1334
vn 0.8357 0.4641 -0.2937
vn 0.2076 0.9590 -0.1927
vn 0.3856 0.2473 0.8889
vn -0.3264 -0.0000 -0.9452
vn -0.1700 -0.6861 -0.7074
vn 0.9423 -0.3124 -0.1201
vn 0.8226 -0.4953 -0.2795
vn 0.8850 -0.3614 -0.2934
vn -0.8158 -0.5348 -0.2200
vn -0.7911 -0.5200 -0.3221
vn -0.6506 -0.5098 -0.5628
vn -0.7068 -0.5305 -0.4680
vn -0.4462 -0.6481 -0.6171
vn -0.5834 -0.5480 -0.5995
vn 0.9843 -0.1095 -0.1386
vn 0.9466 -0.0958 -0.3078
vn 0.9246 0.2236 -0.3083
vn -0.1916 0.5799 -0.7918
vn -0.6938 0.7194 0.0341
vn -0.6088 0.7930 0.0229
vn -0.8813 0.4605 0.1062
vn -0.8066 0.5546 -0.2046
vn -0.7848 0.5318 -0.3183
vn -0.6991 0.4184 -0.5798
vn -0.7364 0.4950 -0.4611
vn -0.5102 0.5157 -0.6882
vn -0.6543 0.4195 -0.6292
vn 0.6271 -0.3133 0.7131
vn 0.7753 -0.3374 0.5339
vn 0.8207 -0.3192 0.4740
vn 0.8733 -0.3140 0.3725
vn 0.9297 -0.2726 0.2476
vn 0.9639 -0.2459 0.1021
vn 0.3967 -0.2757 0.8755
vn 0.1721 0.9260 -0.3361
vn -0.6227 0.7759 -0.1013
vn -0.9062 0.4229 0.0004
vn -0.9975 0.0255 0.0653
vn -0.8029 -0.5908 -0.0797
vn 0.3785 -0.8607 -0.3406
vn 0.8064 -0.4855 -0.3376
vn 0.8669 -0.3535 -0.3514
vn -0.9951 -0.0718 0.0678
vn 0.8167 0.4578 -0.3513
vn 0.9055 0.2146 -0.3661
vn 0.9285 -0.1035 -0.3566
vn 0.9941 -0.0612 0.0890
vn 0.9685 0.0665 0.2398
vn 0.8663 0.1856 0.4637
vn 0.9182 0.1429 0.3693
vn 0.6794 0.1712 0.7135
vn 0.8211 0.1923 0.5374
vn 0.6820 0.7061 0.1907
vn -0.0018 1.0000 0.0034
vn -0.0140 0.9999 -0.0026
vn 0.6866 0.7120 0.1471
vn -0.6851 0.7053 -0.1820
vn -0.7010 0.6979 -0.1467
vn -0.9662 -0.0000 -0.2578
vn -0.6851 -0.7053 -0.1820
vn -0.7010 -0.6979 -0.1467
vn -0.9789 -0.0000 -0.2044
vn -0.0018 -1.0000 0.0034
vn 0.6820 -0.7061 0.1907
vn 0.6866 -0.7120 0.1471
vn -0.0140 -0.9999 -0.0026
vn 0.9634 -0.0000 0.2682
vn 0.9776 -0.0000 0.2103
vn 0.7004 0.7096 0.0765
vn -0.0093 0.9999 -0.0054
vn -0.0127 0.9999 -0.0043
vn 0.7010 0.7116 0.0476
vn -0.7093 0.7000 -0.0829
vn -0.7132 0.6986 -0.0569
vn -0.9935 -0.0000 -0.1136
vn -0.7093 -0.7000 -0.0829
vn -0.7132 -0.6986 -0.0569
vn -0.9969 -0.0000 -0.0787
vn -0.0093 -0.9999 -0.0054
vn 0.7004 -0.7096 0.0765
vn 0.7010 -0.7116 0.0476
vn -0.0127 -0.9999 -0.0043
vn 0.9938 -0.0000 0.1113
vn 0.9976 -0.0000 0.0686
vn -0.2172 -0.0000 0.9761
vn -0.1407 -0.7314 0.6673
vn -0.2884 -0.7233 0.6274
vn -0.4485 -0.0463 0.8926
vn 0.1494 -0.9277 0.3422
vn -0.4032 -0.2083 0.8911
vn -0.0011 0.9998 -0.0184
vn -0.0313 0.9987 -0.0390
vn 0.1707 0.7334 0.6580
vn 0.0041 0.7137 0.7004
vn 0.1827 0.6838 -0.7064
vn 0.0182 0.9991 -0.0387
vn 0.0347 0.9993 -0.0160
vn 0.4156 0.6435 -0.6428
vn 0.0311 0.9995 0.0024
vn 0.5560 0.5556 -0.6182
vn 0.2575 -0.0000 0.9663
vn 0.0048 -0.0000 1.0000
vn 0.1968 -0.6922 -0.6943
vn 0.2523 -0.0098 -0.9676
vn 0.5222 -0.0087 -0.8528
vn 0.4573 -0.7297 -0.5084
vn 0.6484 -0.4304 -0.6279
vn 0.1707 -0.7334 0.6580
vn 0.0041 -0.7137 0.7004
vn -0.1500 0.7248 0.6724
vn -0.3309 0.7082 0.6236
vn -0.4396 0.6911 0.5737
vn -0.0313 -0.9987 -0.0390
vn -0.0011 -0.9998 -0.0184
vn -0.2267 -0.6866 -0.6908
vn -0.0093 -0.6958 -0.7181
vn 0.0412 -0.9983 -0.0420
vn 0.2396 -0.9708 -0.0126
vn 0.4504 -0.8609 -0.2366
vn 0.5085 -0.8157 -0.2758
vn 0.5200 -0.6988 -0.4911
vn 0.0353 -0.9984 -0.0440
vn -0.3064 -0.0000 -0.9519
vn -0.0131 -0.0000 -0.9999
vn -0.2267 0.6866 -0.6908
vn -0.0093 0.6958 -0.7182
vn -0.9916 0.0008 0.1291
vn -0.7552 -0.6359 0.1593
vn -0.7512 -0.6204 0.2254
vn -0.9814 -0.0021 0.1920
vn 0.7241 -0.6423 0.2511
vn 0.9683 0.0010 0.2496
vn 0.9456 -0.0022 0.3255
vn 0.7118 -0.6218 0.3268
vn -0.0197 0.9720 0.2341
vn -0.7540 0.6359 0.1648
vn -0.7525 0.6146 0.2367
vn -0.0224 0.9473 0.3197
vn 0.7214 0.6429 0.2573
vn 0.7101 0.6173 0.3387
vn -0.0185 -0.9740 0.2258
vn -0.0188 -0.9531 0.3020
vn 0.7207 0.6498 -0.2415
vn 0.0825 0.9961 0.0324
vn 0.0507 0.9922 0.1136
vn 0.7721 0.6339 0.0445
vn -0.9072 -0.0110 0.4206
vn -0.6598 -0.7096 0.2471
vn -0.7264 -0.6704 0.1512
vn -0.9881 -0.0000 0.1539
vn 0.0218 -0.9987 -0.0467
vn 0.0507 -0.9922 0.1136
vn -0.6247 0.7086 0.3281
vn -0.7264 0.6704 0.1512
vn 0.6811 -0.6747 -0.2844
vn 0.7721 -0.6339 0.0445
vn 0.9375 -0.0126 -0.3478
vn 0.9999 -0.0000 0.0172
vn 0.7351 -0.0434 -0.6766
vn 0.9184 -0.0543 -0.3918
vn 0.7532 -0.6218 -0.2147
vn -0.5042 0.7094 0.4926
vn -0.7392 -0.0249 0.6730
vn -0.5964 -0.1203 0.7936
vn 0.5771 0.6431 -0.5034
vn 0.2317 -0.9231 0.3069
vn 0.0471 0.9989 0.0024
vn -0.4992 -0.7436 0.4448
vn -0.3993 -0.6612 0.6351
vn 0.3703 -0.7237 0.5823
vn -0.0547 -0.9985 -0.0030
vn -0.4595 0.6893 -0.5601
vn -0.0547 0.9985 -0.0030
vn -0.4595 -0.6893 -0.5601
vn 0.3703 0.7237 0.5823
vn 0.5528 -0.0000 0.8333
vn -0.6218 -0.0000 -0.7831
vn 0.5021 -0.7194 0.4799
vn 0.7383 -0.0000 0.6745
vn 0.8489 -0.0000 0.5285
vn 0.5917 -0.7095 0.3828
vn 0.5021 0.7194 0.4799
vn -0.0504 0.9986 0.0164
vn -0.0447 0.9987 0.0247
vn 0.5917 0.7095 0.3828
vn -0.5761 0.6918 -0.4354
vn -0.6529 0.6852 -0.3230
vn -0.7858 -0.0000 -0.6184
vn -0.5761 -0.6918 -0.4354
vn -0.6529 -0.6852 -0.3230
vn -0.8877 -0.0000 -0.4604
vn -0.0504 -0.9986 0.0164
vn -0.0447 -0.9987 0.0247
vn -0.0465 -0.9983 0.0361
vn 0.6544 -0.7164 0.2421
vn 0.7031 -0.6941 0.1543
vn -0.0050 -0.9975 0.0712
vn 0.9443 -0.0000 0.3290
vn 0.6544 0.7164 0.2421
vn 0.7031 0.6941 0.1543
vn 0.9826 -0.0000 0.1858
vn -0.7148 0.6821 -0.1543
vn -0.9739 -0.0000 -0.2269
vn -0.9989 -0.0000 -0.0472
vn -0.7157 0.6983 -0.0137
vn -0.7148 -0.6821 -0.1543
vn -0.7157 -0.6983 -0.0137
vn -0.0465 0.9983 0.0361
vn -0.0050 0.9975 0.0712
vn -0.7175 -0.6894 0.1000
vn -0.0239 -0.9972 0.0712
vn -0.0070 -0.9960 0.0891
vn -0.6606 -0.6844 0.3086
vn 0.6970 -0.7148 0.0564
vn 0.9985 -0.0000 0.0550
vn 0.9711 -0.0021 -0.2388
vn 0.6810 -0.7189 -0.1392
vn 0.6970 0.7148 0.0564
vn -0.0239 0.9972 0.0712
vn -0.0143 0.9972 0.0734
vn 0.6789 0.7183 -0.1523
vn -0.7175 0.6894 0.1000
vn -0.6672 0.6822 0.2991
vn -0.9934 -0.0000 0.1150
vn -0.9196 -0.0020 0.3928
vn 0.0857 -0.9847 0.1515
vn 0.7072 -0.6850 -0.1751
vn 0.7630 -0.6457 0.0292
vn 0.1969 -0.9094 0.3664
vn -0.5861 0.6932 0.4195
vn -0.8247 -0.0041 0.5655
vn -0.7141 -0.0180 0.6998
vn -0.5541 0.6673 0.4977
vn 0.0528 0.9946 0.0894
vn 0.0565 0.9912 0.1199
vn 0.9463 -0.0032 -0.3234
vn 0.6927 0.6865 -0.2213
vn 0.7205 0.6713 -0.1739
vn 0.9814 -0.0175 -0.1912
vn -0.5547 -0.6932 0.4602
vn -0.4069 -0.6496 0.6422
vn -0.0565 -0.9272 0.3702
vn 0.6419 -0.2482 -0.7255
vn -0.6041 -0.1300 0.7862
vn 0.5210 0.6023 -0.6049
vn 0.0200 0.9997 0.0144
vn -0.4683 0.6899 0.5521
vn 0.8799 -0.0496 -0.4726
vn 0.7388 -0.6698 -0.0739
vn -0.2308 -0.7773 0.5853
vn 0.2759 -0.9184 0.2837
vn -0.6423 -0.2032 0.7390
vn 0.4820 0.2626 0.8359
vn -0.1479 0.0208 -0.9888
vn -0.1539 0.0077 -0.9881
vn -0.0749 0.0028 -0.9972
vn -0.0712 -0.0238 -0.9972
vn -0.0442 -0.0445 -0.9980
vn -0.1243 0.0143 -0.9921
vn -0.9160 -0.0273 0.4003
vn -0.5483 -0.1811 0.8164
vn -0.3556 -0.0812 0.9311
vn -0.9286 0.1613 0.3343
vn -0.9976 -0.0178 0.0664
vn -0.9968 0.0714 -0.0353
vn -0.9595 0.0575 0.2758
vn -0.9431 0.0100 0.3323
vn -0.9999 -0.0004 0.0167
vn -0.9716 0.0556 -0.2298
vn -0.9895 0.0168 -0.1435
vn -0.9925 -0.0326 -0.1177
vn -0.9764 -0.0055 0.2159
vn -0.6027 -0.1001 0.7917
vn -0.6084 -0.1357 0.7819
vn -0.9559 -0.0722 0.2846
vn -0.0165 0.0284 -0.9995
vn -0.0219 0.0115 -0.9997
vn -0.0701 0.0377 -0.9968
vn -0.0438 -0.0364 -0.9984
vn -0.0156 -0.0218 -0.9996
vn -0.0539 0.0454 -0.9975
vn -0.0480 0.0365 -0.9982
vn -0.7414 -0.0050 0.6710
vn -0.4976 -0.3422 0.7971
vn -0.3475 0.0140 0.9376
vn -0.5153 0.3586 0.7784
vn -0.1607 -0.3575 0.9200
vn -0.1569 0.3784 0.9123
vn 0.0643 -0.2172 0.9740
vn 0.1523 -0.0016 0.9883
vn 0.0756 0.2228 0.9719
vt 0.971475 0.345510
vt 0.973179 0.332626
vt 0.982785 0.334472
vt 0.979589 0.348834
vt 0.962367 0.333261
vt 0.962367 0.318113
vt 0.973278 0.317293
vt 0.962367 0.301539
vt 0.973393 0.300968
vt 0.962367 0.280348
vt 0.973217 0.280097
vt 0.962367 0.258578
vt 0.972409 0.257629
vt 0.962367 0.238841
vt 0.970052 0.237921
vt 0.962367 0.224333
vt 0.966241 0.223876
vt 0.976146 0.235504
vt 0.968661 0.222424
vt 0.981854 0.256554
vt 0.982746 0.280681
vt 0.983248 0.301623
vt 0.982854 0.317900
vt 0.962367 0.345098
vt 0.953258 0.345510
vt 0.945144 0.348834
vt 0.941948 0.334472
vt 0.951555 0.332626
vt 0.951455 0.317293
vt 0.951341 0.300968
vt 0.951517 0.280097
vt 0.952324 0.257629
vt 0.954682 0.237921
vt 0.958493 0.223876
vt 0.948588 0.235504
vt 0.956073 0.222424
vt 0.942879 0.256554
vt 0.941987 0.280681
vt 0.941485 0.301623
vt 0.941880 0.317900
vt 0.927616 0.324396
vt 0.927616 0.328312
vt 0.923707 0.328068
vt 0.925249 0.325793
vt 0.926626 0.114186
vt 0.925163 0.140990
vt 0.915327 0.141831
vt 0.916093 0.116020
vt 0.906840 0.142249
vt 0.906841 0.116743
vt 0.898355 0.141831
vt 0.897588 0.116021
vt 0.888518 0.140990
vt 0.887055 0.114186
vt 0.879028 0.140392
vt 0.877168 0.112649
vt 0.871314 0.140454
vt 0.869243 0.112037
vt 0.944438 0.112037
vt 0.942367 0.140454
vt 0.934653 0.140392
vt 0.936513 0.112649
vt 0.898360 0.165340
vt 0.888879 0.165901
vt 0.933566 0.166525
vt 0.924802 0.165901
vt 0.880115 0.166524
vt 0.915321 0.165340
vt 0.906841 0.165067
vt 0.873051 0.167159
vt 0.940631 0.167160
vt 0.932620 0.067640
vt 0.923949 0.067280
vt 0.939875 0.067115
vt 0.881061 0.067640
vt 0.873806 0.067115
vt 0.889732 0.067280
vt 0.898775 0.066568
vt 0.906841 0.066161
vt 0.914906 0.066568
vt 0.899143 0.185591
vt 0.906840 0.185676
vt 0.906840 0.210140
vt 0.899898 0.209702
vt 0.914538 0.185592
vt 0.923201 0.185428
vt 0.921685 0.208704
vt 0.913782 0.209702
vt 0.931298 0.185473
vt 0.929179 0.207943
vt 0.875884 0.185953
vt 0.882383 0.185472
vt 0.884502 0.207942
vt 0.878465 0.207971
vt 0.890480 0.185428
vt 0.891995 0.208704
vt 0.937797 0.185953
vt 0.935216 0.207972
vt 0.892950 0.228877
vt 0.900123 0.227697
vt 0.901202 0.247979
vt 0.894775 0.249333
vt 0.906840 0.227219
vt 0.913557 0.227698
vt 0.912476 0.247980
vt 0.906839 0.247425
vt 0.927497 0.230117
vt 0.933413 0.230987
vt 0.930281 0.252105
vt 0.925117 0.250861
vt 0.886183 0.230116
vt 0.888562 0.250859
vt 0.920730 0.228878
vt 0.918904 0.249335
vt 0.880268 0.230987
vt 0.883399 0.252102
vt 0.892326 0.267528
vt 0.897288 0.266450
vt 0.899106 0.293018
vt 0.895179 0.293690
vt 0.902389 0.265499
vt 0.906837 0.265126
vt 0.906847 0.292148
vt 0.903211 0.292392
vt 0.911284 0.265500
vt 0.916386 0.266452
vt 0.914574 0.292984
vt 0.910481 0.292370
vt 0.921350 0.267533
vt 0.918488 0.293661
vt 0.888251 0.268430
vt 0.891892 0.294175
vt 0.925425 0.268437
vt 0.921768 0.294161
vt 0.915889 0.323325
vt 0.918649 0.324072
vt 0.913379 0.338274
vt 0.911849 0.337716
vt 0.903998 0.321587
vt 0.906819 0.321288
vt 0.906858 0.335821
vt 0.905243 0.335991
vt 0.895043 0.324057
vt 0.897795 0.323294
vt 0.901823 0.337503
vt 0.900372 0.338245
vt 0.900886 0.322370
vt 0.903502 0.336644
vt 0.912778 0.322403
vt 0.910138 0.336932
vt 0.909646 0.321610
vt 0.908434 0.336195
vt 0.906841 0.022135
vt 0.911802 0.022095
vt 0.889814 0.021228
vt 0.895903 0.021821
vt 0.917778 0.021821
vt 0.923867 0.021228
vt 0.901879 0.022095
vt 0.884623 0.020323
vt 0.929058 0.020323
vt 0.921625 0.328970
vt 0.922817 0.330182
vt 0.920781 0.331411
vt 0.922817 0.332114
vt 0.918745 0.330708
vt 0.919938 0.329187
vt 0.919938 0.333852
vt 0.918746 0.332640
vt 0.921625 0.333634
vt 0.960347 0.043202
vt 0.954459 0.058097
vt 0.952208 0.057437
vt 0.954761 0.042565
vt 0.949772 0.057448
vt 0.948965 0.042685
vt 0.976357 0.069516
vt 0.961581 0.069015
vt 0.961542 0.066579
vt 0.976358 0.063719
vt 0.960835 0.064343
vt 0.975605 0.058147
vt 0.959680 0.062370
vt 0.974078 0.052733
vt 0.958205 0.060649
vt 0.970650 0.047945
vt 0.956455 0.059211
vt 0.965791 0.044616
vt 0.952251 0.066729
vt 0.960268 0.198460
vt 0.964212 0.209122
vt 0.962464 0.210469
vt 0.957727 0.199975
vt 0.960698 0.212284
vt 0.954988 0.201563
vt 0.976697 0.195926
vt 0.976986 0.208106
vt 0.974557 0.207329
vt 0.973530 0.195861
vt 0.972347 0.206982
vt 0.970623 0.195785
vt 0.970193 0.207012
vt 0.967907 0.195895
vt 0.968086 0.207391
vt 0.965281 0.196344
vt 0.966080 0.208105
vt 0.962725 0.197205
vt 0.970216 0.215632
vt 0.956757 0.125511
vt 0.969952 0.141658
vt 0.967723 0.143931
vt 0.952571 0.128587
vt 0.965797 0.146939
vt 0.948935 0.132232
vt 0.986564 0.115035
vt 0.986564 0.137355
vt 0.983058 0.136825
vt 0.981450 0.115513
vt 0.979931 0.137021
vt 0.976376 0.116713
vt 0.977174 0.137703
vt 0.971312 0.118439
vt 0.974683 0.138718
vt 0.966266 0.120506
vt 0.972289 0.139976
vt 0.961372 0.122866
vt 0.979904 0.150188
vt 0.954082 0.095562
vt 0.973125 0.107936
vt 0.971821 0.110614
vt 0.951235 0.099758
vt 0.970880 0.113716
vt 0.948935 0.104251
vt 0.978184 0.076197
vt 0.986726 0.098517
vt 0.983588 0.099328
vt 0.973599 0.078308
vt 0.980857 0.100520
vt 0.969288 0.080977
vt 0.978521 0.102001
vt 0.965138 0.084143
vt 0.976509 0.103725
vt 0.961141 0.087702
vt 0.974703 0.105663
vt 0.957418 0.091547
vt 0.986726 0.114377
vt 0.952608 0.169919
vt 0.967466 0.177018
vt 0.966464 0.179814
vt 0.950398 0.174506
vt 0.965910 0.182975
vt 0.948935 0.179374
vt 0.976733 0.150846
vt 0.980772 0.167722
vt 0.977627 0.168358
vt 0.971905 0.152435
vt 0.974858 0.169432
vt 0.967376 0.154763
vt 0.972509 0.170872
vt 0.963062 0.157781
vt 0.970547 0.172626
vt 0.959035 0.161409
vt 0.968845 0.174633
vt 0.955514 0.165528
vt 0.980772 0.182590
vt 0.958525 0.185702
vt 0.955147 0.187309
vt 0.962062 0.184519
vt 0.965792 0.183849
vt 0.969574 0.183632
vt 0.973292 0.183648
vt 0.976986 0.183688
vt 0.951983 0.189159
vt 0.948935 0.191022
vt 0.093764 0.681221
vt 0.099214 0.676960
vt 0.111815 0.694211
vt 0.108391 0.696809
vt 0.110820 0.670276
vt 0.116890 0.667831
vt 0.123233 0.688287
vt 0.119279 0.689993
vt 0.136289 0.664687
vt 0.143173 0.665173
vt 0.140201 0.686424
vt 0.135884 0.685942
vt 0.104917 0.673328
vt 0.115470 0.691967
vt 0.129619 0.664979
vt 0.131573 0.686139
vt 0.123154 0.666044
vt 0.127336 0.686951
vt 0.064013 0.593734
vt 0.078614 0.589166
vt 0.093636 0.630488
vt 0.084162 0.635246
vt 0.048565 0.598660
vt 0.074661 0.640845
vt 0.115979 0.576825
vt 0.131375 0.571726
vt 0.135090 0.621274
vt 0.124052 0.622314
vt 0.090080 0.585539
vt 0.103407 0.626677
vt 0.034937 0.603590
vt 0.065171 0.647422
vt 0.101485 0.581722
vt 0.113553 0.624030
vt 0.145311 0.567708
vt 0.146685 0.621037
vt 0.038727 0.544456
vt 0.050746 0.542312
vt 0.026514 0.546279
vt 0.107449 0.522102
vt 0.118401 0.516391
vt 0.096467 0.527439
vt 0.085476 0.532404
vt 0.074172 0.536620
vt 0.062553 0.539861
vt 0.012089 0.382331
vt 0.015868 0.381831
vt 0.008285 0.382757
vt 0.033607 0.375332
vt 0.036934 0.373438
vt 0.030257 0.377150
vt 0.026818 0.378792
vt 0.023273 0.380137
vt 0.019615 0.381135
vt 0.327760 0.825220
vt 0.329422 0.825586
vt 0.326927 0.834645
vt 0.325975 0.836411
vt 0.317780 0.826245
vt 0.319423 0.825739
vt 0.321628 0.834868
vt 0.320830 0.835058
vt 0.321076 0.825333
vt 0.322739 0.825051
vt 0.323691 0.837860
vt 0.322858 0.835648
vt 0.324413 0.824928
vt 0.326090 0.824988
vt 0.324918 0.837823
vt 0.324309 0.837960
vt 0.331079 0.826040
vt 0.327747 0.834746
vt 0.325660 0.712773
vt 0.322776 0.712974
vt 0.322422 0.705953
vt 0.325056 0.708015
vt 0.319865 0.712840
vt 0.321132 0.703347
vt 0.331489 0.711238
vt 0.328567 0.712210
vt 0.327105 0.708273
vt 0.328552 0.706358
vt 0.316906 0.712381
vt 0.319747 0.701622
vt 0.313980 0.711455
vt 0.311147 0.709959
vt 0.315207 0.702536
vt 0.317771 0.701475
vt 0.334346 0.709737
vt 0.328885 0.703293
vt 0.334336 0.743970
vt 0.328122 0.744272
vt 0.327448 0.727822
vt 0.332148 0.727171
vt 0.340842 0.743539
vt 0.337284 0.726076
vt 0.312039 0.744331
vt 0.305523 0.744084
vt 0.308583 0.726480
vt 0.313754 0.727451
vt 0.323189 0.744393
vt 0.322943 0.727905
vt 0.346363 0.743109
vt 0.343022 0.724279
vt 0.318257 0.744440
vt 0.318464 0.727984
vt 0.299987 0.743794
vt 0.302780 0.724823
vt 0.340470 0.763754
vt 0.334771 0.763394
vt 0.346363 0.764266
vt 0.306491 0.764287
vt 0.300608 0.764959
vt 0.312191 0.763762
vt 0.317818 0.763318
vt 0.323473 0.763073
vt 0.329136 0.763129
vt 0.015345 0.365312
vt 0.018199 0.364540
vt 0.020961 0.363485
vt 0.023617 0.362191
vt 0.026199 0.360761
vt 0.028760 0.359285
vt 0.009507 0.366191
vt 0.012436 0.365829
vt 0.006568 0.366504
vt 0.265000 0.687989
vt 0.262172 0.687989
vt 0.263586 0.684575
vt 0.267000 0.683161
vt 0.267000 0.685989
vt 0.262173 0.681161
vt 0.265001 0.681161
vt 0.260172 0.685989
vt 0.260172 0.683161
vt 0.263083 0.680496
vt 0.260173 0.677586
vt 0.265141 0.675540
vt 0.260172 0.673477
vt 0.270110 0.677603
vt 0.267199 0.680504
vt 0.270110 0.673495
vt 0.263083 0.670577
vt 0.267199 0.670584
vt 0.268176 0.681400
vt 0.268725 0.681161
vt 0.268765 0.683114
vt 0.269295 0.681346
vt 0.269672 0.682996
vt 0.269672 0.684922
vt 0.268911 0.685116
vt 0.268158 0.684916
vt 0.267658 0.683618
vt 0.277078 0.670577
vt 0.278805 0.671059
vt 0.277903 0.674131
vt 0.279966 0.673273
vt 0.279966 0.676031
vt 0.278871 0.677869
vt 0.277118 0.677355
vt 0.275661 0.674762
vt 0.275782 0.672107
vt 0.267658 0.687200
vt 0.268898 0.685773
vt 0.268898 0.689849
vt 0.267942 0.689739
vt 0.281338 0.687303
vt 0.281623 0.684764
vt 0.282579 0.684654
vt 0.282579 0.688730
vt 0.271188 0.677677
vt 0.272233 0.672983
vt 0.273762 0.674008
vt 0.270768 0.680565
vt 0.273451 0.670577
vt 0.275004 0.671566
vt 0.271188 0.683452
vt 0.273763 0.687122
vt 0.272233 0.688147
vt 0.275004 0.689564
vt 0.273451 0.690552
vt 0.272862 0.680565
vt 0.157434 0.235894
vt 0.193110 0.219050
vt 0.235671 0.269000
vt 0.178067 0.287286
vt 0.128521 0.249969
vt 0.103046 0.190722
vt 0.119825 0.178829
vt 0.047356 0.089776
vt 0.053997 0.084113
vt 0.037312 0.057359
vt 0.033109 0.060869
vt 0.018196 0.029240
vt 0.020259 0.027884
vt 0.063175 0.076063
vt 0.043874 0.051639
vt 0.023761 0.025114
vt 0.140454 0.163462
vt 0.140349 0.278216
vt 0.147160 0.294148
vt 0.179446 0.294056
vt 0.182283 0.299986
vt 0.158225 0.322177
vt 0.257285 0.344921
vt 0.163338 0.374320
vt 0.258652 0.373340
vt 0.180103 0.394434
vt 0.268795 0.385568
vt 0.182828 0.403576
vt 0.141483 0.426258
vt 0.134695 0.420162
vt 0.102239 0.453921
vt 0.100508 0.452110
vt 0.146700 0.429551
vt 0.102644 0.454788
vt 0.324452 0.374986
vt 0.319128 0.369409
vt 0.332094 0.363337
vt 0.336258 0.369644
vt 0.329642 0.355674
vt 0.296061 0.346514
vt 0.295004 0.369975
vt 0.295858 0.381356
vt 0.253090 0.336637
vt 0.283439 0.321779
vt 0.245337 0.278597
vt 0.267311 0.303177
vt 0.269455 0.401251
vt 0.187207 0.414882
vt 0.304265 0.397786
vt 0.321242 0.387590
vt 0.311164 0.379421
vt 0.043825 0.285565
vt 0.032316 0.212970
vt 0.043178 0.210479
vt 0.055086 0.281476
vt 0.090999 0.266697
vt 0.073733 0.202158
vt 0.096355 0.194841
vt 0.121085 0.253708
vt 0.034208 0.093334
vt 0.043078 0.091387
vt 0.024586 0.062975
vt 0.014109 0.030516
vt 0.016528 0.029783
vt 0.029964 0.061900
vt 0.018299 0.096281
vt 0.013131 0.064434
vt 0.134847 0.280492
vt 0.111888 0.312364
vt 0.139201 0.297922
vt 0.145971 0.326020
vt 0.115566 0.324043
vt 0.113987 0.317861
vt 0.158758 0.375094
vt 0.078947 0.418648
vt 0.386979 0.647131
vt 0.393894 0.647184
vt 0.408538 0.713519
vt 0.393852 0.715147
vt 0.398396 0.645757
vt 0.418982 0.718701
vt 0.377457 0.604149
vt 0.383895 0.604320
vt 0.359382 0.562749
vt 0.389568 0.604166
vt 0.422208 0.779597
vt 0.414053 0.801636
vt 0.403811 0.799790
vt 0.414929 0.773831
vt 0.390079 0.796910
vt 0.382341 0.759276
vt 0.412843 0.746202
vt 0.423237 0.744619
vt 0.070376 0.355835
vt 0.085490 0.375373
vt 0.404346 0.643495
vt 0.427548 0.715145
vt 0.439619 0.747777
vt 0.439468 0.772960
vt 0.424571 0.762644
vt 0.200598 0.211080
vt 0.237913 0.251107
vt 0.149038 0.155755
vt 0.069322 0.070198
vt 0.047843 0.047140
vt 0.025375 0.023001
vt 0.130192 0.417830
vt 0.214816 0.311591
vt 0.099340 0.450620
vt 0.287800 0.284072
vt 0.299863 0.232292
vt 0.322182 0.272222
vt 0.304312 0.300741
vt 0.151382 0.437389
vt 0.104703 0.458509
vt 0.332667 0.352797
vt 0.336678 0.357117
vt 0.341185 0.361859
vt 0.298210 0.370099
vt 0.297398 0.314916
vt 0.314711 0.333475
vt 0.251582 0.266075
vt 0.270676 0.409094
vt 0.189690 0.422226
vt 0.305577 0.404761
vt 0.355676 0.366492
vt 0.349333 0.370600
vt 0.349294 0.357491
vt 0.336479 0.381429
vt 0.344791 0.376640
vt 0.354345 0.375976
vt 0.341376 0.384698
vt 0.325861 0.392669
vt 0.435182 0.807006
vt 0.439129 0.791199
vt 0.413492 0.749425
vt 0.276107 0.292072
vt 0.062237 0.339406
vt 0.228375 0.169769
vt 0.278183 0.193942
vt 0.255918 0.250123
vt 0.209073 0.204170
vt 0.174113 0.128243
vt 0.187158 0.112348
vt 0.244437 0.141927
vt 0.084286 0.055895
vt 0.090404 0.049670
vt 0.058782 0.037366
vt 0.030612 0.018248
vt 0.032112 0.016288
vt 0.062580 0.033425
vt 0.075607 0.064480
vt 0.052612 0.043503
vt 0.027598 0.021542
vt 0.157330 0.147735
vt 0.271771 0.155696
vt 0.287183 0.163599
vt 0.314367 0.176584
vt 0.290556 0.199034
vt 0.284839 0.195791
vt 0.366027 0.185312
vt 0.330156 0.276986
vt 0.384926 0.203440
vt 0.358405 0.280332
vt 0.393856 0.206795
vt 0.369895 0.291304
vt 0.413758 0.159930
vt 0.419367 0.167127
vt 0.448015 0.128049
vt 0.449701 0.129902
vt 0.422289 0.172561
vt 0.450539 0.130366
vt 0.355449 0.346088
vt 0.343294 0.352897
vt 0.350259 0.340388
vt 0.335830 0.349912
vt 0.352507 0.316360
vt 0.329021 0.315771
vt 0.363802 0.318007
vt 0.264816 0.260435
vt 0.404830 0.211952
vt 0.385495 0.293057
vt 0.379605 0.327544
vt 0.368247 0.343767
vt 0.360802 0.333143
vt 0.285612 0.061439
vt 0.280557 0.071827
vt 0.210843 0.054788
vt 0.214140 0.044407
vt 0.263741 0.105705
vt 0.248687 0.134776
vt 0.191739 0.105965
vt 0.200636 0.083920
vt 0.092312 0.045517
vt 0.094881 0.036805
vt 0.065284 0.025079
vt 0.063831 0.030363
vt 0.032773 0.014664
vt 0.033677 0.012305
vt 0.098847 0.021520
vt 0.067479 0.014063
vt 0.034903 0.007573
vt 0.307794 0.129699
vt 0.274425 0.150370
vt 0.291500 0.155925
vt 0.313134 0.132171
vt 0.319185 0.134167
vt 0.319051 0.164629
vt 0.416104 0.104198
vt 0.367117 0.180796
vt 0.316494 0.924466
vt 0.355008 0.867986
vt 0.367134 0.876428
vt 0.322595 0.927722
vt 0.378786 0.876862
vt 0.325869 0.931125
vt 0.293343 0.960610
vt 0.287605 0.957687
vt 0.251957 0.985432
vt 0.298255 0.963454
vt 0.410695 0.824895
vt 0.401546 0.826486
vt 0.404172 0.798368
vt 0.365964 0.823716
vt 0.390732 0.794343
vt 0.386522 0.849766
vt 0.394900 0.856120
vt 0.352901 0.092307
vt 0.371034 0.108328
vt 0.384614 0.884075
vt 0.330018 0.935953
vt 0.410801 0.861167
vt 0.422692 0.838967
vt 0.404678 0.840919
vt 0.411746 0.155274
vt 0.446611 0.126779
vt 0.454108 0.132679
vt 0.429783 0.177779
vt 0.336761 0.357039
vt 0.332752 0.352717
vt 0.352407 0.319567
vt 0.251887 0.265790
vt 0.411984 0.214942
vt 0.393234 0.294823
vt 0.386472 0.329340
vt 0.361035 0.358536
vt 0.363953 0.363649
vt 0.372990 0.348730
vt 0.431103 0.822780
vt 0.388631 0.847245
vt 0.337297 0.083344
vt 0.009182 0.031414
vt 0.325564 0.618477
vt 0.330851 0.609407
vt 0.333698 0.614218
vt 0.330833 0.621032
vt 0.336325 0.606748
vt 0.336367 0.612222
vt 0.317724 0.637547
vt 0.323679 0.637560
vt 0.331103 0.666147
vt 0.325484 0.656650
vt 0.330763 0.654117
vt 0.333969 0.661346
vt 0.336367 0.668478
vt 0.336359 0.663004
vt 0.316508 0.511339
vt 0.300065 0.505132
vt 0.309153 0.470933
vt 0.332699 0.504534
vt 0.330135 0.470933
vt 0.316508 0.430527
vt 0.300065 0.436734
vt 0.332699 0.437333
vt 0.293723 0.470933
vt 0.203537 0.643906
vt 0.202761 0.610809
vt 0.220256 0.611177
vt 0.221611 0.657541
vt 0.212451 0.585613
vt 0.221611 0.587509
vt 0.207391 0.530577
vt 0.210571 0.531559
vt 0.196923 0.583475
vt 0.200057 0.530001
vt 0.188007 0.610001
vt 0.181069 0.633228
vt 0.182373 0.527966
vt 0.175905 0.581312
vt 0.168974 0.606872
vt 0.163575 0.623313
vt 0.249000 0.644158
vt 0.228830 0.654449
vt 0.238216 0.609018
vt 0.255512 0.611693
vt 0.240993 0.585470
vt 0.250343 0.585194
vt 0.261587 0.532300
vt 0.264332 0.533254
vt 0.266010 0.585789
vt 0.272171 0.532592
vt 0.270184 0.613459
vt 0.272985 0.637542
vt 0.289939 0.533649
vt 0.287081 0.587303
vt 0.289474 0.613681
vt 0.291937 0.630812
vt 0.253254 0.886336
vt 0.238536 0.882732
vt 0.239658 0.865000
vt 0.254742 0.879358
vt 0.215607 0.884396
vt 0.216253 0.901772
vt 0.195030 0.904354
vt 0.193203 0.886824
vt 0.119204 0.926731
vt 0.125231 0.938389
vt 0.098122 0.954496
vt 0.092126 0.947694
vt 0.143202 0.907239
vt 0.151493 0.922902
vt 0.066262 0.972113
vt 0.064650 0.969467
vt 0.214548 0.866266
vt 0.190076 0.868642
vt 0.182898 0.831010
vt 0.215229 0.832364
vt 0.274250 0.895888
vt 0.284122 0.884549
vt 0.251482 0.834442
vt 0.161795 0.880753
vt 0.221796 0.792242
vt 0.238646 0.802169
vt 0.233392 0.773326
vt 0.242939 0.776804
vt 0.265639 0.732759
vt 0.270984 0.734533
vt 0.132599 0.895262
vt 0.112047 0.916766
vt 0.094364 0.905701
vt 0.112732 0.881481
vt 0.276755 0.828814
vt 0.282329 0.849489
vt 0.144524 0.890747
vt 0.120468 0.871287
vt 0.150877 0.885239
vt 0.126377 0.863500
vt 0.131260 0.857069
vt 0.087207 0.943900
vt 0.073220 0.933688
vt 0.301355 0.857924
vt 0.062333 0.967474
vt 0.053305 0.959980
vt 0.260129 0.782977
vt 0.280113 0.737876
vt 0.255600 0.809045
vt 0.157869 0.822036
vt 0.298327 0.743746
vt 0.281871 0.790397
vt 0.277798 0.813698
vt 0.299725 0.892163
vt 0.313815 0.864973
vt 0.321843 0.869910
vt 0.287572 0.902146
vt 0.276417 0.912933
vt 0.264937 0.908569
vt 0.166423 0.897705
vt 0.251527 0.903678
vt 0.156878 0.902108
vt 0.160472 0.918615
vt 0.070109 0.747307
vt 0.076458 0.743992
vt 0.094403 0.754704
vt 0.077551 0.760585
vt 0.082224 0.783197
vt 0.085957 0.805396
vt 0.068626 0.808327
vt 0.065390 0.787328
vt 0.082642 0.834161
vt 0.080986 0.844542
vt 0.064026 0.845585
vt 0.065163 0.835679
vt 0.067351 0.887424
vt 0.054698 0.919557
vt 0.046231 0.915206
vt 0.054508 0.884675
vt 0.079731 0.859066
vt 0.062457 0.855275
vt 0.042569 0.952205
vt 0.037422 0.950435
vt 0.099984 0.779293
vt 0.132504 0.769490
vt 0.142501 0.800315
vt 0.104307 0.803514
vt 0.055226 0.729568
vt 0.063529 0.716968
vt 0.120745 0.735050
vt 0.100227 0.834051
vt 0.155356 0.738777
vt 0.169461 0.752375
vt 0.178686 0.727828
vt 0.184602 0.736108
vt 0.211133 0.690546
vt 0.215093 0.694123
vt 0.094109 0.866061
vt 0.078884 0.891680
vt 0.097922 0.709279
vt 0.119400 0.709123
vt 0.095249 0.853367
vt 0.098842 0.845767
vt 0.059833 0.923048
vt 0.084650 0.693138
vt 0.045160 0.953764
vt 0.168113 0.712891
vt 0.206282 0.681544
vt 0.144166 0.724255
vt 0.060299 0.765362
vt 0.195743 0.665540
vt 0.155129 0.693895
vt 0.133723 0.704066
vt 0.051960 0.703921
vt 0.067544 0.676538
vt 0.074479 0.682977
vt 0.045569 0.718374
vt 0.038143 0.732103
vt 0.045524 0.741980
vt 0.053842 0.753525
vt 0.272951 0.944395
vt 0.255043 0.940083
vt 0.243284 0.937899
vt 0.215263 0.936890
vt 0.197130 0.939246
vt 0.163375 0.949346
vt 0.135638 0.959610
vt 0.104539 0.970096
vt 0.029746 0.913037
vt 0.027878 0.948786
vt 0.032324 0.797689
vt 0.027895 0.781511
vt 0.070446 0.981056
vt 0.035030 0.815771
vt 0.023556 0.771173
vt 0.018006 0.760353
vt 0.031683 0.880297
vt 0.034261 0.850879
vt 0.035164 0.832929
vt 0.008669 0.744308
vt 0.034802 0.842509
vt 0.178303 0.825115
vt 0.217019 0.788793
vt 0.228920 0.770033
vt 0.261858 0.729365
vt 0.161585 0.817144
vt 0.174071 0.756058
vt 0.149419 0.803167
vt 0.188979 0.739540
vt 0.219380 0.696862
vt 0.236384 0.901157
vt 0.232061 0.936748
vt 0.180385 0.943663
vt 0.171341 0.912794
vt 0.171254 0.946626
vt 0.345383 0.074146
vt 0.362212 0.083920
vt 0.382964 0.102794
vt 0.134341 0.017598
vt 0.068486 0.011252
vt 0.035182 0.006478
vt 0.008193 0.031590
vt 0.010328 0.065225
vt 0.053676 0.346167
vt 0.062376 0.363619
vt 0.079847 0.385653
vt 0.011518 0.131392
vt 0.053897 0.974279
vt 0.046982 0.968275
vt 0.034583 0.961085
vt 0.027534 0.959935
vt 0.038475 0.962318
vt 0.059823 0.984339
vt 0.056781 0.977768
vt 0.055647 0.975780
vt 0.040460 0.963493
vt 0.259515 0.680305
vt 0.258436 0.688150
vt 0.255766 0.679992
vt 0.252204 0.687680
vt 0.248999 0.679528
vt 0.257597 0.670577
vt 0.259515 0.672253
vt 0.255492 0.672013
vt 0.254096 0.689385
vt 0.797966 0.358986
vt 0.819639 0.362183
vt 0.816975 0.465269
vt 0.796169 0.462474
vt 0.753940 0.458774
vt 0.775181 0.459823
vt 0.773414 0.625792
vt 0.753941 0.625152
vt 0.709126 0.129753
vt 0.707994 0.254678
vt 0.685393 0.256333
vt 0.687483 0.127442
vt 0.731699 0.355936
vt 0.753940 0.354691
vt 0.732699 0.459823
vt 0.734468 0.625792
vt 0.662672 0.257096
vt 0.665665 0.126687
vt 0.841438 0.363973
vt 0.837746 0.466805
vt 0.833976 0.634284
vt 0.813150 0.630122
vt 0.842213 0.126687
vt 0.845206 0.257096
vt 0.822485 0.256333
vt 0.820395 0.127442
vt 0.688241 0.362183
vt 0.709913 0.358986
vt 0.711711 0.462474
vt 0.690905 0.465270
vt 0.793162 0.627562
vt 0.799885 0.254678
vt 0.798752 0.129753
vt 0.776180 0.355936
vt 0.714720 0.627563
vt 0.777078 0.253043
vt 0.776905 0.132225
vt 0.666442 0.363973
vt 0.670134 0.466805
vt 0.694732 0.630122
vt 0.753939 0.252380
vt 0.753939 0.133224
vt 0.730801 0.253043
vt 0.730973 0.132225
vt 0.673906 0.634284
vt 0.733180 0.020101
vt 0.729614 0.051427
vt 0.706925 0.044717
vt 0.712560 0.014556
vt 0.753939 0.022426
vt 0.753939 0.054042
vt 0.774697 0.020101
vt 0.778264 0.051427
vt 0.795318 0.014556
vt 0.800952 0.044717
vt 0.826107 0.010560
vt 0.823054 0.037473
vt 0.848618 0.006550
vt 0.845682 0.034910
vt 0.681771 0.010560
vt 0.684824 0.037473
vt 0.662195 0.034910
vt 0.659260 0.006550
vt 0.607080 0.013839
vt 0.624741 0.010494
vt 0.626493 0.015068
vt 0.607455 0.018549
vt 0.571301 0.014141
vt 0.589328 0.014516
vt 0.589169 0.019381
vt 0.571044 0.019206
vt 0.533998 0.014141
vt 0.552649 0.013521
vt 0.552648 0.018986
vt 0.534255 0.019205
vt 0.480576 0.010494
vt 0.498230 0.013839
vt 0.497854 0.018546
vt 0.478824 0.015066
vt 0.515975 0.014516
vt 0.516133 0.019379
vt 0.511735 0.101133
vt 0.532140 0.100640
vt 0.532454 0.214288
vt 0.513003 0.214645
vt 0.491259 0.101505
vt 0.493547 0.215267
vt 0.614038 0.101550
vt 0.634802 0.101907
vt 0.631857 0.217056
vt 0.611631 0.215494
vt 0.573126 0.100658
vt 0.593543 0.101167
vt 0.592060 0.214845
vt 0.572544 0.214412
vt 0.552631 0.100679
vt 0.552487 0.213871
vt 0.470516 0.101858
vt 0.473438 0.216839
vt 0.476049 0.238603
vt 0.491773 0.236181
vt 0.502608 0.255602
vt 0.483302 0.260229
vt 0.593897 0.234916
vt 0.613426 0.236557
vt 0.602488 0.256068
vt 0.583764 0.255575
vt 0.552406 0.234798
vt 0.573832 0.235264
vt 0.567882 0.255632
vt 0.552240 0.256324
vt 0.511090 0.234572
vt 0.531026 0.235024
vt 0.536657 0.255334
vt 0.520863 0.254890
vt 0.629309 0.238979
vt 0.622024 0.260924
vt 0.551750 0.300167
vt 0.535016 0.298408
vt 0.505777 0.291704
vt 0.489920 0.284897
vt 0.592922 0.286960
vt 0.584609 0.294534
vt 0.568526 0.298807
vt 0.519024 0.293769
vt 0.614917 0.286225
vt 0.507283 0.355320
vt 0.489412 0.355563
vt 0.631732 0.355978
vt 0.613422 0.357167
vt 0.595056 0.356510
vt 0.575099 0.354716
vt 0.551113 0.354632
vt 0.527218 0.354014
vt 0.471391 0.353281
vt 0.547927 0.525174
vt 0.576388 0.525531
vt 0.576406 0.560358
vt 0.546914 0.571785
vt 0.492509 0.518956
vt 0.519529 0.524272
vt 0.518001 0.559006
vt 0.486394 0.539119
vt 0.466959 0.511195
vt 0.455384 0.525308
vt 0.629755 0.514698
vt 0.646306 0.510829
vt 0.666414 0.523242
vt 0.640718 0.529393
vt 0.603744 0.521378
vt 0.608976 0.541845
vt 0.831732 0.640144
vt 0.812109 0.635850
vt 0.792471 0.633222
vt 0.773017 0.631386
vt 0.753941 0.630560
vt 0.734865 0.631386
vt 0.695773 0.635851
vt 0.676150 0.640145
vt 0.715411 0.633222
vt 0.591496 0.416930
vt 0.610412 0.427824
vt 0.610656 0.437243
vt 0.591956 0.425169
vt 0.466917 0.430239
vt 0.489307 0.426067
vt 0.488559 0.435545
vt 0.465741 0.441296
vt 0.525780 0.394389
vt 0.550930 0.378589
vt 0.550766 0.399213
vt 0.524018 0.412697
vt 0.575500 0.395212
vt 0.576791 0.413368
vt 0.632528 0.432923
vt 0.633164 0.444089
vt 0.508953 0.415754
vt 0.508170 0.424125
vt 0.597399 0.482982
vt 0.613638 0.486331
vt 0.613969 0.493236
vt 0.596243 0.489158
vt 0.462363 0.477865
vt 0.484003 0.483613
vt 0.483590 0.490617
vt 0.456484 0.484314
vt 0.519294 0.462550
vt 0.549164 0.453605
vt 0.548812 0.460259
vt 0.521615 0.465267
vt 0.579074 0.463663
vt 0.576619 0.466144
vt 0.635617 0.481382
vt 0.641412 0.487981
vt 0.500286 0.480915
vt 0.501321 0.487258
vt 0.550084 0.406521
vt 0.574418 0.422274
vt 0.509341 0.431744
vt 0.525275 0.421348
vt 0.490265 0.441268
vt 0.608977 0.443386
vt 0.629490 0.448631
vt 0.590119 0.433208
vt 0.469686 0.445546
vt 0.620927 0.502340
vt 0.599267 0.502324
vt 0.476289 0.499337
vt 0.458537 0.493902
vt 0.548636 0.477549
vt 0.521382 0.490456
vt 0.575877 0.491557
vt 0.638902 0.497594
vt 0.497781 0.500192
vt 0.442663 0.504686
vt 0.430165 0.518046
vt 0.439659 0.503398
vt 0.651370 0.495377
vt 0.645053 0.495858
vt 0.650158 0.492687
vt 0.652349 0.492686
vt 0.650175 0.509987
vt 0.654312 0.509231
vt 0.450547 0.506636
vt 0.646550 0.490155
vt 0.651178 0.490479
vt 0.443649 0.490344
vt 0.446343 0.491351
vt 0.653916 0.494736
vt 0.657112 0.508266
vt 0.452515 0.491923
vt 0.446758 0.505628
vt 0.451182 0.485877
vt 0.446921 0.486602
vt 0.448259 0.487796
vt 0.445388 0.488564
vt 0.444954 0.487062
vt 0.653047 0.491271
vt 0.550948 0.376441
vt 0.575218 0.392597
vt 0.508982 0.413883
vt 0.526132 0.391772
vt 0.489494 0.423536
vt 0.610339 0.425311
vt 0.631973 0.430001
vt 0.591530 0.415075
vt 0.467611 0.427338
vt 0.572774 0.081290
vt 0.552639 0.081245
vt 0.613460 0.082007
vt 0.593007 0.081790
vt 0.491842 0.081978
vt 0.471091 0.080976
vt 0.532507 0.081278
vt 0.634226 0.081007
vt 0.512282 0.081769
vt 0.552636 0.090168
vt 0.572963 0.090789
vt 0.593297 0.091472
vt 0.613846 0.092101
vt 0.469271 0.092010
vt 0.491454 0.092064
vt 0.532312 0.090775
vt 0.636048 0.092050
vt 0.511988 0.091445
vt 0.712096 0.852514
vt 0.692589 0.853866
vt 0.690848 0.846509
vt 0.710399 0.845566
vt 0.693199 0.881817
vt 0.693677 0.903437
vt 0.671045 0.903816
vt 0.670497 0.885859
vt 0.646548 0.904149
vt 0.647054 0.889772
vt 0.632617 0.891630
vt 0.632232 0.904318
vt 0.617505 0.904465
vt 0.617611 0.893458
vt 0.598228 0.896094
vt 0.597148 0.904767
vt 0.578143 0.904765
vt 0.578409 0.898538
vt 0.534107 0.904717
vt 0.533985 0.901058
vt 0.576257 0.883698
vt 0.577982 0.889819
vt 0.533719 0.895028
vt 0.533197 0.892077
vt 0.596814 0.878904
vt 0.598752 0.886363
vt 0.629701 0.870917
vt 0.632966 0.881309
vt 0.617607 0.882908
vt 0.616011 0.874060
vt 0.671544 0.861741
vt 0.669910 0.876261
vt 0.647373 0.879045
vt 0.645015 0.867570
vt 0.692222 0.859740
vt 0.692832 0.874396
vt 0.714752 0.873832
vt 0.695440 0.876856
vt 0.712978 0.870572
vt 0.714752 0.956860
vt 0.711966 0.960444
vt 0.692514 0.960302
vt 0.695179 0.956361
vt 0.694014 0.924980
vt 0.671040 0.921840
vt 0.647429 0.918543
vt 0.634106 0.918257
vt 0.620340 0.918313
vt 0.599415 0.914777
vt 0.578367 0.911001
vt 0.533948 0.908532
vt 0.533817 0.898938
vt 0.518992 0.900225
vt 0.519072 0.897484
vt 0.576536 0.924293
vt 0.533349 0.916013
vt 0.533868 0.913068
vt 0.578289 0.918107
vt 0.597042 0.929353
vt 0.598769 0.921843
vt 0.629973 0.936958
vt 0.616008 0.934009
vt 0.618190 0.924872
vt 0.633550 0.926411
vt 0.672698 0.945493
vt 0.645821 0.940147
vt 0.648072 0.928518
vt 0.670780 0.930844
vt 0.693480 0.946967
vt 0.693852 0.932169
vt 0.713350 0.930996
vt 0.713888 0.935962
vt 0.695046 0.929178
vt 0.519224 0.904568
vt 0.519112 0.901861
vt 0.671750 0.953503
vt 0.646044 0.948042
vt 0.630938 0.944205
vt 0.615523 0.940688
vt 0.596101 0.934881
vt 0.575495 0.928325
vt 0.532865 0.918673
vt 0.518726 0.913309
vt 0.519402 0.910897
vt 0.712833 0.948172
vt 0.706848 0.903217
vt 0.709993 0.879114
vt 0.532930 0.890493
vt 0.518413 0.895093
vt 0.518073 0.893670
vt 0.578883 0.894215
vt 0.599251 0.890661
vt 0.634615 0.884962
vt 0.619014 0.886836
vt 0.672199 0.879137
vt 0.649155 0.882519
vt 0.532570 0.919821
vt 0.517608 0.916749
vt 0.518076 0.915690
vt 0.710692 0.927085
vt 0.533943 0.910508
vt 0.519319 0.908937
vt 0.519230 0.907349
vt 0.578610 0.914053
vt 0.599291 0.918184
vt 0.634425 0.922696
vt 0.619653 0.921866
vt 0.671789 0.927101
vt 0.648506 0.924016
vt 0.670217 0.856013
vt 0.644509 0.861823
vt 0.630014 0.866056
vt 0.615191 0.870052
vt 0.596347 0.875605
vt 0.575833 0.881393
vt 0.711649 0.858047
vt 0.509337 0.908200
vt 0.509276 0.907094
vt 0.509264 0.906201
vt 0.509264 0.904575
vt 0.509204 0.902136
vt 0.509057 0.900308
vt 0.508476 0.899113
vt 0.508226 0.898475
vt 0.509198 0.903058
vt 0.508727 0.909444
vt 0.508255 0.910565
vt 0.517320 0.891601
vt 0.507722 0.897563
vt 0.532444 0.888378
vt 0.575028 0.930062
vt 0.595162 0.937876
vt 0.628765 0.948087
vt 0.613435 0.944371
vt 0.668633 0.957235
vt 0.643716 0.952225
vt 0.507931 0.911028
vt 0.574752 0.877691
vt 0.594920 0.870539
vt 0.627781 0.859625
vt 0.612982 0.864392
vt 0.667008 0.848785
vt 0.642367 0.854501
vt 0.982899 0.851164
vt 0.983183 0.866840
vt 0.901539 0.867912
vt 0.901745 0.852558
vt 0.983414 0.882638
vt 0.901299 0.883081
vt 0.983480 0.898572
vt 0.983275 0.914505
vt 0.901167 0.913345
vt 0.901129 0.898212
vt 0.982905 0.930301
vt 0.982484 0.945973
vt 0.901346 0.943870
vt 0.901274 0.928515
vt 0.982599 0.835337
vt 0.901807 0.836935
vt 0.982046 0.961798
vt 0.901271 0.959493
vt 0.823481 0.851515
vt 0.821205 0.866985
vt 0.734476 0.865173
vt 0.735628 0.849143
vt 0.819024 0.882358
vt 0.733417 0.881297
vt 0.818081 0.897849
vt 0.818888 0.913348
vt 0.733275 0.913661
vt 0.732956 0.897477
vt 0.820935 0.928740
vt 0.823076 0.944229
vt 0.735205 0.945833
vt 0.734194 0.929793
vt 0.824641 0.835785
vt 0.736388 0.833184
vt 0.824098 0.959968
vt 0.735825 0.961798
vt 0.795398 0.832526
vt 0.794297 0.817798
vt 0.815858 0.815969
vt 0.818961 0.829877
vt 0.825580 0.810857
vt 0.841961 0.827101
vt 0.765829 0.758520
vt 0.738002 0.759052
vt 0.738154 0.745936
vt 0.765968 0.745447
vt 0.794133 0.772667
vt 0.795726 0.760951
vt 0.817348 0.762411
vt 0.814349 0.773971
vt 0.840168 0.763582
vt 0.836361 0.775144
vt 0.737812 0.731414
vt 0.766126 0.730786
vt 0.792780 0.793564
vt 0.793082 0.783240
vt 0.811588 0.784860
vt 0.811873 0.795098
vt 0.817662 0.790514
vt 0.762801 0.832526
vt 0.734697 0.830280
vt 0.735908 0.815859
vt 0.763445 0.818040
vt 0.797550 0.747409
vt 0.799095 0.732436
vt 0.823247 0.735023
vt 0.820712 0.749719
vt 0.846620 0.737953
vt 0.844436 0.751581
vt 0.736573 0.802813
vt 0.764102 0.805165
vt 0.737006 0.791378
vt 0.764720 0.793341
vt 0.793233 0.804843
vt 0.813484 0.805510
vt 0.822178 0.804323
vt 0.820724 0.793351
vt 0.872213 0.797557
vt 0.872884 0.807737
vt 0.737355 0.780958
vt 0.765234 0.781917
vt 0.737692 0.770525
vt 0.765607 0.770467
vt 0.975608 0.809293
vt 0.974175 0.805650
vt 0.981075 0.802892
vt 0.982147 0.805027
vt 0.973738 0.799373
vt 0.973998 0.795860
vt 0.980658 0.796414
vt 0.980549 0.798794
vt 0.974684 0.789283
vt 0.975704 0.786270
vt 0.982081 0.790086
vt 0.981268 0.791993
vt 0.977764 0.782941
vt 0.983480 0.788152
vt 0.974270 0.792352
vt 0.980902 0.794039
vt 0.973666 0.802488
vt 0.980594 0.800873
vt 0.908231 0.782454
vt 0.910485 0.774671
vt 0.944675 0.780558
vt 0.942835 0.786385
vt 0.910982 0.824683
vt 0.909922 0.814490
vt 0.944145 0.812309
vt 0.946118 0.820000
vt 0.908633 0.806275
vt 0.942566 0.806118
vt 0.913437 0.766496
vt 0.947274 0.774744
vt 0.907505 0.798892
vt 0.941722 0.800038
vt 0.907433 0.790787
vt 0.941788 0.793160
vt 0.916757 0.756717
vt 0.950535 0.767497
vt 0.872501 0.787893
vt 0.895293 0.790380
vt 0.889040 0.797225
vt 0.878639 0.756803
vt 0.881907 0.745014
vt 0.910944 0.754820
vt 0.873665 0.778255
vt 0.889715 0.808319
vt 0.875782 0.767864
vt 0.873786 0.818304
vt 0.893757 0.819282
vt 0.874461 0.830206
vt 0.904949 0.826305
vt 0.706326 0.813066
vt 0.707018 0.801057
vt 0.708107 0.769804
vt 0.708334 0.758947
vt 0.707467 0.790218
vt 0.708385 0.746903
vt 0.707723 0.733669
vt 0.707917 0.780016
vt 0.704861 0.826215
vt 0.681131 0.810492
vt 0.679138 0.822302
vt 0.648551 0.817160
vt 0.651043 0.806746
vt 0.683056 0.747928
vt 0.684250 0.758981
vt 0.655044 0.759725
vt 0.652788 0.749826
vt 0.685030 0.769322
vt 0.656780 0.769185
vt 0.685152 0.779309
vt 0.684415 0.789268
vt 0.656213 0.787669
vt 0.657279 0.778451
vt 0.682999 0.799537
vt 0.653901 0.797003
vt 0.681787 0.736010
vt 0.650936 0.739278
vt 0.628242 0.793979
vt 0.627935 0.802696
vt 0.600608 0.799986
vt 0.600862 0.792064
vt 0.628790 0.742702
vt 0.629476 0.752454
vt 0.602046 0.753486
vt 0.601336 0.745228
vt 0.628756 0.769297
vt 0.628397 0.777564
vt 0.600827 0.776713
vt 0.601237 0.769108
vt 0.628248 0.785837
vt 0.600766 0.784330
vt 0.626655 0.812391
vt 0.599393 0.808193
vt 0.629249 0.761172
vt 0.601811 0.761402
vt 0.583225 0.782547
vt 0.583138 0.789060
vt 0.553576 0.784983
vt 0.553936 0.780050
vt 0.582662 0.795876
vt 0.581299 0.802993
vt 0.551498 0.795545
vt 0.552826 0.790160
vt 0.583900 0.756478
vt 0.583950 0.763294
vt 0.554092 0.765426
vt 0.553734 0.760195
vt 0.583628 0.769785
vt 0.554167 0.770391
vt 0.583309 0.776158
vt 0.554100 0.775231
vt 0.582988 0.749304
vt 0.552873 0.754809
vt 0.531899 0.781361
vt 0.530876 0.784606
vt 0.522031 0.779507
vt 0.523057 0.777940
vt 0.532321 0.771042
vt 0.532500 0.774557
vt 0.523383 0.774474
vt 0.522953 0.772689
vt 0.531925 0.767695
vt 0.522315 0.770875
vt 0.530019 0.760625
vt 0.531225 0.764285
vt 0.521450 0.768995
vt 0.520193 0.767051
vt 0.529083 0.788071
vt 0.520331 0.780778
vt 0.532392 0.778047
vt 0.523466 0.776247
vt 0.829881 0.810054
vt 0.825230 0.790334
vt 0.842735 0.827101
vt 0.837242 0.775208
vt 0.840989 0.763633
vt 0.845219 0.751632
vt 0.847411 0.738023
vt 0.897828 0.790509
vt 0.892568 0.797699
vt 0.896317 0.817995
vt 0.893242 0.807748
vt 0.906137 0.825408
vt 0.912332 0.754943
vt 0.516433 0.774044
vt 0.573349 0.834696
vt 0.571903 0.835023
vt 0.571762 0.833520
vt 0.574259 0.834514
vt 0.574351 0.832809
vt 0.570324 0.835023
vt 0.815824 0.972719
vt 0.812103 0.969815
vt 0.819071 0.967687
vt 0.822771 0.970804
vt 0.847120 0.979155
vt 0.825937 0.976060
vt 0.832453 0.971646
vt 0.845402 0.974127
vt 0.819292 0.988240
vt 0.793326 0.984070
vt 0.819271 0.979976
vt 0.845652 0.983976
vt 0.792570 0.976672
vt 0.793371 0.972760
vt 0.806249 0.970202
vt 0.809682 0.973940
vt 0.570984 0.832105
vt 0.571523 0.832063
vt 0.569643 0.834465
vt 0.573129 0.832394
vt 0.572514 0.832114
vt 0.568946 0.833611
vt 0.570033 0.832816
vt 0.566141 0.827357
vt 0.567934 0.828802
vt 0.565419 0.829105
vt 0.563847 0.827334
vt 0.568224 0.830851
vt 0.562326 0.828722
vt 0.566749 0.832353
vt 0.564341 0.832353
vt 0.562496 0.830812
s 1
usemtl UVGrid.002
f 1/1/1 2/2/2 12/3/3 11/4/4
f 2/2/2 10/5/5 13/6/6 3/7/7
f 3/7/7 13/6/6 15/8/8 4/9/9
f 4/9/9 15/8/8 17/10/10 5/11/11
f 5/11/11 17/10/10 19/12/12 6/13/13
f 6/13/13 19/12/12 21/14/14 7/15/15
f 7/15/15 21/14/14 23/16/16 8/17/17
f 22/18/18 7/15/15 8/17/17 24/19/19
f 20/20/20 6/13/13 7/15/15 22/18/18
f 18/21/21 5/11/11 6/13/13 20/20/20
f 16/22/22 4/9/9 5/11/11 18/21/21
f 14/23/23 3/7/7 4/9/9 16/22/22
f 12/3/3 2/2/2 3/7/7 14/23/23
f 9/24/24 10/5/5 2/2/2 1/1/1
f 25/25/25 11/26/4 12/27/3 26/28/26
f 26/28/26 27/29/27 13/6/6 10/5/5
f 27/29/27 28/30/28 15/8/8 13/6/6
f 28/30/28 29/31/29 17/10/10 15/8/8
f 29/31/29 30/32/30 19/12/12 17/10/10
f 30/32/30 31/33/31 21/14/14 19/12/12
f 31/33/31 32/34/32 23/16/16 21/14/14
f 22/35/18 24/36/19 32/34/32 31/33/31
f 20/37/20 22/35/18 31/33/31 30/32/30
f 18/38/21 20/37/20 30/32/30 29/31/29
f 16/39/22 18/38/21 29/31/29 28/30/28
f 14/40/23 16/39/22 28/30/28 27/29/27
f 12/27/3 14/40/23 27/29/27 26/28/26
f 9/24/24 25/25/25 26/28/26 10/5/5
f 8/41/17 23/42/16 32/43/32 24/44/19
f 57/45/33 34/46/34 36/47/35 58/48/36
f 58/48/36 36/47/35 38/49/37 59/50/38
f 59/50/38 38/49/37 40/51/39 60/52/40
f 60/52/40 40/51/39 42/53/41 61/54/42
f 61/54/42 42/53/41 44/55/43 62/56/44
f 62/56/44 44/55/43 46/57/45 63/58/46
f 63/59/46 46/60/45 48/61/47 64/62/48
f 64/62/48 48/61/47 34/46/34 57/45/33
f 42/53/41 40/51/39 52/63/49 53/64/50
f 34/46/34 48/61/47 56/65/51 49/66/52
f 44/55/43 42/53/41 53/64/50 54/67/53
f 38/49/37 36/47/35 50/68/54 51/69/55
f 46/57/45 44/55/43 54/67/53 55/70/56
f 36/47/35 34/46/34 49/66/52 50/68/54
f 40/51/39 38/49/37 51/69/55 52/63/49
f 48/61/47 46/60/45 55/71/56 56/65/51
f 47/72/57 64/62/48 57/45/33 33/73/58
f 45/74/59 63/59/46 64/62/48 47/72/57
f 43/75/60 62/56/44 63/58/46 45/76/59
f 41/77/61 61/54/42 62/56/44 43/75/60
f 39/78/62 60/52/40 61/54/42 41/77/61
f 37/79/63 59/50/38 60/52/40 39/78/62
f 35/80/64 58/48/36 59/50/38 37/79/63
f 33/73/58 57/45/33 58/48/36 35/80/64
f 73/81/65 74/82/66 67/83/67 68/84/68
f 75/85/69 76/86/70 65/87/71 66/88/72
f 76/86/70 77/89/73 72/90/74 65/87/71
f 78/91/75 79/92/76 70/93/77 71/94/78
f 80/95/79 73/81/65 68/84/68 69/96/80
f 74/82/66 75/85/69 66/88/72 67/83/67
f 77/89/73 78/97/75 71/98/78 72/90/74
f 79/92/76 80/95/79 69/96/80 70/93/77
f 54/67/53 53/64/50 80/95/79 79/92/76
f 56/65/51 55/71/56 78/97/75 77/89/73
f 51/69/55 50/68/54 75/85/69 74/82/66
f 53/64/50 52/63/49 73/81/65 80/95/79
f 55/70/56 54/67/53 79/92/76 78/91/75
f 49/66/52 56/65/51 77/89/73 76/86/70
f 50/68/54 49/66/52 76/86/70 75/85/69
f 52/63/49 51/69/55 74/82/66 73/81/65
f 89/99/81 90/100/82 84/101/83 85/102/84
f 91/103/85 92/104/86 82/105/87 83/106/88
f 93/107/89 94/108/90 87/109/91 88/110/92
f 95/111/93 89/99/81 85/102/84 86/112/94
f 90/100/82 91/103/85 83/106/88 84/101/83
f 92/104/86 96/113/95 81/114/96 82/105/87
f 96/113/95 93/107/89 88/110/92 81/114/96
f 94/115/90 95/111/93 86/112/94 87/116/91
f 71/94/78 70/93/77 95/111/93 94/115/90
f 65/87/71 72/90/74 93/107/89 96/113/95
f 66/88/72 65/87/71 96/113/95 92/104/86
f 68/84/68 67/83/67 91/103/85 90/100/82
f 70/93/77 69/96/80 89/99/81 95/111/93
f 72/90/74 71/98/78 94/108/90 93/107/89
f 67/83/67 66/88/72 92/104/86 91/103/85
f 69/96/80 68/84/68 90/100/82 89/99/81
f 114/117/97 115/118/98 101/119/99 102/120/100
f 116/121/101 117/122/102 99/123/103 100/124/104
f 118/125/105 119/126/106 97/127/107 98/128/108
f 119/126/106 120/129/109 104/130/110 97/127/107
f 121/131/111 114/117/97 102/120/100 103/132/112
f 115/118/98 116/121/101 100/124/104 101/119/99
f 117/122/102 118/125/105 98/128/108 99/123/103
f 120/129/109 121/133/111 103/134/112 104/130/110
f 112/135/113 106/136/114 105/137/115 131/138/116
f 109/139/117 110/140/118 133/141/119 134/142/120
f 106/143/114 107/144/121 136/145/122 105/146/115
f 107/144/121 108/147/123 135/148/124 136/145/122
f 113/149/125 112/135/113 131/138/116 130/150/126
f 110/140/118 111/151/127 132/152/128 133/141/119
f 108/147/123 109/139/117 134/142/120 135/148/124
f 111/151/127 113/149/125 130/150/126 132/152/128
f 97/127/107 104/130/110 112/135/113 113/149/125
f 98/128/108 97/127/107 113/149/125 111/151/127
f 100/124/104 99/123/103 110/140/118 109/139/117
f 102/120/100 101/119/99 108/147/123 107/144/121
f 104/130/110 103/134/112 106/136/114 112/135/113
f 99/123/103 98/128/108 111/151/127 110/140/118
f 101/119/99 100/124/104 109/139/117 108/147/123
f 103/132/112 102/120/100 107/144/121 106/143/114
f 88/110/92 87/109/91 121/133/111 120/129/109
f 83/106/88 82/105/87 118/125/105 117/122/102
f 85/102/84 84/101/83 116/121/101 115/118/98
f 87/116/91 86/112/94 114/117/97 121/131/111
f 81/114/96 88/110/92 120/129/109 119/126/106
f 82/105/87 81/114/96 119/126/106 118/125/105
f 84/101/83 83/106/88 117/122/102 116/121/101
f 86/112/94 85/102/84 115/118/98 114/117/97
f 35/80/64 37/79/63 124/153/129 123/154/130
f 41/77/61 43/75/60 127/155/131 126/156/132
f 47/72/57 33/73/58 122/157/133 129/158/134
f 33/73/58 35/80/64 123/154/130 122/157/133
f 37/79/63 39/78/62 125/159/135 124/153/129
f 43/75/60 45/76/59 128/160/136 127/155/131
f 39/78/62 41/77/61 126/156/132 125/159/135
f 45/74/59 47/72/57 129/158/134 128/161/136
f 133/162/119 132/163/128 137/164/137
f 132/163/128 130/165/126 137/164/137
f 135/166/124 134/167/120 137/164/137
f 134/167/120 133/162/119 137/164/137
f 105/168/115 136/169/122 137/164/137
f 130/165/126 131/170/116 137/164/137
f 136/169/122 135/166/124 137/164/137
f 131/170/116 105/168/115 137/164/137
f 138/171/138 139/172/139 141/173/140 140/174/141
f 140/174/141 141/173/140 143/175/142 142/176/143
f 142/177/143 143/178/142 145/179/144 144/180/145
f 144/180/145 145/179/144 147/181/146 146/182/147
f 146/182/147 147/181/146 149/183/148 148/184/149
f 148/184/149 149/183/148 151/185/150 150/186/151
f 150/186/151 151/185/150 153/187/152 152/188/153
f 152/188/153 153/187/152 139/172/139 138/171/138
f 143/175/142 141/173/140 154/189/154
f 149/183/148 147/181/146 154/189/154
f 139/172/139 153/187/152 154/189/154
f 141/173/140 139/172/139 154/189/154
f 145/179/144 143/178/142 154/189/154
f 151/185/150 149/183/148 154/189/154
f 147/181/146 145/179/144 154/189/154
f 153/187/152 151/185/150 154/189/154
f 223/190/155 156/191/156 158/192/157 224/193/158
f 224/193/158 158/192/157 160/194/159 225/195/160
f 225/196/160 160/197/159 162/198/161 226/199/162
f 226/199/162 162/198/161 164/200/163 227/201/164
f 227/201/164 164/200/163 166/202/165 228/203/166
f 228/203/166 166/202/165 168/204/167 229/205/168
f 229/205/168 168/204/167 170/206/169 230/207/170
f 230/207/170 170/206/169 156/191/156 223/190/155
f 160/194/159 158/192/157 171/208/171
f 166/202/165 164/200/163 171/208/171
f 156/191/156 170/206/169 171/208/171
f 158/192/157 156/191/156 171/208/171
f 162/198/161 160/197/159 171/208/171
f 168/204/167 166/202/165 171/208/171
f 164/200/163 162/198/161 171/208/171
f 170/206/169 168/204/167 171/208/171
f 172/209/172 173/210/173 175/211/174 174/212/175
f 174/212/175 175/211/174 177/213/176 176/214/177
f 176/215/177 177/216/176 179/217/178 178/218/179
f 178/218/179 179/217/178 181/219/180 180/220/181
f 180/220/181 181/219/180 183/221/182 182/222/183
f 182/222/183 183/221/182 185/223/184 184/224/185
f 184/224/185 185/223/184 187/225/186 186/226/187
f 186/226/187 187/225/186 173/210/173 172/209/172
f 177/213/176 175/211/174 188/227/188
f 183/221/182 181/219/180 188/227/188
f 173/210/173 187/225/186 188/227/188
f 175/211/174 173/210/173 188/227/188
f 179/217/178 177/216/176 188/227/188
f 185/223/184 183/221/182 188/227/188
f 181/219/180 179/217/178 188/227/188
f 187/225/186 185/223/184 188/227/188
f 189/228/189 190/229/190 192/230/191 191/231/192
f 191/231/192 192/230/191 194/232/193 193/233/194
f 193/234/194 194/235/193 196/236/195 195/237/196
f 195/237/196 196/236/195 198/238/197 197/239/198
f 197/239/198 198/238/197 200/240/199 199/241/200
f 199/241/200 200/240/199 202/242/201 201/243/202
f 201/243/202 202/242/201 204/244/203 203/245/204
f 203/245/204 204/244/203 190/229/190 189/228/189
f 194/232/193 192/230/191 205/246/205
f 200/240/199 198/238/197 205/246/205
f 190/229/190 204/244/203 205/246/205
f 192/230/191 190/229/190 205/246/205
f 196/236/195 194/235/193 205/246/205
f 202/242/201 200/240/199 205/246/205
f 198/238/197 196/236/195 205/246/205
f 204/244/203 202/242/201 205/246/205
f 206/247/206 207/248/207 209/249/208 208/250/209
f 208/250/209 209/249/208 211/251/210 210/252/211
f 210/253/211 211/254/210 213/255/212 212/256/213
f 212/256/213 213/255/212 215/257/214 214/258/215
f 214/258/215 215/257/214 217/259/216 216/260/217
f 216/260/217 217/259/216 219/261/218 218/262/219
f 218/262/219 219/261/218 221/263/220 220/264/221
f 220/264/221 221/263/220 207/248/207 206/247/206
f 211/251/210 209/249/208 222/265/222
f 217/259/216 215/257/214 222/265/222
f 207/248/207 221/263/220 222/265/222
f 209/249/208 207/248/207 222/265/222
f 213/255/212 211/254/210 222/265/222
f 219/261/218 217/259/216 222/265/222
f 215/257/214 213/255/212 222/265/222
f 221/263/220 219/261/218 222/265/222
f 169/266/223 230/207/170 223/190/155 155/267/224
f 167/268/225 229/205/168 230/207/170 169/266/223
f 165/269/226 228/203/166 229/205/168 167/268/225
f 163/270/227 227/201/164 228/203/166 165/269/226
f 161/271/228 226/199/162 227/201/164 163/270/227
f 159/272/229 225/196/160 226/199/162 161/271/228
f 157/273/230 224/193/158 225/195/160 159/274/229
f 155/267/224 223/190/155 224/193/158 157/273/230
f 249/275/231 251/276/232 318/277/233 320/278/234
f 255/279/235 253/280/236 316/281/237 314/282/238
f 254/283/239 249/284/231 320/285/234 315/286/240
f 251/276/232 252/287/241 317/288/242 318/277/233
f 250/289/243 254/283/239 315/286/240 319/290/244
f 248/291/245 250/289/243 319/290/244 239/292/246
f 231/293/247 232/294/248 246/295/249 247/296/250
f 238/297/251 231/293/247 247/296/250 245/298/252
f 235/299/253 236/300/254 243/301/255 244/302/256
f 232/294/248 233/303/257 241/304/258 246/295/249
f 237/305/259 238/297/251 245/298/252 242/306/260
f 234/307/261 235/299/253 244/302/256 240/308/262
f 236/300/254 237/309/259 242/310/260 243/301/255
f 233/303/257 234/307/261 240/308/262 241/304/258
f 247/296/250 246/295/249 255/279/235 252/287/241
f 245/298/252 247/296/250 252/287/241 251/276/232
f 244/302/256 243/301/255 254/283/239 250/289/243
f 242/306/260 245/298/252 251/276/232 249/275/231
f 240/308/262 244/302/256 250/289/243 248/291/245
f 243/301/255 242/310/260 249/284/231 254/283/239
f 238/297/251 263/311/263 256/312/264 231/293/247
f 237/305/259 262/313/265 263/311/263 238/297/251
f 236/300/254 261/314/266 262/315/265 237/309/259
f 235/299/253 260/316/267 261/314/266 236/300/254
f 234/307/261 259/317/268 260/316/267 235/299/253
f 233/303/257 258/318/269 259/317/268 234/307/261
f 232/294/248 257/319/270 258/318/269 233/303/257
f 231/293/247 256/312/264 257/319/270 232/294/248
f 263/311/263 271/320/271 264/321/272 256/312/264
f 262/313/265 270/322/273 271/320/271 263/311/263
f 261/314/266 269/323/274 270/324/273 262/315/265
f 260/316/267 268/325/275 269/323/274 261/314/266
f 259/317/268 267/326/276 268/325/275 260/316/267
f 258/318/269 266/327/277 267/326/276 259/317/268
f 257/319/270 265/328/278 266/327/277 258/318/269
f 256/312/264 264/321/272 265/328/278 257/319/270
f 306/329/279 313/330/280 331/331/281 278/332/282
f 312/333/283 311/334/284 333/335/285 332/336/286
f 310/337/287 309/338/288 335/339/289 334/340/290
f 308/341/291 307/342/292 337/343/293 336/344/294
f 309/338/288 308/341/291 336/344/294 335/339/289
f 311/334/284 310/337/287 334/340/290 333/335/285
f 313/330/280 312/345/283 332/346/286 331/331/281
f 307/342/292 306/329/279 278/332/282 337/343/293
f 297/347/295 295/348/296 343/349/297 345/350/298
f 295/348/296 290/351/299 281/352/300 343/349/297
f 293/353/301 294/354/302 342/355/303 341/356/304
f 290/351/299 292/357/305 340/358/306 281/352/300
f 296/359/307 291/360/308 339/361/309 344/362/310
f 294/354/302 297/347/295 345/350/298 342/355/303
f 292/357/305 296/359/307 344/362/310 340/358/306
f 291/363/308 293/353/301 341/356/304 339/364/309
f 272/365/311 273/366/312 288/367/313 289/368/314
f 280/369/315 272/365/311 289/368/314 287/370/316
f 276/371/317 277/372/318 285/373/319 286/374/320
f 273/366/312 274/375/321 283/376/322 288/367/313
f 279/377/323 280/369/315 287/370/316 284/378/324
f 275/379/325 276/371/317 286/374/320 282/380/326
f 277/372/318 279/381/323 284/382/324 285/373/319
f 274/375/321 275/379/325 282/380/326 283/376/322
f 289/368/314 288/367/313 297/347/295 294/354/302
f 287/370/316 289/368/314 294/354/302 293/353/301
f 286/374/320 285/373/319 296/359/307 292/357/305
f 288/367/313 283/376/322 295/348/296 297/347/295
f 284/378/324 287/370/316 293/353/301 291/363/308
f 282/380/326 286/374/320 292/357/305 290/351/299
f 285/373/319 284/382/324 291/360/308 296/359/307
f 283/376/322 282/380/326 290/351/299 295/348/296
f 280/369/315 305/383/327 298/384/328 272/365/311
f 279/377/323 304/385/329 305/383/327 280/369/315
f 277/372/318 303/386/330 304/387/329 279/381/323
f 276/371/317 302/388/331 303/386/330 277/372/318
f 275/379/325 301/389/332 302/388/331 276/371/317
f 274/375/321 300/390/333 301/389/332 275/379/325
f 273/366/312 299/391/334 300/390/333 274/375/321
f 272/365/311 298/384/328 299/391/334 273/366/312
f 305/383/327 313/330/280 306/329/279 298/384/328
f 304/385/329 312/345/283 313/330/280 305/383/327
f 303/386/330 311/334/284 312/333/283 304/387/329
f 302/388/331 310/337/287 311/334/284 303/386/330
f 301/389/332 309/338/288 310/337/287 302/388/331
f 300/390/333 308/341/291 309/338/288 301/389/332
f 299/391/334 307/342/292 308/341/291 300/390/333
f 298/384/328 306/329/279 307/342/292 299/391/334
f 253/280/236 248/291/245 239/292/246 316/281/237
f 241/304/258 240/308/262 248/291/245 253/280/236 255/279/235 246/295/249
f 266/327/277 265/328/278 322/392/335 323/393/336
f 268/325/275 267/326/276 324/394/337 325/395/338
f 270/324/273 269/323/274 326/396/339 327/397/340
f 264/321/272 271/320/271 328/398/341 321/399/342
f 265/328/278 264/321/272 321/399/342 322/392/335
f 267/326/276 266/327/277 323/393/336 324/394/337
f 269/323/274 268/325/275 325/395/338 326/396/339
f 271/320/271 270/322/273 327/400/340 328/398/341
f 322/401/335 321/402/342 329/403/343
f 324/404/337 323/405/336 329/403/343
f 326/406/339 325/407/338 329/403/343
f 328/408/341 327/409/340 329/403/343
f 323/405/336 322/401/335 329/403/343
f 325/407/338 324/404/337 329/403/343
f 327/409/340 326/406/339 329/403/343
f 321/402/342 328/408/341 329/403/343
f 252/287/241 255/279/235 314/282/238 317/288/242
f 320/410/234 318/411/233 330/412/344
f 318/411/233 317/413/242 330/412/344
f 319/414/244 315/415/240 330/412/344
f 315/415/240 320/410/234 330/412/344
f 239/416/246 319/414/244 330/412/344
f 317/413/242 314/417/238 330/412/344
f 316/418/237 239/416/246 330/412/344
f 314/417/238 316/418/237 330/412/344
f 335/419/289 336/420/294 338/421/345
f 337/422/293 278/423/282 338/421/345
f 278/423/282 331/424/281 338/421/345
f 332/425/286 333/426/285 338/421/345
f 336/420/294 337/422/293 338/421/345
f 334/427/290 335/419/289 338/421/345
f 331/424/281 332/425/286 338/421/345
f 333/426/285 334/427/290 338/421/345
f 340/428/306 344/429/310 346/430/346
f 339/431/309 341/432/304 346/430/346
f 344/429/310 339/431/309 346/430/346
f 341/432/304 342/433/303 346/430/346
f 345/434/298 343/435/297 346/430/346
f 343/435/297 281/436/300 346/430/346
f 281/436/300 340/428/306 346/430/346
f 342/433/303 345/434/298 346/430/346
f 477/437/347 350/438/348 349/439/349 348/440/350
f 384/441/351 385/442/352 347/443/353 423/444/354
f 366/445/355 352/446/356 411/447/357 354/448/358
f 352/446/356 351/449/359 353/450/360 411/447/357
f 459/451/361 354/448/358 356/452/362 355/453/363
f 355/453/363 356/452/362 495/454/364 458/455/365
f 354/448/358 411/447/357 357/456/366
f 354/448/358 357/456/366 356/452/362
f 369/457/367 359/458/368 361/459/369 370/460/370
f 369/457/367 358/461/371 362/462/372 371/463/373
f 371/463/373 362/462/372 364/464/374 372/465/375
f 373/466/376 368/467/377 351/468/359 352/469/356
f 372/465/375 364/464/374 368/467/377 373/466/376
f 365/470/378 372/465/375 373/466/376 367/471/379
f 367/471/379 373/466/376 352/469/356 366/472/355
f 363/473/380 371/463/373 372/465/375 365/470/378
f 359/458/368 369/457/367 371/463/373 363/473/380
f 358/461/371 369/457/367 370/460/370 360/474/381
f 445/475/382 446/476/383 375/477/384 374/478/385
f 374/478/385 375/477/384 377/479/386 376/480/387
f 376/480/387 377/479/386 379/481/388 378/482/389
f 378/482/389 379/481/388 381/483/390 380/484/391
f 376/480/387 378/482/389 383/485/392 382/486/393
f 382/486/393 383/485/392 385/487/352 384/488/351
f 386/489/394 383/485/392 378/482/389 380/484/391
f 385/487/352 383/485/392 386/489/394 347/490/353
f 435/491/395 433/492/396 388/493/397 389/494/398
f 433/492/396 387/495/399 388/493/397
f 379/481/388 377/479/386 392/496/400 391/497/401
f 381/483/390 379/481/388 391/497/401 390/498/402
f 424/499/403 544/500/404 392/496/400 377/479/386
f 447/501/405 393/502/406 375/477/384 446/476/383
f 380/484/391 381/483/390 395/503/407 394/504/408
f 380/484/391 394/504/408 386/489/394
f 396/505/409 395/503/407 381/483/390 390/498/402
f 434/506/410 396/505/409 390/498/402 438/507/411
f 722/508/412 721/509/413 712/510/414 711/511/415
f 407/512/416 409/513/417 401/514/418 398/515/419
f 409/513/417 410/516/420 403/517/421 401/514/418
f 412/518/422 411/519/357 353/520/360 406/521/423
f 410/516/420 412/518/422 406/521/423 403/517/421
f 713/522/424 714/523/425 412/518/422 410/516/420
f 712/510/414 713/522/424 410/516/420 409/513/417
f 711/511/415 712/510/414 409/513/417 407/512/416
f 398/515/419 400/524/426 408/525/427 407/512/416
f 448/526/428 413/527/429 414/528/430 449/529/431
f 413/527/429 415/530/432 416/531/433 414/528/430
f 415/532/432 417/533/434 418/534/435 416/535/433
f 417/533/434 419/536/436 420/537/437 418/534/435
f 415/532/432 421/538/438 422/539/439 417/533/434
f 421/538/438 423/540/354 422/539/439
f 425/541/440 419/536/436 417/533/434 422/539/439
f 423/540/354 425/541/440 422/539/439
f 439/542/441 517/543/442 516/544/443 437/545/444
f 437/545/444 516/544/443 515/546/445 520/547/446
f 418/534/435 428/548/447 520/547/446 416/535/433
f 420/537/437 427/549/448 428/548/447 418/534/435
f 717/550/449 449/529/431 414/528/430 716/551/450
f 419/536/436 430/552/451 431/553/452 420/537/437
f 419/536/436 425/541/440 430/552/451
f 432/554/453 427/549/448 420/537/437 431/553/452
f 442/555/454 441/556/455 427/549/448 432/554/453
f 358/461/371 360/474/381 400/524/426 398/515/419
f 361/459/369 359/458/368 399/557/456 492/558/457
f 359/458/368 363/473/380 402/559/458 399/557/456
f 362/462/372 358/461/371 398/515/419 401/514/418
f 363/473/380 365/470/378 404/560/459 402/559/458
f 364/464/374 362/462/372 401/514/418 403/517/421
f 365/470/378 367/471/379 405/561/460 404/560/459
f 351/468/359 368/467/377 406/521/423 353/520/360
f 367/471/379 366/472/355 354/562/358 405/561/460
f 368/467/377 364/464/374 403/517/421 406/521/423
f 445/475/382 374/478/385 413/527/429 448/526/428
f 374/478/385 376/480/387 415/530/432 413/527/429
f 376/480/387 382/486/393 421/563/438 415/530/432
f 377/479/386 375/477/384 426/564/461 424/499/403
f 382/486/393 384/488/351 423/565/354 421/563/438
f 485/566/462 514/567/463 512/568/464 546/569/465
f 347/490/353 386/489/394 425/570/440 423/571/354
f 388/493/397 387/495/399 515/572/466 516/573/467
f 389/494/398 388/493/397 516/573/467 517/574/468
f 390/498/402 391/497/401 443/575/469 438/507/411
f 392/496/400 544/500/404 545/576/470 520/577/446
f 447/501/405 361/459/369 492/558/457 542/578/471
f 394/504/408 395/503/407 431/579/452 430/580/451
f 386/489/394 394/504/408 430/580/451 425/570/440
f 395/503/407 396/505/409 432/581/453 431/579/452
f 489/582/472 543/583/473 517/574/468 481/584/474
f 436/585/475 397/586/476 524/587/477 440/588/478
f 434/506/410 436/585/475 440/588/478 442/589/454
f 387/495/399 520/577/446 515/572/466
f 524/590/477 517/543/442 439/542/441 440/591/478
f 428/548/447 444/592/479 437/545/444 520/547/446
f 441/556/455 439/542/441 437/545/444 444/592/479
f 397/586/476 436/585/475 435/491/395 389/494/398
f 391/497/401 392/496/400 433/492/396 443/575/469
f 438/507/411 443/575/469 433/492/396 435/491/395
f 427/549/448 441/556/455 444/592/479 428/548/447
f 396/505/409 434/506/410 442/589/454 432/581/453
f 440/591/478 439/542/441 441/556/455 442/555/454
f 436/585/475 434/506/410 438/507/411 435/491/395
f 375/477/384 393/502/406 426/564/461
f 393/502/406 447/501/405 542/578/471 429/593/480
f 360/474/381 445/475/382 448/526/428 400/524/426
f 715/594/481 408/525/427 449/529/431 717/550/449
f 400/524/426 448/526/428 449/529/431 408/525/427
f 361/459/369 447/501/405 446/476/383 370/460/370
f 360/474/381 370/460/370 446/476/383 445/475/382
f 462/595/482 463/596/483 453/597/484 451/598/485
f 462/595/482 464/599/486 454/600/487 450/601/488
f 464/599/486 465/602/489 456/603/490 454/600/487
f 466/604/491 355/605/363 458/606/365 461/607/492
f 465/602/489 466/604/491 461/607/492 456/603/490
f 457/608/493 460/609/494 466/604/491 465/602/489
f 460/609/494 459/610/361 355/605/363 466/604/491
f 455/611/495 457/608/493 465/602/489 464/599/486
f 451/598/485 455/611/495 464/599/486 462/595/482
f 450/601/488 452/612/496 463/596/483 462/595/482
f 537/613/497 467/614/498 468/615/499 538/616/500
f 467/614/498 469/617/501 470/618/502 468/615/499
f 469/617/501 471/619/503 472/620/504 470/618/502
f 471/619/503 473/621/505 474/622/506 472/620/504
f 469/617/501 475/623/507 476/624/508 471/619/503
f 475/623/507 477/625/347 348/626/350 476/624/508
f 478/627/509 473/621/505 471/619/503 476/624/508
f 348/626/350 349/628/349 478/627/509 476/624/508
f 527/629/510 481/584/474 480/630/511 525/631/512
f 479/632/513 525/631/512 480/630/511
f 472/620/504 483/633/514 484/634/515 470/618/502
f 474/622/506 482/635/516 483/633/514 472/620/504
f 546/569/465 512/568/464 470/618/502 484/634/515
f 539/636/517 538/616/500 468/615/499 485/566/462
f 473/621/505 486/637/518 487/638/519 474/622/506
f 473/621/505 478/627/509 486/637/518
f 488/639/520 482/635/516 474/622/506 487/638/519
f 526/640/521 530/641/522 482/635/516 488/639/520
f 722/642/412 705/643/523 708/644/524 721/645/413
f 497/646/525 490/647/526 493/648/527 499/649/528
f 499/649/528 493/648/527 494/650/529 500/651/530
f 501/652/531 496/653/532 495/654/364 356/655/362
f 500/651/530 494/650/529 496/653/532 501/652/531
f 707/656/533 500/651/530 501/652/531 703/657/534
f 703/657/534 501/652/531 356/655/362 710/658/535
f 708/644/524 499/649/528 500/651/530 707/656/533
f 705/643/523 497/646/525 499/649/528 708/644/524
f 490/647/526 497/646/525 498/659/536 491/660/537
f 540/661/538 541/662/539 503/663/540 502/664/541
f 502/664/541 503/663/540 505/665/542 504/666/543
f 504/667/543 505/668/542 507/669/544 506/670/545
f 506/670/545 507/669/544 509/671/546 508/672/547
f 504/667/543 506/670/545 511/673/548 510/674/549
f 510/674/549 511/673/548 350/675/348
f 513/676/550 511/673/548 506/670/545 508/672/547
f 350/675/348 511/673/548 513/676/550
f 531/677/551 529/678/552 516/679/443 517/543/442
f 529/678/552 520/680/553 515/681/445 516/679/443
f 507/669/544 505/668/542 520/680/553 519/682/554
f 509/671/546 507/669/544 519/682/554 518/683/555
f 706/684/556 709/685/557 503/663/540 541/662/539
f 508/672/547 509/671/546 522/686/558 521/687/559
f 508/672/547 521/687/559 513/676/550
f 523/688/560 522/686/558 509/671/546 518/683/555
f 534/689/561 523/688/560 518/683/555 533/690/562
f 450/601/488 490/647/526 491/660/537 452/612/496
f 453/597/484 492/558/457 399/557/456 451/598/485
f 451/598/485 399/557/456 402/559/458 455/611/495
f 454/600/487 493/648/527 490/647/526 450/601/488
f 455/611/495 402/559/458 404/560/459 457/608/493
f 456/603/490 494/650/529 493/648/527 454/600/487
f 457/608/493 404/560/459 405/561/460 460/609/494
f 458/606/365 495/654/364 496/653/532 461/607/492
f 460/609/494 405/561/460 354/562/358 459/610/361
f 461/607/492 496/653/532 494/650/529 456/603/490
f 537/613/497 540/661/538 502/664/541 467/614/498
f 467/614/498 502/664/541 504/666/543 469/617/501
f 469/617/501 504/666/543 510/691/549 475/623/507
f 470/618/502 512/568/464 514/567/463 468/615/499
f 475/623/507 510/691/549 350/692/348 477/625/347
f 349/628/349 350/693/348 513/694/550 478/627/509
f 480/630/511 516/695/563 515/696/564 479/632/513
f 481/584/474 517/574/468 516/695/563 480/630/511
f 482/635/516 530/641/522 535/697/565 483/633/514
f 484/634/515 520/577/446 545/576/470 546/569/465
f 539/636/517 542/698/566 492/558/457 453/597/484
f 486/637/518 521/699/559 522/700/558 487/638/519
f 478/627/509 513/694/550 521/699/559 486/637/518
f 487/638/519 522/700/558 523/701/560 488/639/520
f 524/587/477 543/583/473 489/582/472
f 528/702/567 532/703/568 524/587/477 489/582/472
f 526/640/521 534/704/561 532/703/568 528/702/567
f 479/632/513 520/577/446 484/634/515
f 524/590/477 532/705/568 531/677/551 517/543/442
f 519/682/554 520/680/553 529/678/552 536/706/569
f 533/690/562 536/706/569 529/678/552 531/677/551
f 489/582/472 481/584/474 527/629/510 528/702/567
f 483/633/514 535/697/565 525/631/512 484/634/515
f 530/641/522 527/629/510 525/631/512 535/697/565
f 518/683/555 519/682/554 536/706/569 533/690/562
f 488/639/520 523/701/560 534/704/561 526/640/521
f 532/705/568 534/689/561 533/690/562 531/677/551
f 528/702/567 527/629/510 530/641/522 526/640/521
f 468/615/499 514/567/463 485/566/462
f 485/566/462 429/593/480 542/698/566 539/636/517
f 452/612/496 491/660/537 540/661/538 537/613/497
f 704/707/570 706/684/556 541/662/539 498/659/536
f 491/660/537 498/659/536 541/662/539 540/661/538
f 453/597/484 463/596/483 538/616/500 539/636/517
f 452/612/496 537/613/497 538/616/500 463/596/483
f 714/523/425 718/708/571 411/519/357 412/518/422
f 524/587/477 397/586/476 543/583/473
f 397/586/476 389/494/398 517/574/468 543/583/473
f 545/576/470 544/500/404 393/502/406 429/593/480
f 546/569/465 545/576/470 429/593/480 485/566/462
f 433/492/396 392/496/400 387/495/399
f 479/632/513 515/696/564 520/577/446
f 387/495/399 392/496/400 520/577/446
f 479/632/513 484/634/515 525/631/512
f 424/499/403 426/564/461 393/502/406 544/500/404
f 601/709/572 547/710/573 563/711/574 551/712/575
f 547/710/573 602/713/576 552/714/577 563/711/574
f 550/715/578 601/709/572 551/712/575 577/716/579
f 549/717/580 548/718/581 569/719/582 574/720/583
f 647/721/584 549/717/580 574/720/583 697/722/585
f 548/718/581 550/715/578 577/716/579 569/719/582
f 553/723/586 578/724/587 554/725/588
f 621/726/589 553/723/586 554/725/588 648/727/590
f 669/728/591 554/725/588 555/729/592
f 681/730/593 648/727/590 554/725/588 669/728/591
f 554/725/588 578/724/587 649/731/594
f 555/729/592 554/725/588 649/731/594
f 560/732/595 561/733/596 558/734/597 694/735/598
f 561/733/596 562/736/599 695/737/600 558/734/597
f 562/736/599 563/738/574 552/739/577 695/737/600
f 559/740/601 551/741/575 563/738/574 562/736/599
f 557/742/602 559/740/601 562/736/599 561/733/596
f 556/743/603 557/742/602 561/733/596 560/732/595
f 577/744/579 551/741/575 559/740/601 576/745/604
f 559/740/601 557/742/602 575/746/605 576/745/604
f 557/742/602 556/743/603 570/747/606 575/746/605
f 571/748/607 565/749/608 567/750/609 572/751/610
f 572/751/610 567/750/609 696/752/611 573/753/612
f 573/753/612 696/752/611 697/754/585 574/755/583
f 568/756/613 573/753/612 574/755/583 569/757/582
f 566/758/614 572/751/610 573/753/612 568/756/613
f 564/759/615 571/748/607 572/751/610 566/758/614
f 577/760/579 576/761/604 568/756/613 569/757/582
f 568/756/613 576/761/604 575/762/605 566/758/614
f 566/758/614 575/762/605 570/763/606 564/759/615
f 617/764/616 610/765/617 579/766/618 595/767/619
f 619/768/620 604/769/621 580/770/622 611/771/623
f 615/772/624 589/773/625 586/774/626 614/775/627
f 613/776/628 584/777/629 589/773/625 615/772/624
f 614/775/627 586/774/626 591/778/630 616/779/631
f 603/780/632 581/781/633 593/782/634 605/783/635
f 620/784/636 617/764/616 595/767/619 608/785/637
f 579/766/618 592/786/638 595/767/619
f 581/781/633 596/787/639 593/782/634
f 605/783/635 593/782/634 598/788/640 606/789/641
f 606/789/641 598/788/640 600/790/642 607/791/643
f 607/791/643 600/790/642 602/792/576 547/793/573
f 585/794/644 588/795/645 653/796/646 651/797/647
f 595/767/619 592/786/638 655/798/648 656/799/649
f 622/800/650 585/794/644 651/797/647 683/801/651
f 596/787/639 583/802/652 650/803/653 657/804/654
f 588/795/645 587/805/655 652/806/656 653/796/646
f 608/785/637 595/767/619 656/799/649 668/807/657
f 587/805/655 590/808/658 654/809/659 652/806/656
f 599/810/660 607/791/643 547/793/573 601/811/572
f 597/812/661 606/789/641 607/791/643 599/810/660
f 592/786/638 605/783/635 606/789/641 597/812/661
f 579/766/618 603/780/632 605/783/635 592/786/638
f 596/787/639 657/804/654 663/813/662 593/782/634
f 550/814/578 665/815/663 599/810/660 601/811/572
f 599/810/660 665/815/663 664/816/664 597/812/661
f 597/812/661 664/816/664 655/798/648 592/786/638
f 578/817/587 608/785/637 699/818/665 649/819/594
f 553/820/586 620/784/636 608/785/637 578/817/587
f 621/821/589 609/822/666 620/784/636 553/820/586
f 579/766/618 610/765/617 619/768/620 603/780/632
f 581/781/633 611/771/623 618/823/667 596/787/639
f 609/822/666 594/824/668 617/764/616 620/784/636
f 587/805/655 614/775/627 616/779/631 590/808/658
f 585/794/644 613/776/628 615/772/624 588/795/645
f 588/795/645 615/772/624 614/775/627 587/805/655
f 612/825/669 582/826/670 584/777/629 613/776/628
f 596/787/639 618/823/667 612/825/669 583/802/652
f 603/780/632 619/768/620 611/771/623 581/781/633
f 583/802/652 622/800/650 683/801/651 650/803/653
f 622/800/650 613/776/628 585/794/644
f 583/802/652 612/825/669 613/776/628 622/800/650
f 677/827/671 640/828/672 624/829/673 670/830/674
f 679/831/675 671/832/676 625/833/677 659/834/678
f 678/835/679 672/836/680 627/837/681 642/838/682
f 675/839/683 674/840/684 631/841/685 634/842/686
f 673/843/687 675/839/683 634/842/686 629/844/688
f 674/840/684 676/845/689 636/846/690 631/841/685
f 658/847/691 660/848/692 638/849/693 626/850/694
f 680/851/695 666/852/696 640/828/672 677/827/671
f 624/829/673 640/828/672 637/853/697
f 671/832/676 678/835/679 642/838/682 625/833/677
f 626/850/694 638/849/693 641/854/698
f 660/848/692 661/855/699 644/856/700 638/849/693
f 661/855/699 662/857/701 646/858/702 644/856/700
f 662/857/701 549/859/580 647/860/584 646/858/702
f 630/861/703 651/797/647 653/796/646 633/862/704
f 640/828/672 656/863/649 655/864/648 637/853/697
f 682/865/705 683/801/651 651/797/647 630/861/703
f 641/854/698 657/804/654 650/803/653 628/866/706
f 633/862/704 653/796/646 652/806/656 632/867/707
f 666/852/696 668/868/657 656/863/649 640/828/672
f 632/867/707 652/806/656 654/809/659 635/869/708
f 645/870/709 548/871/581 549/859/580 662/857/701
f 643/872/710 645/870/709 662/857/701 661/855/699
f 637/853/697 643/872/710 661/855/699 660/848/692
f 624/829/673 637/853/697 660/848/692 658/847/691
f 670/830/674 679/831/675 659/834/678 623/873/711
f 641/854/698 638/849/693 663/813/662 657/804/654
f 550/874/578 548/871/581 645/870/709 665/875/663
f 645/870/709 643/872/710 664/876/664 665/875/663
f 643/872/710 637/853/697 655/864/648 664/876/664
f 555/877/592 649/878/594 699/879/665 666/852/696
f 669/880/591 555/877/592 666/852/696 680/851/695
f 681/881/593 669/880/591 680/851/695 667/882/712
f 624/829/673 658/847/691 679/831/675 670/830/674
f 626/850/694 641/854/698 678/835/679 671/832/676
f 667/882/712 680/851/695 677/827/671 639/883/713
f 632/867/707 635/869/708 676/845/689 674/840/684
f 630/861/703 633/862/704 675/839/683 673/843/687
f 633/862/704 632/867/707 674/840/684 675/839/683
f 672/836/680 673/843/687 629/844/688 627/837/681
f 641/854/698 628/866/706 672/836/680 678/835/679
f 658/847/691 626/850/694 671/832/676 679/831/675
f 639/883/713 677/827/671 670/830/674 623/873/711
f 628/866/706 650/803/653 683/801/651 682/865/705
f 682/865/705 630/861/703 673/843/687
f 628/866/706 682/865/705 673/843/687 672/836/680
f 609/822/666 621/821/589 648/884/590 692/885/714
f 594/824/668 609/822/666 692/885/714 689/886/715
f 580/770/622 604/769/621 684/887/716 690/888/717
f 589/773/625 584/777/629 691/889/718 688/890/719
f 586/774/626 589/773/625 688/890/719 685/891/720
f 685/892/720 631/841/685 636/846/690 693/893/721
f 684/894/716 686/895/722 623/873/711 659/834/678
f 693/896/721 591/778/630 586/774/626 685/891/720
f 690/897/717 684/894/716 659/834/678 625/833/677
f 689/898/715 692/899/714 667/882/712 639/883/713
f 688/900/719 691/901/718 629/844/688 634/842/686
f 687/902/723 690/897/717 625/833/677 642/838/682
f 686/895/722 689/898/715 639/883/713 623/873/711
f 685/892/720 688/900/719 634/842/686 631/841/685
f 667/882/712 692/899/714 648/903/590 681/881/593
f 642/838/682 627/837/681 702/904/724 687/902/723
f 598/788/640 593/782/634 694/905/598 558/906/597
f 600/790/642 598/788/640 558/906/597 695/907/600
f 602/792/576 600/790/642 695/907/600 552/908/577
f 593/782/634 663/813/662 698/909/725 694/905/598
f 638/849/693 644/856/700 567/910/609 565/911/608
f 644/856/700 646/858/702 696/912/611 567/910/609
f 646/858/702 647/860/584 697/913/585 696/912/611
f 663/813/662 638/849/693 565/911/608 698/909/725
f 699/818/665 608/785/637 668/807/657
f 666/852/696 699/879/665 668/868/657
f 700/914/726 610/765/617 617/764/616 594/824/668
f 594/824/668 689/886/715 686/915/722 700/914/726
f 604/769/621 700/914/726 686/915/722 684/887/716
f 619/768/620 610/765/617 700/914/726 604/769/621
f 580/770/622 690/888/717 687/916/723 701/917/727
f 580/770/622 701/917/727 618/823/667 611/771/623
f 584/777/629 582/826/670 702/918/724 691/889/718
f 702/904/724 627/837/681 629/844/688 691/901/718
f 582/826/670 612/825/669 618/823/667 701/917/727
f 687/916/723 702/918/724 582/826/670 701/917/727
f 492/919/457 542/920/728 706/684/556 704/707/570
f 542/920/728 429/921/729 709/685/557 706/684/556
f 721/645/413 708/644/524 707/656/533 720/922/730
f 720/922/730 707/656/533 703/657/534 719/923/731
f 719/923/731 703/657/534 710/658/535 357/924/732
f 357/925/732 718/708/571 714/523/425 719/926/731
f 497/646/525 705/643/523 704/707/570 498/659/536
f 492/927/457 715/594/481 717/550/449 542/928/566
f 542/928/566 717/550/449 716/551/450 429/929/729
f 713/522/424 712/510/414 721/509/413 720/930/730
f 407/512/416 408/525/427 715/594/481 711/511/415
f 714/523/425 713/522/424 720/930/730 719/926/731
f 705/643/523 722/642/412 492/919/457 704/707/570
f 711/511/415 715/594/481 492/927/457 722/508/412
f 654/809/659 590/808/658 723/931/733 728/932/734
f 693/893/721 636/846/690 727/933/735 730/934/736
f 636/846/690 676/845/689 729/935/737 727/933/735
f 591/778/630 693/896/721 730/936/736 724/937/738
f 590/808/658 616/779/631 725/938/739 723/931/733
f 676/845/689 635/869/708 726/939/740 729/935/737
f 616/779/631 591/778/630 724/937/738 725/938/739
f 635/869/708 654/809/659 728/932/734 726/939/740
f 730/940/736 727/941/735 731/942/741
f 726/943/740 728/944/734 731/942/741
f 725/945/739 724/946/738 731/942/741
f 723/947/733 725/945/739 731/942/741
f 724/946/738 730/940/736 731/942/741
f 727/941/735 729/948/737 731/942/741
f 729/948/737 726/943/740 731/942/741
f 728/944/734 723/947/733 731/942/741
f 837/949/742 833/950/743 764/951/744 765/952/745
f 767/953/746 766/954/747 774/955/748 775/956/749
f 825/957/750 740/958/751 742/959/752 826/960/753
f 839/961/754 834/962/755 767/953/746 768/963/756
f 768/963/756 767/953/746 775/956/749 776/964/757
f 826/960/753 742/959/752 744/965/758 827/966/759
f 833/950/743 836/967/760 763/968/761 764/951/744
f 764/951/744 763/968/761 771/969/762 772/970/763
f 827/971/759 744/972/758 746/973/764 828/974/765
f 835/975/766 840/976/767 737/977/768 738/978/769
f 765/952/745 764/951/744 772/970/763 773/979/770
f 828/974/765 746/973/764 748/980/771 829/981/772
f 834/962/755 838/982/773 766/954/747 767/953/746
f 737/977/768 768/963/756 776/964/757 769/983/774
f 829/981/772 748/980/771 750/984/775 830/985/776
f 836/986/760 835/975/766 738/978/769 763/987/761
f 738/978/769 737/977/768 769/983/774 770/988/777
f 830/985/776 750/984/775 752/989/778 831/990/779
f 838/982/773 837/949/742 765/952/745 766/954/747
f 766/954/747 765/952/745 773/979/770 774/955/748
f 831/990/779 752/989/778 754/991/780 832/992/781
f 840/976/767 839/961/754 768/963/756 737/977/768
f 763/987/761 738/978/769 770/988/777 771/993/762
f 832/992/781 754/991/780 740/958/751 825/957/750
f 753/994/782 762/995/783 755/996/784 739/997/785
f 751/998/786 761/999/787 762/995/783 753/994/782
f 749/1000/788 760/1001/789 761/999/787 751/998/786
f 747/1002/790 759/1003/791 760/1001/789 749/1000/788
f 745/1004/792 758/1005/793 759/1003/791 747/1002/790
f 743/1006/794 757/1007/795 758/1005/793 745/1004/792
f 741/1008/796 756/1009/797 757/1010/795 743/1011/794
f 739/997/785 755/996/784 756/1009/797 741/1008/796
f 848/1012/798 845/1013/799 779/1014/800 780/1015/801
f 849/1016/802 846/1017/803 781/1018/804 782/1019/805
f 850/1020/806 736/1021/807 783/1022/808 784/1023/809
f 845/1024/799 847/1025/810 778/1026/811 779/1027/800
f 846/1017/803 848/1012/798 780/1015/801 781/1018/804
f 736/1021/807 849/1016/802 782/1019/805 783/1022/808
f 851/1028/812 850/1020/806 784/1023/809 777/1029/813
f 847/1025/810 851/1028/812 777/1029/813 778/1026/811
f 955/1030/814 951/1031/815 792/1032/816 785/1033/817
f 956/1034/818 955/1030/814 785/1033/817 786/1035/819
f 957/1036/820 952/1037/821 787/1038/822 788/1039/823
f 958/1040/824 953/1041/825 789/1042/826 790/1043/827
f 951/1031/815 954/1044/828 791/1045/829 792/1032/816
f 952/1046/821 956/1034/818 786/1035/819 787/1047/822
f 953/1041/825 957/1036/820 788/1039/823 789/1042/826
f 954/1044/828 958/1040/824 790/1043/827 791/1045/829
f 868/1048/830 869/1049/831 794/1050/832 795/1051/833
f 870/1052/834 871/1053/835 796/1054/836 797/1055/837
f 872/1056/838 873/1057/839 798/1058/840 799/1059/841
f 874/1060/842 875/1061/843 800/1062/844 793/1063/845
f 869/1049/831 874/1060/842 793/1063/845 794/1050/832
f 871/1053/835 868/1064/830 795/1065/833 796/1054/836
f 873/1057/839 870/1052/834 797/1055/837 798/1058/840
f 875/1061/843 872/1056/838 799/1059/841 800/1062/844
f 800/1062/844 799/1059/841 807/1066/846 808/1067/847
f 795/1051/833 794/1050/832 802/1068/848 803/1069/849
f 797/1055/837 796/1054/836 804/1070/850 805/1071/851
f 799/1059/841 798/1058/840 806/1072/852 807/1066/846
f 793/1063/845 800/1062/844 808/1067/847 801/1073/853
f 794/1050/832 793/1063/845 801/1073/853 802/1068/848
f 796/1054/836 795/1065/833 803/1074/849 804/1070/850
f 798/1058/840 797/1055/837 805/1071/851 806/1072/852
f 802/1068/848 801/1073/853 809/1075/854 810/1076/855
f 804/1070/850 803/1074/849 811/1077/856 812/1078/857
f 806/1072/852 805/1071/851 813/1079/858 814/1080/859
f 808/1067/847 807/1066/846 815/1081/860 816/1082/861
f 803/1069/849 802/1068/848 810/1076/855 811/1083/856
f 805/1071/851 804/1070/850 812/1078/857 813/1079/858
f 807/1066/846 806/1072/852 814/1080/859 815/1081/860
f 801/1073/853 808/1067/847 816/1082/861 809/1075/854
f 902/1084/862 899/1085/863 822/1086/864 823/1087/865
f 903/1088/866 900/1089/867 824/1090/868 817/1091/869
f 904/1092/870 903/1088/866 817/1091/869 818/1093/871
f 905/1094/872 907/1095/873 819/1096/874 820/1097/875
f 899/1085/863 901/1098/876 821/1099/877 822/1086/864
f 900/1089/867 902/1084/862 823/1087/865 824/1090/868
f 901/1098/876 905/1094/872 820/1097/875 821/1099/877
f 762/995/783 832/992/781 825/957/750 755/996/784
f 761/999/787 831/990/779 832/992/781 762/995/783
f 760/1001/789 830/985/776 831/990/779 761/999/787
f 759/1003/791 829/981/772 830/985/776 760/1001/789
f 758/1005/793 828/974/765 829/981/772 759/1003/791
f 757/1007/795 827/971/759 828/974/765 758/1005/793
f 756/1009/797 826/960/753 827/966/759 757/1010/795
f 755/996/784 825/957/750 826/960/753 756/1009/797
f 740/958/751 754/991/780 839/961/754 840/976/767
f 750/984/775 748/980/771 837/949/742 838/982/773
f 744/965/758 742/959/752 835/975/766 836/986/760
f 752/989/778 750/984/775 838/982/773 834/962/755
f 742/959/752 740/958/751 840/976/767 835/975/766
f 746/973/764 744/972/758 836/967/760 833/950/743
f 754/991/780 752/989/778 834/962/755 839/961/754
f 748/980/771 746/973/764 833/950/743 837/949/742
f 772/970/763 771/969/762 733/1100/878 732/1101/879
f 774/955/748 773/979/770 734/1102/880 841/1103/881
f 776/964/757 775/956/749 844/1104/882 842/1105/883
f 771/993/762 770/988/777 735/1106/884 733/1107/878
f 773/979/770 772/970/763 732/1101/879 734/1102/880
f 775/956/749 774/955/748 841/1103/881 844/1104/882
f 769/983/774 776/964/757 842/1105/883 843/1108/885
f 770/988/777 769/983/774 843/1108/885 735/1106/884
f 934/1109/886 930/1110/887 857/1111/888 859/1112/889
f 933/1113/890 929/1114/891 856/1115/892 858/1116/893
f 932/1117/894 927/1118/895 852/1119/896 855/1120/897
f 931/1121/898 934/1109/886 859/1112/889 853/1122/899
f 930/1110/887 933/1123/890 858/1124/893 857/1111/888
f 929/1114/891 928/1125/900 854/1126/901 856/1115/892
f 928/1125/900 932/1117/894 855/1120/897 854/1126/901
f 927/1118/895 931/1121/898 853/1122/899 852/1119/896
f 883/1127/902 879/1128/903 867/1129/904 863/1130/905
f 882/1131/906 878/1132/907 866/1133/908 862/1134/909
f 881/1135/910 876/1136/911 864/1137/912 861/1138/913
f 880/1139/914 883/1127/902 863/1130/905 860/1140/915
f 879/1128/903 882/1141/906 862/1142/909 867/1129/904
f 878/1132/907 877/1143/916 865/1144/917 866/1133/908
f 877/1143/916 881/1135/910 861/1138/913 865/1144/917
f 876/1136/911 880/1139/914 860/1140/915 864/1137/912
f 792/1032/816 791/1045/829 872/1056/838 875/1061/843
f 790/1043/827 789/1042/826 870/1052/834 873/1057/839
f 788/1039/823 787/1038/822 868/1064/830 871/1053/835
f 786/1035/819 785/1033/817 874/1060/842 869/1049/831
f 785/1033/817 792/1032/816 875/1061/843 874/1060/842
f 791/1045/829 790/1043/827 873/1057/839 872/1056/838
f 789/1042/826 788/1039/823 871/1053/835 870/1052/834
f 787/1047/822 786/1035/819 869/1049/831 868/1048/830
f 884/1145/918 888/1146/919 880/1139/914 876/1136/911
f 885/1147/920 889/1148/921 881/1135/910 877/1143/916
f 886/1149/922 885/1147/920 877/1143/916 878/1132/907
f 887/1150/923 890/1151/924 882/1141/906 879/1128/903
f 888/1146/919 891/1152/925 883/1127/902 880/1139/914
f 889/1148/921 884/1145/918 876/1136/911 881/1135/910
f 890/1153/924 886/1149/922 878/1132/907 882/1131/906
f 891/1152/925 887/1150/923 879/1128/903 883/1127/902
f 859/1112/889 857/1111/888 887/1150/923 891/1152/925
f 858/1116/893 856/1115/892 886/1149/922 890/1153/924
f 855/1120/897 852/1119/896 884/1145/918 889/1148/921
f 853/1122/899 859/1112/889 891/1152/925 888/1146/919
f 857/1111/888 858/1124/893 890/1151/924 887/1150/923
f 856/1115/892 854/1126/901 885/1147/920 886/1149/922
f 854/1126/901 855/1120/897 889/1148/921 885/1147/920
f 852/1119/896 853/1122/899 888/1146/919 884/1145/918
f 863/1130/905 867/1129/904 898/1154/926 894/1155/927
f 862/1134/909 866/1133/908 897/1156/928 908/1157/929
f 861/1138/913 864/1137/912 895/1158/930 893/1159/931
f 860/1140/915 863/1130/905 894/1155/927 892/1160/932
f 867/1129/904 862/1142/909 906/1161/933 898/1154/926
f 866/1133/908 865/1144/917 896/1162/934 897/1156/928
f 865/1144/917 861/1138/913 893/1159/931 896/1162/934
f 864/1137/912 860/1140/915 892/1160/932 895/1158/930
f 894/1155/927 898/1154/926 905/1094/872 901/1098/876
f 893/1159/931 895/1158/930 902/1084/862 900/1089/867
f 892/1160/932 894/1155/927 901/1098/876 899/1085/863
f 898/1154/926 906/1161/933 907/1095/873 905/1094/872
f 897/1156/928 896/1162/934 903/1088/866 904/1092/870
f 896/1162/934 893/1159/931 900/1089/867 903/1088/866
f 895/1158/930 892/1160/932 899/1085/863 902/1084/862
f 913/1163/935 819/1164/874 912/1165/936
f 914/1166/937 916/1167/938 925/1168/939 923/1169/940
f 917/1170/941 916/1167/938 914/1166/937 915/1171/942
f 909/1172/943 908/1157/929 897/1156/928 904/1092/870
f 916/1167/938 919/1173/944 921/1174/945 925/1168/939
f 819/1164/874 909/1172/943 904/1092/870 818/1093/871
f 911/1175/946 910/1176/947 913/1163/935 912/1165/936
f 915/1171/942 914/1166/937 911/1177/946 912/1178/936
f 920/1179/948 918/1180/949 913/1163/935 910/1176/947
f 912/1178/936 819/1096/874 915/1171/942
f 862/1134/909 908/1157/929 920/1179/948 919/1181/944
f 907/1095/873 917/1170/941 915/1171/942 819/1096/874
f 908/1157/929 909/1172/943 918/1180/949 920/1179/948
f 906/1161/933 862/1142/909 919/1173/944 916/1167/938
f 907/1095/873 906/1161/933 916/1167/938 917/1170/941
f 909/1172/943 819/1164/874 913/1163/935 918/1180/949
f 921/1182/945 926/1183/950 924/1184/951 922/1185/952
f 925/1168/939 921/1174/945 922/1186/952 923/1169/940
f 920/1179/948 910/1176/947 924/1184/951 926/1183/950
f 910/1176/947 911/1175/946 922/1185/952 924/1184/951
f 919/1181/944 920/1179/948 926/1183/950 921/1182/945
f 911/1177/946 914/1166/937 923/1169/940 922/1186/952
f 935/1187/953 939/1188/954 931/1121/898 927/1118/895
f 936/1189/955 940/1190/956 932/1117/894 928/1125/900
f 937/1191/957 936/1189/955 928/1125/900 929/1114/891
f 938/1192/958 941/1193/959 933/1123/890 930/1110/887
f 939/1188/954 942/1194/960 934/1109/886 931/1121/898
f 940/1190/956 935/1187/953 927/1118/895 932/1117/894
f 941/1195/959 937/1191/957 929/1114/891 933/1113/890
f 942/1194/960 938/1192/958 930/1110/887 934/1109/886
f 813/1079/858 812/1078/857 938/1192/958 942/1194/960
f 811/1083/856 810/1076/855 937/1191/957 941/1195/959
f 816/1082/861 815/1081/860 935/1187/953 940/1190/956
f 814/1080/859 813/1079/858 942/1194/960 939/1188/954
f 812/1078/857 811/1077/856 941/1193/959 938/1192/958
f 810/1076/855 809/1075/854 936/1189/955 937/1191/957
f 809/1075/854 816/1082/861 940/1190/956 936/1189/955
f 815/1081/860 814/1080/859 939/1188/954 935/1187/953
f 783/1022/808 782/1019/805 948/1196/961 950/1197/962
f 781/1018/804 780/1015/801 946/1198/963 949/1199/964
f 779/1027/800 778/1026/811 945/1200/965 947/1201/966
f 784/1023/809 783/1022/808 950/1197/962 944/1202/967
f 782/1019/805 781/1018/804 949/1199/964 948/1196/961
f 780/1015/801 779/1014/800 947/1203/966 946/1198/963
f 778/1026/811 777/1029/813 943/1204/968 945/1200/965
f 777/1029/813 784/1023/809 944/1202/967 943/1204/968
f 966/1205/969 962/1206/970 958/1040/824 954/1044/828
f 965/1207/971 961/1208/972 957/1036/820 953/1041/825
f 964/1209/973 960/1210/974 956/1034/818 952/1046/821
f 963/1211/975 966/1205/969 954/1044/828 951/1031/815
f 962/1206/970 965/1207/971 953/1041/825 958/1040/824
f 961/1208/972 964/1212/973 952/1037/821 957/1036/820
f 960/1210/974 959/1213/976 955/1030/814 956/1034/818
f 959/1213/976 963/1211/975 951/1031/815 955/1030/814
f 943/1204/968 944/1202/967 963/1211/975 959/1213/976
f 945/1200/965 943/1204/968 959/1213/976 960/1210/974
f 946/1198/963 947/1203/966 964/1212/973 961/1208/972
f 948/1196/961 949/1199/964 965/1207/971 962/1206/970
f 944/1202/967 950/1197/962 966/1205/969 963/1211/975
f 947/1201/966 945/1200/965 960/1210/974 964/1209/973
f 949/1199/964 946/1198/963 961/1208/972 965/1207/971
f 950/1197/962 948/1196/961 962/1206/970 966/1205/969
f 1074/1214/977 1059/1215/978 978/1216/979 977/1217/980
f 1000/1218/981 976/1219/982 979/1220/983 1001/1221/984
f 1001/1221/984 979/1220/983 981/1222/985 1002/1223/986
f 1092/1224/987 1088/1225/988 983/1226/989 1003/1227/990
f 1080/1228/991 1084/1229/992 985/1230/993 1004/1231/994
f 1004/1231/994 985/1230/993 987/1232/995 1005/1233/996
f 1019/1234/997 972/1235/998 973/1236/999 1020/1237/1000
f 998/1238/1001 1083/1239/1002 972/1235/998 1019/1234/997
f 1094/1240/1003 1089/1241/1004 971/1242/1005 1018/1243/1006
f 1016/1244/1007 969/1245/1008 970/1246/1009 1017/1247/1010
f 1015/1248/1011 968/1249/1012 969/1245/1008 1016/1244/1007
f 1054/1250/1013 1040/1251/1014 968/1249/1012 967/1252/1015
f 1055/1253/1016 977/1254/980 978/1255/979 1047/1256/1017
f 1024/1257/1018 1025/1258/1019 979/1220/983 976/1219/982
f 1025/1258/1019 1026/1259/1020 981/1222/985 979/1220/983
f 1093/1260/1021 1027/1261/1022 983/1226/989 1088/1225/988
f 1079/1262/1023 1028/1263/1024 985/1230/993 1084/1229/992
f 1028/1263/1024 1029/1264/1025 987/1232/995 985/1230/993
f 973/1236/999 1045/1265/1026 1034/1266/1027 1037/1267/1028
f 1011/1268/1029 1012/1269/1030 997/1270/1031 996/1271/1032
f 1081/1272/1033 1011/1268/1029 996/1271/1032 1082/1273/1034
f 1091/1274/1035 1010/1275/1036 995/1276/1037 1090/1277/1038
f 1008/1278/1039 1009/1279/1040 994/1280/1041 993/1281/1042
f 1007/1282/1043 1008/1278/1039 993/1281/1042 992/1283/1044
f 1075/1284/1045 991/1285/1046 992/1283/1044 1066/1286/1047
f 1005/1233/996 987/1232/995 1035/1287/1048 1033/1288/1049
f 1047/1256/1017 1048/1289/1050 1008/1278/1039 1007/1282/1043
f 1048/1289/1050 1049/1290/1051 1009/1279/1040 1008/1278/1039
f 1096/1291/1052 1050/1292/1053 1010/1275/1036 1091/1274/1035
f 989/1293/1054 1051/1294/1055 1011/1268/1029 1081/1272/1033
f 1051/1294/1055 1052/1295/1056 1012/1269/1030 1011/1268/1029
f 997/1270/1031 1012/1269/1030 1038/1296/1057 1021/1297/1058
f 991/1285/1046 1014/1298/1059 1007/1282/1043 992/1283/1044
f 975/1299/1060 976/1219/982 1000/1218/981 999/1300/1061
f 1064/1301/1062 1020/1237/1000 1031/1302/1063 1036/1303/1064
f 1044/1304/1065 1004/1231/994 1005/1233/996 1045/1265/1026
f 990/1305/1066 1080/1228/991 1004/1231/994 1044/1304/1065
f 1095/1306/1067 1092/1224/987 1003/1227/990 1043/1307/1068
f 1041/1308/1069 1001/1221/984 1002/1223/986 1042/1309/1070
f 1040/1251/1014 1000/1218/981 1001/1221/984 1041/1308/1069
f 1052/1295/1056 988/1310/1071 1032/1311/1072 1006/1312/1073
f 1020/1237/1000 973/1236/999 1037/1267/1028 1031/1302/1063
f 975/1299/1060 1023/1313/1074 1024/1257/1018 976/1219/982
f 1029/1264/1025 1071/1314/1075 1030/1315/1076 1013/1316/1077
f 1070/1317/1078 1071/1314/1075 1029/1264/1025 1028/1263/1024
f 1086/1318/1079 1070/1317/1078 1028/1263/1024 1079/1262/1023
f 1098/1319/1080 1069/1320/1081 1027/1261/1022 1093/1260/1021
f 1067/1321/1082 1068/1322/1083 1026/1259/1020 1025/1258/1019
f 1066/1286/1047 1067/1321/1082 1025/1258/1019 1024/1257/1018
f 1059/1215/978 1015/1248/1011 1016/1244/1007 1060/1323/1084
f 1060/1323/1084 1016/1244/1007 1017/1247/1010 1061/1324/1085
f 1097/1325/1086 1094/1240/1003 1018/1243/1006 1062/1326/1087
f 974/1327/1088 998/1238/1001 1019/1234/997 1063/1328/1089
f 1063/1328/1089 1019/1234/997 1020/1237/1000 1064/1301/1062
f 1012/1269/1030 1052/1295/1056 1006/1312/1073 1038/1296/1057
f 967/1252/1015 968/1249/1012 1015/1248/1011 1022/1329/1090
f 1030/1315/1076 1021/1297/1058 1073/1330/1091 1039/1331/1092
f 1035/1287/1048 1013/1316/1077 1057/1332/1093 1077/1333/1094
f 1037/1267/1028 1034/1266/1027 1056/1334/1095 1078/1335/1096
f 1036/1303/1064 1031/1302/1063 1058/1336/1097 1046/1337/1098
f 1033/1288/1049 1035/1287/1048 1077/1333/1094 1072/1338/1099
f 1034/1266/1027 1033/1288/1049 1072/1338/1099 1056/1334/1095
f 1021/1297/1058 1038/1296/1057 1065/1339/1100 1073/1330/1091
f 1038/1296/1057 1006/1312/1073 1053/1340/1101 1065/1339/1100
f 1032/1341/1072 1036/1303/1064 1046/1337/1098 1076/1342/1102
f 1031/1302/1063 1037/1267/1028 1078/1335/1096 1058/1336/1097
f 988/1343/1071 1064/1301/1062 1036/1303/1064 1032/1341/1072
f 968/1249/1012 1040/1251/1014 1041/1308/1069 969/1245/1008
f 969/1245/1008 1041/1308/1069 1042/1309/1070 970/1246/1009
f 1089/1241/1004 1095/1306/1067 1043/1307/1068 971/1242/1005
f 1083/1239/1002 990/1305/1066 1044/1304/1065 972/1235/998
f 972/1235/998 1044/1304/1065 1045/1265/1026 973/1236/999
f 986/1344/1103 988/1310/1071 1052/1295/1056 1051/1294/1055
f 1085/1345/1104 986/1344/1103 1051/1294/1055 989/1293/1054
f 1087/1346/1105 984/1347/1106 1050/1292/1053 1096/1291/1052
f 980/1348/1107 982/1349/1108 1049/1290/1051 1048/1289/1050
f 978/1255/979 980/1348/1107 1048/1289/1050 1047/1256/1017
f 1014/1298/1059 1055/1253/1016 1047/1256/1017 1007/1282/1043
f 999/1300/1061 1000/1218/981 1040/1251/1014 1054/1250/1013
f 1013/1316/1077 1030/1315/1076 1039/1331/1092 1057/1332/1093
f 1006/1312/1073 1032/1311/1072 1076/1350/1102 1053/1340/1101
f 986/1351/1103 1063/1328/1089 1064/1301/1062 988/1343/1071
f 1085/1352/1104 974/1327/1088 1063/1328/1089 986/1351/1103
f 1087/1353/1105 1097/1325/1086 1062/1326/1087 984/1354/1106
f 980/1355/1107 1060/1323/1084 1061/1324/1085 982/1356/1108
f 978/1216/979 1059/1215/978 1060/1323/1084 980/1355/1107
f 992/1283/1044 993/1281/1042 1067/1321/1082 1066/1286/1047
f 993/1281/1042 994/1280/1041 1068/1322/1083 1067/1321/1082
f 1090/1277/1038 995/1276/1037 1069/1320/1081 1098/1319/1080
f 1082/1273/1034 996/1271/1032 1070/1317/1078 1086/1318/1079
f 996/1271/1032 997/1270/1031 1071/1314/1075 1070/1317/1078
f 987/1232/995 1029/1264/1025 1013/1316/1077 1035/1287/1048
f 1071/1314/1075 997/1270/1031 1021/1297/1058 1030/1315/1076
f 1045/1265/1026 1005/1233/996 1033/1288/1049 1034/1266/1027
f 1023/1313/1074 1075/1284/1045 1066/1286/1047 1024/1257/1018
f 1022/1329/1090 1015/1248/1011 1059/1215/978 1074/1214/977
f 995/1276/1037 1082/1273/1034 1086/1318/1079 1069/1320/1081
f 984/1354/1106 1062/1326/1087 974/1327/1088 1085/1352/1104
f 984/1347/1106 1085/1345/1104 989/1293/1054 1050/1292/1053
f 971/1242/1005 1043/1307/1068 990/1305/1066 1083/1239/1002
f 1062/1326/1087 1018/1243/1006 998/1238/1001 974/1327/1088
f 1069/1320/1081 1086/1318/1079 1079/1262/1023 1027/1261/1022
f 1043/1307/1068 1003/1227/990 1080/1228/991 990/1305/1066
f 1050/1292/1053 989/1293/1054 1081/1272/1033 1010/1275/1036
f 1010/1275/1036 1081/1272/1033 1082/1273/1034 995/1276/1037
f 1027/1261/1022 1079/1262/1023 1084/1229/992 983/1226/989
f 1018/1243/1006 971/1242/1005 1083/1239/1002 998/1238/1001
f 1003/1227/990 983/1226/989 1084/1229/992 1080/1228/991
f 994/1280/1041 1090/1277/1038 1098/1319/1080 1068/1322/1083
f 982/1356/1108 1061/1324/1085 1097/1325/1086 1087/1353/1105
f 982/1349/1108 1087/1346/1105 1096/1291/1052 1049/1290/1051
f 970/1246/1009 1042/1309/1070 1095/1306/1067 1089/1241/1004
f 1061/1324/1085 1017/1247/1010 1094/1240/1003 1097/1325/1086
f 1068/1322/1083 1098/1319/1080 1093/1260/1021 1026/1259/1020
f 1042/1309/1070 1002/1223/986 1092/1224/987 1095/1306/1067
f 1049/1290/1051 1096/1291/1052 1091/1274/1035 1009/1279/1040
f 1009/1279/1040 1091/1274/1035 1090/1277/1038 994/1280/1041
f 1026/1259/1020 1093/1260/1021 1088/1225/988 981/1222/985
f 1017/1247/1010 970/1246/1009 1089/1241/1004 1094/1240/1003
f 1002/1223/986 981/1222/985 1088/1225/988 1092/1224/987
f 1110/1357/1109 1122/1358/1110 1106/1359/1111 1105/1360/1112
f 1122/1358/1110 1121/1361/1113 1103/1362/1114 1106/1359/1111
f 1123/1363/1115 1120/1364/1116 1101/1365/1117 1104/1366/1118
f 1109/1367/1119 1107/1368/1120 1099/1369/1121 1102/1370/1122
f 1108/1371/1123 1110/1357/1109 1105/1360/1112 1100/1372/1124
f 1121/1361/1113 1123/1363/1115 1104/1366/1118 1103/1362/1114
f 1120/1364/1116 1109/1367/1119 1102/1370/1122 1101/1365/1117
f 1107/1368/1120 1108/1373/1123 1100/1374/1124 1099/1369/1121
f 1119/1375/1125 1115/1376/1126 1130/1377/1127 1126/1378/1128
f 1115/1376/1126 1114/1379/1129 1129/1380/1130 1130/1377/1127
f 1118/1381/1131 1113/1382/1132 1128/1383/1133 1111/1384/1134
f 1117/1385/1135 1112/1386/1136 1127/1387/1137 1125/1388/1138
f 1116/1389/1139 1119/1375/1125 1126/1378/1128 1124/1390/1140
f 1114/1379/1129 1118/1381/1131 1111/1384/1134 1129/1380/1130
f 1113/1382/1132 1117/1385/1135 1125/1388/1138 1128/1383/1133
f 1112/1386/1136 1116/1391/1139 1124/1392/1140 1127/1387/1137
f 1099/1369/1121 1100/1374/1124 1116/1391/1139 1112/1386/1136
f 1101/1365/1117 1102/1370/1122 1117/1385/1135 1113/1382/1132
f 1103/1362/1114 1104/1366/1118 1118/1381/1131 1114/1379/1129
f 1100/1372/1124 1105/1360/1112 1119/1375/1125 1116/1389/1139
f 1102/1370/1122 1099/1369/1121 1112/1386/1136 1117/1385/1135
f 1104/1366/1118 1101/1365/1117 1113/1382/1132 1118/1381/1131
f 1106/1359/1111 1103/1362/1114 1114/1379/1129 1115/1376/1126
f 1105/1360/1112 1106/1359/1111 1115/1376/1126 1119/1375/1125
f 1137/1393/1141 1139/1394/1142 1160/1395/1143 1155/1396/1144
f 1155/1396/1144 1160/1395/1143 1261/1397/1145 1266/1398/1146
f 1196/1399/1147 1134/1400/1148 1136/1401/1149 1197/1402/1150
f 1147/1403/1151 1133/1404/1152 1157/1405/1153 1161/1406/1154
f 1161/1406/1154 1157/1405/1153 1263/1407/1155 1264/1408/1156
f 1197/1402/1150 1136/1401/1149 1138/1409/1157 1198/1410/1158
f 1143/1411/1159 1145/1412/1160 1162/1413/1161 1158/1414/1162
f 1158/1414/1162 1162/1413/1161 1262/1415/1163
f 1198/1416/1158 1138/1417/1157 1140/1418/1164 1199/1419/1165
f 1135/1420/1166 1137/1421/1141 1155/1422/1144 1156/1423/1167
f 1156/1423/1167 1155/1422/1144 1266/1424/1146 1265/1425/1168
f 1199/1419/1165 1140/1418/1164 1142/1426/1169 1200/1427/1170
f 1133/1404/1152 1135/1420/1166 1156/1423/1167 1157/1405/1153
f 1157/1405/1153 1156/1423/1167 1265/1425/1168 1263/1407/1155
f 1200/1427/1170 1142/1426/1169 1144/1428/1171 1201/1429/1172
f 1141/1430/1173 1143/1411/1159 1158/1414/1162 1159/1431/1174
f 1270/1432/1175 1269/1433/1176 1152/1434/1177 1151/1435/1178
f 1201/1429/1172 1144/1428/1171 1146/1436/1179 1202/1437/1180
f 1139/1394/1142 1141/1430/1173 1159/1431/1174 1160/1395/1143
f 1160/1395/1143 1159/1431/1174 1261/1397/1145
f 1202/1437/1180 1146/1436/1179 1148/1438/1181 1203/1439/1182
f 1145/1412/1160 1147/1403/1151 1161/1406/1154 1162/1413/1161
f 1162/1413/1161 1161/1406/1154 1264/1408/1156 1262/1415/1163
f 1203/1439/1182 1148/1438/1181 1134/1400/1148 1196/1399/1147
f 1181/1440/1183 1187/1441/1184 1285/1442/1185 1291/1443/1186
f 1183/1444/1187 1180/1445/1188 1163/1446/1189 1289/1447/1190
f 1186/1448/1191 1184/1449/1192 1288/1450/1193 1286/1451/1194
f 1184/1449/1192 1181/1452/1183 1291/1453/1186 1288/1450/1193
f 1180/1445/1188 1182/1454/1195 1290/1455/1196 1163/1446/1189
f 1187/1441/1184 1185/1456/1197 1287/1457/1198 1285/1442/1185
f 1182/1454/1195 1186/1448/1191 1286/1451/1194 1290/1455/1196
f 1185/1456/1197 1183/1444/1187 1289/1447/1190 1287/1457/1198
f 1179/1458/1199 1175/1459/1200 1170/1460/1201 1168/1461/1202
f 1178/1462/1203 1176/1463/1204 1171/1464/1205 1167/1465/1206
f 1176/1463/1204 1174/1466/1207 1169/1467/1208 1171/1464/1205
f 1175/1459/1200 1173/1468/1209 1166/1469/1210 1170/1460/1201
f 1174/1466/1207 1172/1470/1211 1164/1471/1212 1169/1467/1208
f 1177/1472/1213 1179/1458/1199 1168/1461/1202 1165/1473/1214
f 1173/1468/1209 1178/1474/1203 1167/1475/1206 1166/1469/1210
f 1172/1470/1211 1177/1472/1213 1165/1473/1214 1164/1471/1212
f 1152/1434/1177 1153/1476/1215 1279/1477/1216 1278/1478/1217
f 1131/1479/1218 1149/1480/1219 1276/1481/1220 1173/1468/1209
f 1153/1476/1215 1154/1482/1221 1179/1458/1199 1279/1477/1216
f 1151/1435/1178 1152/1434/1177 1278/1478/1217 1277/1483/1222
f 1132/1484/1223 1131/1479/1218 1173/1468/1209 1175/1459/1200
f 1150/1485/1224 1151/1435/1178 1277/1483/1222 1275/1486/1225
f 1149/1487/1219 1150/1485/1224 1275/1486/1225 1276/1488/1220
f 1154/1482/1221 1132/1484/1223 1175/1459/1200 1179/1458/1199
f 1168/1461/1202 1170/1460/1201 1186/1448/1191 1182/1454/1195
f 1167/1465/1206 1171/1464/1205 1187/1441/1184 1181/1440/1183
f 1171/1464/1205 1169/1467/1208 1185/1456/1197 1187/1441/1184
f 1170/1460/1201 1166/1469/1210 1184/1449/1192 1186/1448/1191
f 1169/1467/1208 1164/1471/1212 1183/1444/1187 1185/1456/1197
f 1165/1473/1214 1168/1461/1202 1182/1454/1195 1180/1445/1188
f 1166/1469/1210 1167/1475/1206 1181/1452/1183 1184/1449/1192
f 1164/1471/1212 1165/1473/1214 1180/1445/1188 1183/1444/1187
f 1142/1426/1169 1140/1418/1164 1191/1489/1226 1192/1490/1227
f 1134/1400/1148 1148/1438/1181 1195/1491/1228 1188/1492/1229
f 1144/1428/1171 1142/1426/1169 1192/1490/1227 1193/1493/1230
f 1138/1409/1157 1136/1401/1149 1189/1494/1231 1190/1495/1232
f 1146/1436/1179 1144/1428/1171 1193/1493/1230 1194/1496/1233
f 1136/1401/1149 1134/1400/1148 1188/1492/1229 1189/1494/1231
f 1140/1418/1164 1138/1417/1157 1190/1497/1232 1191/1489/1226
f 1148/1438/1181 1146/1436/1179 1194/1496/1233 1195/1491/1228
f 1147/1403/1151 1203/1439/1182 1196/1399/1147 1133/1404/1152
f 1145/1412/1160 1202/1437/1180 1203/1439/1182 1147/1403/1151
f 1143/1411/1159 1201/1429/1172 1202/1437/1180 1145/1412/1160
f 1141/1430/1173 1200/1427/1170 1201/1429/1172 1143/1411/1159
f 1139/1394/1142 1199/1419/1165 1200/1427/1170 1141/1430/1173
f 1137/1393/1141 1198/1416/1158 1199/1419/1165 1139/1394/1142
f 1135/1420/1166 1197/1402/1150 1198/1410/1158 1137/1421/1141
f 1133/1404/1152 1196/1399/1147 1197/1402/1150 1135/1420/1166
f 1212/1498/1234 1213/1499/1235 1206/1500/1236 1207/1501/1237
f 1214/1502/1238 1215/1503/1239 1204/1504/1240 1205/1505/1241
f 1215/1503/1239 1216/1506/1242 1211/1507/1243 1204/1504/1240
f 1217/1508/1244 1218/1509/1245 1209/1510/1246 1210/1511/1247
f 1219/1512/1248 1212/1498/1234 1207/1501/1237 1208/1513/1249
f 1213/1514/1235 1214/1502/1238 1205/1505/1241 1206/1515/1236
f 1216/1506/1242 1217/1508/1244 1210/1511/1247 1211/1507/1243
f 1218/1509/1245 1219/1512/1248 1208/1513/1249 1209/1510/1246
f 1193/1493/1230 1192/1490/1227 1219/1512/1248 1218/1509/1245
f 1195/1491/1228 1194/1496/1233 1217/1508/1244 1216/1506/1242
f 1190/1495/1232 1189/1494/1231 1214/1502/1238 1213/1514/1235
f 1192/1490/1227 1191/1489/1226 1212/1498/1234 1219/1512/1248
f 1194/1496/1233 1193/1493/1230 1218/1509/1245 1217/1508/1244
f 1188/1492/1229 1195/1491/1228 1216/1506/1242 1215/1503/1239
f 1189/1494/1231 1188/1492/1229 1215/1503/1239 1214/1502/1238
f 1191/1489/1226 1190/1497/1232 1213/1499/1235 1212/1498/1234
f 1228/1516/1250 1229/1517/1251 1223/1518/1252 1224/1519/1253
f 1230/1520/1254 1231/1521/1255 1221/1522/1256 1222/1523/1257
f 1232/1524/1258 1233/1525/1259 1226/1526/1260 1227/1527/1261
f 1234/1528/1262 1228/1516/1250 1224/1519/1253 1225/1529/1263
f 1229/1517/1251 1230/1530/1254 1222/1531/1257 1223/1518/1252
f 1231/1521/1255 1235/1532/1264 1220/1533/1265 1221/1522/1256
f 1235/1532/1264 1232/1524/1258 1227/1527/1261 1220/1533/1265
f 1233/1525/1259 1234/1528/1262 1225/1529/1263 1226/1526/1260
f 1210/1511/1247 1209/1510/1246 1234/1528/1262 1233/1525/1259
f 1204/1504/1240 1211/1507/1243 1232/1524/1258 1235/1532/1264
f 1205/1505/1241 1204/1504/1240 1235/1532/1264 1231/1521/1255
f 1207/1501/1237 1206/1500/1236 1230/1530/1254 1229/1517/1251
f 1209/1510/1246 1208/1513/1249 1228/1516/1250 1234/1528/1262
f 1211/1507/1243 1210/1511/1247 1233/1525/1259 1232/1524/1258
f 1206/1515/1236 1205/1505/1241 1231/1521/1255 1230/1520/1254
f 1208/1513/1249 1207/1501/1237 1229/1517/1251 1228/1516/1250
f 1253/1534/1266 1254/1535/1267 1240/1536/1268 1241/1537/1269
f 1255/1538/1270 1256/1539/1271 1238/1540/1272 1239/1541/1273
f 1257/1542/1274 1258/1543/1275 1236/1544/1276 1237/1545/1277
f 1258/1543/1275 1259/1546/1278 1243/1547/1279 1236/1544/1276
f 1260/1548/1280 1253/1534/1266 1241/1537/1269 1242/1549/1281
f 1254/1535/1267 1255/1538/1270 1239/1541/1273 1240/1536/1268
f 1256/1550/1271 1257/1542/1274 1237/1545/1277 1238/1551/1272
f 1259/1546/1278 1260/1548/1280 1242/1549/1281 1243/1547/1279
f 1247/1552/1282 1248/1553/1283 1296/1554/1284 1297/1555/1285
f 1251/1556/1286 1245/1557/1287 1244/1558/1288 1293/1559/1289
f 1252/1560/1290 1251/1556/1286 1293/1559/1289 1292/1561/1291
f 1249/1562/1292 1250/1563/1293 1294/1564/1294 1295/1565/1295
f 1248/1553/1283 1249/1566/1292 1295/1567/1295 1296/1554/1284
f 1245/1557/1287 1246/1568/1296 1298/1569/1297 1244/1558/1288
f 1246/1568/1296 1247/1552/1282 1297/1555/1285 1298/1569/1297
f 1250/1563/1293 1252/1560/1290 1292/1561/1291 1294/1564/1294
f 1236/1544/1276 1243/1547/1279 1251/1556/1286 1252/1560/1290
f 1237/1545/1277 1236/1544/1276 1252/1560/1290 1250/1563/1293
f 1239/1541/1273 1238/1540/1272 1249/1566/1292 1248/1553/1283
f 1241/1537/1269 1240/1536/1268 1247/1552/1282 1246/1568/1296
f 1243/1547/1279 1242/1549/1281 1245/1557/1287 1251/1556/1286
f 1238/1551/1272 1237/1545/1277 1250/1563/1293 1249/1562/1292
f 1240/1536/1268 1239/1541/1273 1248/1553/1283 1247/1552/1282
f 1242/1549/1281 1241/1537/1269 1246/1568/1296 1245/1557/1287
f 1227/1527/1261 1226/1526/1260 1260/1548/1280 1259/1546/1278
f 1222/1523/1257 1221/1522/1256 1257/1542/1274 1256/1550/1271
f 1224/1519/1253 1223/1518/1252 1255/1538/1270 1254/1535/1267
f 1226/1526/1260 1225/1529/1263 1253/1534/1266 1260/1548/1280
f 1220/1533/1265 1227/1527/1261 1259/1546/1278 1258/1543/1275
f 1221/1522/1256 1220/1533/1265 1258/1543/1275 1257/1542/1274
f 1223/1518/1252 1222/1531/1257 1256/1539/1271 1255/1538/1270
f 1225/1529/1263 1224/1519/1253 1254/1535/1267 1253/1534/1266
f 1272/1570/1298 1270/1432/1175 1151/1435/1178 1150/1485/1224
f 1273/1571/1299 1153/1476/1215 1152/1434/1177 1269/1433/1176
f 1266/1398/1146 1261/1397/1145 1272/1570/1298 1267/1572/1300
f 1271/1573/1301 1274/1574/1302 1132/1484/1223 1154/1482/1221
f 1273/1571/1299 1271/1573/1301 1154/1482/1221 1153/1476/1215
f 1274/1574/1302 1268/1575/1303 1131/1479/1218 1132/1484/1223
f 1268/1575/1303 1267/1576/1300 1149/1480/1219 1131/1479/1218
f 1267/1572/1300 1272/1570/1298 1150/1485/1224 1149/1487/1219
f 1265/1425/1168 1266/1424/1146 1267/1576/1300 1268/1575/1303
f 1263/1407/1155 1265/1425/1168 1268/1575/1303 1274/1574/1302
f 1262/1415/1163 1264/1408/1156 1271/1573/1301 1273/1571/1299
f 1264/1408/1156 1263/1407/1155 1274/1574/1302 1271/1573/1301
f 1262/1415/1163 1273/1571/1299 1269/1433/1176 1158/1414/1162
f 1261/1397/1145 1159/1431/1174 1270/1432/1175 1272/1570/1298
f 1159/1431/1174 1158/1414/1162 1269/1433/1176 1270/1432/1175
f 1278/1478/1217 1279/1477/1216 1280/1577/1304 1284/1578/1305
f 1282/1579/1306 1283/1580/1307 1174/1466/1207 1176/1463/1204
f 1281/1581/1308 1282/1579/1306 1176/1463/1204 1178/1462/1203
f 1283/1580/1307 1284/1578/1305 1172/1470/1211 1174/1466/1207
f 1284/1578/1305 1280/1577/1304 1177/1472/1213 1172/1470/1211
f 1277/1483/1222 1278/1478/1217 1284/1578/1305 1283/1580/1307
f 1276/1488/1220 1275/1486/1225 1282/1579/1306 1281/1581/1308
f 1275/1486/1225 1277/1483/1222 1283/1580/1307 1282/1579/1306
f 1173/1468/1209 1276/1481/1220 1281/1582/1308
f 1281/1582/1308 1178/1474/1203 1173/1468/1209
f 1279/1477/1216 1179/1458/1199 1280/1577/1304
f 1280/1577/1304 1179/1458/1199 1177/1472/1213
f 1293/1559/1289 1244/1558/1288 1299/1583/1309
f 1297/1555/1285 1296/1554/1284 1299/1583/1309
f 1292/1561/1291 1293/1559/1289 1299/1583/1309
f 1244/1558/1288 1298/1569/1297 1299/1583/1309
f 1298/1569/1297 1297/1555/1285 1299/1583/1309
f 1295/1565/1295 1294/1564/1294 1299/1583/1309
f 1294/1564/1294 1292/1561/1291 1299/1583/1309
f 1296/1554/1284 1295/1567/1295 1299/1583/1309
f 1319/1584/1310 1325/1585/1311 1328/1586/1312
f 1314/1587/1313 1319/1584/1310 1328/1586/1312
f 1326/1588/1314 1314/1587/1313 1328/1586/1312
f 1325/1585/1311 1316/1589/1315 1328/1586/1312
f 1327/1590/1316 1322/1591/1317 1302/1592/1318 1313/1593/1319
f 1323/1594/1320 1320/1595/1321 1305/1596/1322 1303/1597/1323
f 1301/1598/1324 1304/1599/1325 1308/1600/1326 1307/1601/1327
f 1312/1602/1328 1300/1603/1329 1306/1604/1330 1315/1605/1331
f 1304/1599/1325 1312/1602/1328 1315/1605/1331 1308/1600/1326
f 1311/1606/1332 1324/1607/1333 1328/1586/1312
f 1316/1589/1315 1309/1608/1334 1328/1586/1312
f 1317/1609/1335 1326/1588/1314 1328/1586/1312
f 1320/1595/1321 1327/1590/1316 1313/1593/1319 1305/1596/1322
f 1308/1600/1326 1315/1605/1331 1327/1590/1316 1320/1595/1321
f 1310/1610/1336 1317/1609/1335 1328/1586/1312
f 1324/1607/1333 1310/1610/1336 1328/1586/1312
f 1307/1601/1327 1308/1600/1326 1320/1595/1321 1323/1594/1320
f 1315/1605/1331 1306/1604/1330 1322/1591/1317 1327/1590/1316
f 1321/1611/1337 1318/1612/1338 1328/1586/1312
f 1309/1608/1334 1321/1611/1337 1328/1586/1312
f 1318/1612/1338 1311/1606/1332 1328/1586/1312
f 1336/1613/1339 1330/1614/1340 1337/1615/1341
f 1333/1616/1342 1336/1613/1339 1337/1615/1341
f 1330/1614/1340 1332/1617/1343 1337/1615/1341
f 1331/1618/1344 1333/1616/1342 1337/1615/1341
f 1334/1619/1345 1329/1620/1346 1337/1615/1341
f 1332/1617/1343 1334/1619/1345 1337/1615/1341
f 1335/1621/1347 1331/1618/1344 1337/1615/1341
f 1329/1620/1346 1335/1621/1347 1337/1615/1341
