# Blender 5.1.0
# www.blender.org
mtllib Arrow.mtl
o Vulcan_Scarlet_Lance
v 0.186009 0.000000 3.114335
v 0.015709 0.000000 4.143922
v 0.068982 0.000000 4.015426
v 0.146422 0.000000 3.452159
v 0.155604 0.000000 3.381056
v 0.031578 -0.010059 4.061169
v 0.096014 -0.012212 3.222701
v 0.167314 -0.012212 3.136847
v 0.138411 -0.012212 3.379700
v 0.052198 -0.010404 4.010798
v 0.129537 -0.012212 3.449246
v 0.053815 -0.012212 3.484706
v 0.091703 -0.012212 3.409281
v 0.081515 -0.011128 3.799493
v 0.098282 0.000000 3.804279
v 0.024856 0.000000 3.853575
v 0.040487 -0.010921 3.828451
v 0.031578 0.010059 4.061169
v 0.096014 0.012212 3.222701
v 0.167314 0.012212 3.136847
v 0.138411 0.012212 3.379700
v 0.052198 0.010405 4.010798
v 0.129537 0.012212 3.449246
v 0.053815 0.012212 3.484706
v 0.091703 0.012212 3.409281
v 0.081515 0.011129 3.799493
v 0.040487 0.010922 3.828452
v -0.186009 0.000000 3.114335
v -0.015709 0.000000 4.143922
v -0.068982 0.000000 4.015426
v -0.146422 0.000000 3.452159
v -0.155604 0.000000 3.381056
v -0.031578 -0.010059 4.061169
v -0.096013 -0.012212 3.222701
v -0.167314 -0.012212 3.136847
v -0.138411 -0.012212 3.379700
v -0.052198 -0.010404 4.010798
v -0.129537 -0.012212 3.449246
v -0.053815 -0.012212 3.484706
v -0.091703 -0.012212 3.409281
v -0.081515 -0.011128 3.799493
v -0.098282 0.000000 3.804279
v -0.024856 0.000000 3.853575
v -0.040487 -0.010921 3.828452
v -0.031578 0.010059 4.061169
v -0.096013 0.012212 3.222701
v -0.167314 0.012212 3.136847
v -0.138411 0.012212 3.379700
v -0.052198 0.010405 4.010798
v -0.129537 0.012212 3.449247
v -0.053815 0.012212 3.484706
v -0.091703 0.012212 3.409281
v -0.081515 0.011129 3.799493
v -0.040487 0.010922 3.828452
v 0.203944 -0.007555 3.098052
v 0.206485 -0.007411 2.934739
v 0.209294 0.000000 3.091364
v 0.073322 0.000000 3.247699
v 0.211835 0.000000 2.928051
v 0.072740 0.000000 3.110522
v 0.129538 -0.020479 3.183295
v 0.129538 0.000000 3.183295
v 0.130301 0.000000 3.034870
v 0.130301 -0.020436 3.034870
v 0.185079 -0.013570 3.119664
v 0.156247 -0.018970 3.152696
v 0.170680 -0.017051 3.136160
v 0.156276 0.000000 3.152662
v 0.184950 0.000000 3.119606
v 0.170613 0.000000 3.136134
v 0.186760 0.000000 2.960789
v 0.158153 0.000000 2.998263
v 0.172457 0.000000 2.979526
v 0.186766 -0.013578 2.960656
v 0.158085 -0.018867 2.998352
v 0.172436 -0.016982 2.979490
v 0.073322 -0.011422 3.247699
v 0.085475 -0.022967 3.233776
v 0.084885 -0.023000 3.094560
v 0.072740 -0.011455 3.110522
v 0.085475 0.000000 3.233776
v 0.203944 0.007555 3.098052
v 0.206485 0.007412 2.934739
v 0.129538 0.020479 3.183295
v 0.130301 0.020436 3.034870
v 0.185079 0.013571 3.119664
v 0.156247 0.018971 3.152696
v 0.170680 0.017051 3.136160
v 0.186766 0.013579 2.960656
v 0.158085 0.018867 2.998352
v 0.172436 0.016982 2.979490
v 0.073322 0.011422 3.247699
v 0.085475 0.022967 3.233776
v 0.084885 0.023001 3.094560
v 0.072740 0.011455 3.110522
v -0.203944 -0.007555 3.098052
v -0.206485 -0.007411 2.934740
v -0.209294 0.000000 3.091364
v -0.073322 0.000000 3.247699
v -0.211835 0.000000 2.928051
v -0.072740 0.000000 3.110522
v -0.129538 -0.020479 3.183295
v -0.129538 0.000000 3.183295
v -0.130300 0.000000 3.034870
v -0.130300 -0.020436 3.034870
v -0.185079 -0.013570 3.119664
v -0.156246 -0.018970 3.152696
v -0.170680 -0.017051 3.136160
v -0.156276 0.000000 3.152662
v -0.184950 0.000000 3.119606
v -0.170613 0.000000 3.136134
v -0.186760 0.000000 2.960789
v -0.158153 0.000000 2.998263
v -0.172457 0.000000 2.979526
v -0.186766 -0.013578 2.960656
v -0.158085 -0.018867 2.998352
v -0.172436 -0.016982 2.979490
v -0.073322 -0.011422 3.247699
v -0.085475 -0.022967 3.233776
v -0.084885 -0.023000 3.094560
v -0.072740 -0.011455 3.110522
v -0.085475 0.000000 3.233776
v -0.203944 0.007555 3.098052
v -0.206485 0.007412 2.934740
v -0.129538 0.020479 3.183295
v -0.130300 0.020436 3.034870
v -0.185079 0.013571 3.119664
v -0.156246 0.018971 3.152696
v -0.170680 0.017051 3.136160
v -0.186766 0.013579 2.960656
v -0.158085 0.018867 2.998352
v -0.172436 0.016982 2.979490
v -0.073322 0.011422 3.247699
v -0.085475 0.022967 3.233776
v -0.084885 0.023001 3.094560
v -0.072740 0.011455 3.110522
v 0.025801 -0.018057 3.184085
v 0.139156 -0.024277 3.068180
v 0.025801 -0.018057 3.104901
v 0.139156 -0.024277 2.967471
v 0.025801 0.000000 3.184085
v 0.146380 0.000000 3.058634
v 0.025801 0.000000 3.104901
v 0.146380 0.000000 2.957924
v 0.057598 -0.029421 3.159058
v 0.057598 -0.029421 3.079875
v 0.057598 0.000000 3.159058
v 0.057598 0.000000 3.079875
v 0.106174 -0.026357 3.092111
v 0.117766 -0.025626 3.097660
v 0.117766 -0.025626 2.996951
v 0.106174 -0.026357 3.012927
v 0.117745 0.000000 3.097689
v 0.106195 0.000000 3.092082
v 0.106195 0.000000 3.012898
v 0.117745 0.000000 2.996980
v 0.025801 -0.018057 3.144493
v 0.139156 -0.024277 3.017826
v 0.146380 0.000000 3.008279
v 0.057598 -0.029421 3.119466
v 0.106174 -0.026357 3.057939
v 0.117766 -0.025626 3.044468
v 0.025801 0.018057 3.184085
v 0.139156 0.024278 3.068180
v 0.025801 0.018057 3.104901
v 0.139156 0.024278 2.967471
v 0.057598 0.029421 3.159058
v 0.057598 0.029421 3.079875
v 0.106174 0.026358 3.092111
v 0.117766 0.025626 3.097660
v 0.117766 0.025626 2.996951
v 0.106174 0.026358 3.012927
v 0.025801 0.018057 3.144493
v 0.139156 0.024278 3.017826
v 0.057598 0.029421 3.119466
v 0.106174 0.026358 3.057939
v 0.117766 0.025626 3.044468
v -0.025801 -0.018057 3.184085
v -0.139156 -0.024277 3.068180
v -0.025801 -0.018057 3.104901
v -0.139156 -0.024277 2.967471
v -0.025801 0.000000 3.184085
v -0.146380 0.000000 3.058634
v -0.025801 0.000000 3.104901
v -0.146380 0.000000 2.957925
v -0.057598 -0.029421 3.159058
v -0.057598 -0.029421 3.079875
v -0.057598 0.000000 3.159058
v -0.057598 0.000000 3.079875
v -0.106174 -0.026357 3.092111
v -0.117766 -0.025626 3.097660
v -0.117766 -0.025626 2.996951
v -0.106174 -0.026357 3.012927
v -0.117745 0.000000 3.097689
v -0.106195 0.000000 3.092082
v -0.106195 0.000000 3.012898
v -0.117745 0.000000 2.996980
v -0.025801 -0.018057 3.144493
v -0.139156 -0.024277 3.017826
v -0.146380 0.000000 3.008279
v -0.057598 -0.029421 3.119466
v -0.106174 -0.026357 3.057939
v -0.117766 -0.025626 3.044468
v -0.025801 0.018057 3.184085
v -0.139156 0.024278 3.068180
v -0.025801 0.018057 3.104901
v -0.139156 0.024278 2.967471
v -0.057598 0.029421 3.159058
v -0.057598 0.029421 3.079875
v -0.106174 0.026358 3.092111
v -0.117766 0.025626 3.097660
v -0.117766 0.025626 2.996951
v -0.106174 0.026358 3.012927
v -0.025801 0.018057 3.144493
v -0.139156 0.024278 3.017826
v -0.057598 0.029421 3.119466
v -0.106174 0.026358 3.057939
v -0.117766 0.025626 3.044468
v 0.056462 -0.009886 3.762154
v 0.072445 -0.009886 3.481915
v 0.070547 -0.009886 3.728123
v 0.100212 -0.009886 3.439324
v 0.057756 -0.014378 3.756489
v 0.056462 -0.013408 3.762154
v 0.072445 -0.013408 3.481915
v 0.073398 -0.014378 3.482229
v 0.070547 -0.013408 3.728123
v 0.069596 -0.014378 3.727883
v 0.098838 -0.014378 3.443208
v 0.100212 -0.013408 3.439324
v -0.056461 -0.009886 3.762154
v -0.072444 -0.009886 3.481915
v -0.070547 -0.009886 3.728124
v -0.100212 -0.009886 3.439324
v -0.057756 -0.014378 3.756489
v -0.056461 -0.013408 3.762154
v -0.072444 -0.013408 3.481915
v -0.073398 -0.014378 3.482229
v -0.070547 -0.013408 3.728124
v -0.069596 -0.014378 3.727883
v -0.098838 -0.014378 3.443208
v -0.100212 -0.013408 3.439324
v 0.056462 0.009886 3.762154
v 0.072445 0.009886 3.481915
v 0.070547 0.009886 3.728124
v 0.100212 0.009886 3.439324
v 0.057756 0.014378 3.756489
v 0.056462 0.013408 3.762154
v 0.072445 0.013408 3.481915
v 0.073398 0.014378 3.482229
v 0.070547 0.013408 3.728124
v 0.069596 0.014378 3.727883
v 0.098838 0.014378 3.443208
v 0.100212 0.013408 3.439324
v -0.056461 0.009886 3.762154
v -0.072445 0.009886 3.481915
v -0.070547 0.009886 3.728124
v -0.100212 0.009886 3.439324
v -0.057756 0.014378 3.756489
v -0.056461 0.013408 3.762154
v -0.072445 0.013408 3.481915
v -0.073398 0.014378 3.482229
v -0.070547 0.013408 3.728124
v -0.069596 0.014378 3.727883
v -0.098838 0.014378 3.443208
v -0.100212 0.013408 3.439324
v 0.046300 -0.013201 3.843102
v 0.064302 -0.015773 3.482928
v 0.108843 -0.015773 3.413349
v 0.131085 -0.015773 3.172366
v 0.076960 0.000000 3.238405
v 0.066213 0.000000 3.395606
v 0.026114 0.000000 3.467540
v 0.017414 0.000000 3.881640
v 0.046261 0.000000 3.843057
v 0.064302 0.000000 3.482928
v 0.108843 0.000000 3.413349
v 0.131085 0.000000 3.172366
v 0.076960 -0.006061 3.238405
v 0.087581 -0.015773 3.225447
v 0.066213 -0.006061 3.395606
v 0.075754 -0.015773 3.398436
v 0.026114 -0.006061 3.467540
v 0.035773 -0.015773 3.470159
v 0.027409 -0.013201 3.868306
v 0.017414 -0.003489 3.881640
v 0.046300 0.013202 3.843102
v 0.064302 0.015774 3.482928
v 0.108843 0.015774 3.413349
v 0.131085 0.015774 3.172366
v 0.076960 0.006062 3.238405
v 0.087581 0.015774 3.225447
v 0.066213 0.006062 3.395606
v 0.075754 0.015774 3.398436
v 0.026114 0.006062 3.467540
v 0.035773 0.015774 3.470159
v 0.027409 0.013202 3.868306
v 0.017414 0.003490 3.881640
v -0.046300 -0.013201 3.843102
v -0.064302 -0.015773 3.482928
v -0.108843 -0.015773 3.413349
v -0.131085 -0.015773 3.172366
v -0.076960 0.000000 3.238405
v -0.066213 0.000000 3.395606
v -0.026114 0.000000 3.467540
v -0.017414 0.000000 3.881640
v -0.046261 0.000000 3.843058
v -0.064302 0.000000 3.482928
v -0.108843 0.000000 3.413349
v -0.131085 0.000000 3.172366
v -0.076960 -0.006061 3.238405
v -0.087581 -0.015773 3.225447
v -0.066213 -0.006061 3.395606
v -0.075754 -0.015773 3.398436
v -0.026114 -0.006061 3.467540
v -0.035773 -0.015773 3.470159
v -0.027409 -0.013201 3.868306
v -0.017414 -0.003489 3.881640
v -0.046300 0.013202 3.843102
v -0.064302 0.015774 3.482928
v -0.108843 0.015774 3.413349
v -0.131085 0.015774 3.172366
v -0.076960 0.006062 3.238405
v -0.087581 0.015774 3.225447
v -0.066213 0.006062 3.395606
v -0.075754 0.015774 3.398436
v -0.026114 0.006062 3.467540
v -0.035773 0.015774 3.470159
v -0.027409 0.013202 3.868306
v -0.017414 0.003490 3.881641
v -0.008476 0.021174 0.655699
v -0.016122 0.018012 0.655699
v -0.022190 0.013086 0.655700
v -0.026086 0.006880 0.655700
v -0.027428 -0.000000 0.655699
v -0.026086 -0.006880 0.655700
v -0.022190 -0.013087 0.655700
v -0.016122 -0.018012 0.655699
v -0.008476 -0.021175 0.655699
v 0.000000 -0.022265 0.655700
v 0.008476 -0.021175 0.655699
v 0.016122 -0.018012 0.655699
v 0.022190 -0.013087 0.655700
v 0.026086 -0.006880 0.655699
v 0.027428 -0.000000 0.655699
v 0.026086 0.006880 0.655699
v 0.022190 0.013086 0.655700
v 0.016122 0.018012 0.655699
v 0.008476 0.021174 0.655699
v 0.000000 0.022264 0.655700
v 0.000000 0.022264 1.959243
v 0.008476 0.021175 1.959243
v 0.016122 0.018012 1.959243
v 0.022190 0.013087 1.959243
v 0.026086 0.006880 1.959243
v 0.027428 0.000000 1.959243
v 0.026086 -0.006880 1.959243
v 0.022190 -0.013087 1.959243
v 0.016122 -0.018012 1.959243
v 0.008476 -0.021175 1.959243
v 0.000000 -0.022264 1.959243
v -0.008476 -0.021175 1.959243
v -0.016122 -0.018012 1.959243
v -0.022190 -0.013087 1.959243
v -0.026086 -0.006880 1.959243
v -0.027428 0.000000 1.959243
v -0.026086 0.006880 1.959243
v -0.022190 0.013087 1.959243
v -0.016122 0.018012 1.959243
v -0.008476 0.021175 1.959243
v 0.000000 0.025810 2.258574
v 0.009826 0.024547 2.258574
v 0.018690 0.020881 2.258574
v 0.025724 0.015171 2.258574
v 0.030240 0.007976 2.258574
v 0.031796 0.000000 2.258574
v 0.030240 -0.007976 2.258574
v 0.025724 -0.015171 2.258574
v 0.018690 -0.020881 2.258574
v 0.009826 -0.024547 2.258574
v 0.000000 -0.025810 2.258574
v -0.009826 -0.024547 2.258574
v -0.018689 -0.020881 2.258574
v -0.025724 -0.015171 2.258574
v -0.030240 -0.007976 2.258574
v -0.031796 0.000000 2.258574
v -0.030240 0.007976 2.258574
v -0.025724 0.015171 2.258574
v -0.018689 0.020881 2.258574
v -0.009826 0.024547 2.258574
v 0.000000 0.020226 2.785449
v 0.008389 0.019148 2.785449
v 0.015826 0.016072 2.785449
v 0.021521 0.011449 2.785449
v 0.025002 0.005904 2.785449
v 0.026154 0.000000 2.785449
v 0.025002 -0.005904 2.785449
v 0.021521 -0.011449 2.785449
v 0.015826 -0.016072 2.785449
v 0.008389 -0.019148 2.785449
v 0.000000 -0.020226 2.785449
v -0.008389 -0.019148 2.785449
v -0.015826 -0.016072 2.785449
v -0.021521 -0.011449 2.785449
v -0.025002 -0.005904 2.785449
v -0.026154 0.000000 2.785449
v -0.025002 0.005904 2.785449
v -0.021521 0.011449 2.785449
v -0.015826 0.016072 2.785449
v -0.008389 0.019148 2.785449
v 0.007780 0.017757 2.779187
v 0.000000 0.018757 2.779187
v 0.014677 0.014905 2.779187
v 0.019958 0.010618 2.779187
v 0.023186 0.005475 2.779187
v 0.024254 0.000000 2.779187
v 0.023186 -0.005475 2.779187
v 0.019958 -0.010618 2.779187
v 0.014677 -0.014904 2.779187
v 0.007780 -0.017757 2.779187
v 0.000000 -0.018757 2.779187
v -0.007780 -0.017757 2.779187
v -0.014677 -0.014904 2.779187
v -0.019958 -0.010618 2.779187
v -0.023186 -0.005475 2.779187
v -0.024254 0.000000 2.779187
v -0.023186 0.005475 2.779187
v -0.019958 0.010618 2.779187
v -0.014677 0.014905 2.779187
v -0.007780 0.017757 2.779187
v 0.009002 0.021453 2.785449
v 0.009826 0.024547 2.782275
v 0.000000 0.025810 2.782275
v 0.000000 0.022610 2.785449
v 0.017048 0.018125 2.785449
v 0.018690 0.020881 2.782275
v 0.023315 0.013038 2.785449
v 0.025724 0.015171 2.782275
v 0.027238 0.006788 2.785449
v 0.030240 0.007976 2.782275
v 0.028562 0.000000 2.785449
v 0.031796 0.000000 2.782275
v 0.027238 -0.006788 2.785449
v 0.030240 -0.007976 2.782275
v 0.023315 -0.013038 2.785449
v 0.025724 -0.015171 2.782275
v 0.017048 -0.018124 2.785449
v 0.018690 -0.020881 2.782275
v 0.009002 -0.021452 2.785449
v 0.009826 -0.024547 2.782275
v 0.000000 -0.022610 2.785449
v 0.000000 -0.025810 2.782275
v -0.009002 -0.021452 2.785449
v -0.009826 -0.024547 2.782275
v -0.017048 -0.018124 2.785449
v -0.018689 -0.020881 2.782275
v -0.023315 -0.013038 2.785449
v -0.025724 -0.015171 2.782275
v -0.027238 -0.006788 2.785449
v -0.030240 -0.007976 2.782275
v -0.028562 0.000000 2.785449
v -0.031796 0.000000 2.782275
v -0.027238 0.006788 2.785449
v -0.030240 0.007976 2.782275
v -0.023315 0.013038 2.785449
v -0.025724 0.015171 2.782275
v -0.017048 0.018125 2.785449
v -0.018689 0.020881 2.782275
v -0.009002 0.021453 2.785449
v -0.009826 0.024547 2.782275
v 0.007779 0.017757 3.093359
v -0.000001 0.018758 3.093359
v 0.014676 0.014905 3.093359
v 0.019957 0.010618 3.093359
v 0.023185 0.005475 3.093358
v 0.024254 0.000000 3.093358
v 0.023185 -0.005475 3.093358
v 0.019957 -0.010617 3.093359
v 0.014676 -0.014904 3.093359
v 0.007779 -0.017757 3.093359
v -0.000001 -0.018757 3.093359
v -0.007781 -0.017757 3.093359
v -0.014678 -0.014904 3.093359
v -0.019959 -0.010617 3.093359
v -0.023187 -0.005475 3.093359
v -0.024255 0.000000 3.093359
v -0.023187 0.005475 3.093359
v -0.019959 0.010618 3.093359
v -0.014678 0.014905 3.093359
v -0.007781 0.017757 3.093359
v 0.011590 0.026455 3.223558
v -0.000001 0.027945 3.223558
v 0.021865 0.022205 3.223558
v 0.029733 0.015819 3.223558
v 0.034542 0.008157 3.223558
v 0.036134 0.000000 3.223558
v 0.034542 -0.008157 3.223558
v 0.029733 -0.015818 3.223558
v 0.021865 -0.022205 3.223558
v 0.011590 -0.026455 3.223558
v -0.000001 -0.027945 3.223558
v -0.011591 -0.026455 3.223558
v -0.021867 -0.022205 3.223558
v -0.029735 -0.015818 3.223558
v -0.034544 -0.008157 3.223558
v -0.036135 0.000000 3.223558
v -0.034544 0.008157 3.223558
v -0.029735 0.015819 3.223558
v -0.021867 0.022205 3.223558
v -0.011591 0.026455 3.223558
v 0.007262 0.016577 3.352335
v -0.000001 0.017511 3.352335
v 0.013700 0.013914 3.352335
v 0.018630 0.009912 3.352335
v 0.021644 0.005111 3.352335
v 0.022641 0.000000 3.352335
v 0.021644 -0.005111 3.352335
v 0.018630 -0.009912 3.352335
v 0.013700 -0.013913 3.352335
v 0.007262 -0.016576 3.352335
v -0.000001 -0.017510 3.352335
v -0.007263 -0.016576 3.352335
v -0.013702 -0.013913 3.352335
v -0.018632 -0.009912 3.352335
v -0.021645 -0.005111 3.352335
v -0.022643 0.000000 3.352335
v -0.021645 0.005111 3.352335
v -0.018632 0.009912 3.352335
v -0.013702 0.013914 3.352335
v -0.007263 0.016577 3.352335
v 0.006076 0.013870 3.357053
v -0.000001 0.014651 3.357053
v 0.011463 0.011642 3.357053
v 0.015588 0.008293 3.357053
v 0.018109 0.004277 3.357053
v 0.018944 0.000000 3.357053
v 0.018109 -0.004276 3.357053
v 0.015588 -0.008293 3.357053
v 0.011463 -0.011641 3.357053
v 0.006076 -0.013869 3.357053
v -0.000001 -0.014651 3.357053
v -0.006077 -0.013869 3.357053
v -0.011464 -0.011641 3.357053
v -0.015589 -0.008293 3.357053
v -0.018111 -0.004276 3.357053
v -0.018945 0.000000 3.357053
v -0.018111 0.004277 3.357053
v -0.015589 0.008293 3.357053
v -0.011464 0.011642 3.357053
v -0.006077 0.013870 3.357053
v 0.010946 0.024986 3.213552
v 0.011809 0.030253 3.192924
v -0.000001 0.021592 3.196218
v -0.000001 0.026393 3.213552
v 0.020651 0.020972 3.213552
v 0.022279 0.025393 3.192924
v 0.028082 0.014940 3.213551
v 0.030296 0.018090 3.192924
v 0.032624 0.007704 3.213550
v 0.035196 0.009328 3.192924
v 0.034127 0.000000 3.213550
v 0.036818 0.000000 3.192924
v 0.032624 -0.007704 3.213550
v 0.035196 -0.009328 3.192924
v 0.028082 -0.014940 3.213551
v 0.030296 -0.018089 3.192924
v 0.020651 -0.020972 3.213552
v 0.022279 -0.025393 3.192924
v 0.010946 -0.024985 3.213552
v 0.011809 -0.030253 3.192924
v -0.000001 -0.026393 3.213552
v -0.000001 -0.031957 3.192924
v -0.010948 -0.024985 3.213552
v -0.011811 -0.030253 3.192924
v -0.020652 -0.020972 3.213551
v -0.022280 -0.025393 3.192924
v -0.028083 -0.014940 3.213551
v -0.030297 -0.018089 3.192924
v -0.032625 -0.007704 3.213550
v -0.035197 -0.009328 3.192924
v -0.034128 0.000000 3.213550
v -0.036819 0.000000 3.192924
v -0.032625 0.007704 3.213550
v -0.035197 0.009328 3.192924
v -0.028083 0.014940 3.213551
v -0.030297 0.018090 3.192924
v -0.020652 0.020972 3.213551
v -0.022280 0.025393 3.192924
v -0.010948 0.024986 3.213552
v -0.011811 0.030253 3.192924
v 0.009451 0.020379 3.196219
v -0.000001 0.031957 3.192924
v -0.000001 0.021864 3.210381
v 0.009579 0.020633 3.210382
v 0.017747 0.016957 3.196223
v 0.017984 0.017160 3.210386
v 0.023971 0.011923 3.196229
v 0.024280 0.012057 3.210392
v 0.027663 0.006068 3.196234
v 0.028008 0.006132 3.210396
v 0.028853 0.000000 3.196237
v 0.029209 0.000000 3.210399
v 0.027663 -0.006068 3.196234
v 0.028008 -0.006132 3.210396
v 0.023971 -0.011922 3.196229
v 0.024280 -0.012057 3.210392
v 0.017747 -0.016956 3.196223
v 0.017984 -0.017160 3.210386
v 0.009451 -0.020379 3.196219
v 0.009579 -0.020633 3.210382
v -0.000001 -0.021591 3.196218
v -0.000001 -0.021864 3.210381
v -0.009452 -0.020379 3.196219
v -0.009581 -0.020633 3.210382
v -0.017749 -0.016956 3.196223
v -0.017986 -0.017160 3.210386
v -0.023972 -0.011922 3.196229
v -0.024282 -0.012057 3.210392
v -0.027664 -0.006068 3.196234
v -0.028010 -0.006132 3.210397
v -0.028855 0.000000 3.196237
v -0.029210 0.000000 3.210399
v -0.027664 0.006068 3.196234
v -0.028010 0.006132 3.210397
v -0.023972 0.011923 3.196229
v -0.024282 0.012057 3.210392
v -0.017749 0.016957 3.196223
v -0.017986 0.017160 3.210386
v -0.009452 0.020379 3.196219
v -0.009581 0.020633 3.210382
v 0.004448 0.010155 3.344076
v -0.000001 0.010727 3.344076
v 0.008392 0.008524 3.344076
v 0.011412 0.006072 3.344076
v 0.013258 0.003131 3.344076
v 0.013869 0.000000 3.344076
v 0.013258 -0.003131 3.344076
v 0.011412 -0.006072 3.344076
v 0.008392 -0.008523 3.344076
v 0.004448 -0.010154 3.344076
v -0.000001 -0.010726 3.344076
v -0.004450 -0.010154 3.344076
v -0.008394 -0.008523 3.344076
v -0.011414 -0.006072 3.344076
v -0.013260 -0.003131 3.344076
v -0.013871 0.000000 3.344076
v -0.013260 0.003131 3.344076
v -0.011414 0.006072 3.344076
v -0.008394 0.008524 3.344076
v -0.004450 0.010155 3.344076
v 0.011851 0.030359 3.102458
v 0.009063 0.021731 3.093341
v -0.000001 0.023032 3.093341
v -0.000001 0.032069 3.102458
v 0.022357 0.025482 3.102458
v 0.016979 0.018075 3.093341
v 0.030402 0.018153 3.102458
v 0.022882 0.012727 3.093341
v 0.035319 0.009361 3.102458
v 0.026386 0.006500 3.093341
v 0.036947 0.000000 3.102458
v 0.027523 0.000000 3.093341
v 0.035319 -0.009361 3.102458
v 0.026386 -0.006500 3.093341
v 0.030402 -0.018153 3.102458
v 0.022882 -0.012727 3.093341
v 0.022357 -0.025482 3.102458
v 0.016979 -0.018075 3.093341
v 0.011851 -0.030359 3.102458
v 0.009063 -0.021730 3.093341
v -0.000001 -0.032069 3.102458
v -0.000001 -0.023032 3.093341
v -0.011852 -0.030359 3.102458
v -0.009065 -0.021730 3.093341
v -0.022358 -0.025482 3.102458
v -0.016980 -0.018075 3.093341
v -0.030403 -0.018153 3.102458
v -0.022883 -0.012727 3.093341
v -0.035321 -0.009361 3.102458
v -0.026387 -0.006500 3.093341
v -0.036948 0.000000 3.102458
v -0.027525 0.000000 3.093341
v -0.035321 0.009361 3.102458
v -0.026387 0.006500 3.093341
v -0.030403 0.018153 3.102458
v -0.022883 0.012727 3.093341
v -0.022358 0.025482 3.102458
v -0.016980 0.018075 3.093341
v -0.011852 0.030359 3.102458
v -0.009065 0.021731 3.093341
v -0.011177 0.027923 1.961523
v -0.010295 0.025719 1.959243
v -0.019595 0.021893 1.959243
v -0.021260 0.023753 1.961523
v -0.029262 0.017257 1.961523
v -0.026993 0.015919 1.959243
v -0.031752 0.008375 1.959243
v -0.034399 0.009073 1.961523
v -0.036169 0.000000 1.961522
v -0.033394 0.000000 1.959243
v -0.031752 -0.008375 1.959243
v -0.034399 -0.009073 1.961523
v -0.029262 -0.017257 1.961523
v -0.026993 -0.015919 1.959243
v -0.019595 -0.021893 1.959243
v -0.021260 -0.023753 1.961523
v -0.011177 -0.027923 1.961523
v -0.010295 -0.025719 1.959243
v 0.000000 -0.027035 1.959243
v 0.000000 -0.029360 1.961523
v 0.011177 -0.027923 1.961523
v 0.010295 -0.025719 1.959243
v 0.019596 -0.021893 1.959243
v 0.021260 -0.023753 1.961523
v 0.029262 -0.017257 1.961523
v 0.026993 -0.015919 1.959243
v 0.031753 -0.008375 1.959243
v 0.034399 -0.009073 1.961523
v 0.036170 0.000000 1.961523
v 0.033394 0.000000 1.959243
v 0.031753 0.008375 1.959243
v 0.034399 0.009073 1.961523
v 0.029262 0.017257 1.961523
v 0.026993 0.015919 1.959243
v 0.019596 0.021893 1.959243
v 0.021260 0.023753 1.961523
v 0.010295 0.025719 1.959243
v 0.011177 0.027923 1.961523
v 0.000000 0.029360 1.961523
v 0.000000 0.027035 1.959243
v -0.008574 0.021419 0.303007
v -0.016308 0.018220 0.303007
v -0.022447 0.013238 0.303007
v -0.026388 0.006959 0.303007
v -0.027745 -0.000000 0.303007
v -0.026388 -0.006960 0.303007
v -0.022447 -0.013238 0.303007
v -0.016308 -0.018221 0.303007
v -0.008574 -0.021420 0.303007
v 0.000000 -0.022522 0.303007
v 0.008574 -0.021420 0.303007
v 0.016308 -0.018221 0.303007
v 0.022447 -0.013238 0.303007
v 0.026388 -0.006960 0.303007
v 0.027746 -0.000000 0.303007
v 0.026388 0.006959 0.303007
v 0.022447 0.013238 0.303007
v 0.016308 0.018220 0.303007
v 0.008574 0.021419 0.303007
v 0.000000 0.022522 0.303007
v -0.008574 0.021419 0.280438
v -0.016308 0.018220 0.280438
v -0.022447 0.013238 0.280438
v -0.026388 0.006959 0.280438
v -0.027745 -0.000000 0.280438
v -0.026388 -0.006960 0.280438
v -0.022447 -0.013238 0.280438
v -0.016308 -0.018221 0.280438
v -0.008574 -0.021420 0.280438
v 0.000000 -0.022522 0.280438
v 0.008574 -0.021420 0.280438
v 0.016308 -0.018221 0.280438
v 0.022447 -0.013238 0.280438
v 0.026388 -0.006960 0.280438
v 0.027746 -0.000000 0.280438
v 0.026388 0.006959 0.280438
v 0.022447 0.013238 0.280438
v 0.016308 0.018220 0.280438
v 0.008574 0.021419 0.280438
v 0.000000 0.022522 0.280438
v -0.011567 0.028897 0.274642
v -0.022001 0.024581 0.274642
v -0.030282 0.017859 0.274642
v -0.035599 0.009389 0.274642
v -0.037431 -0.000000 0.274642
v -0.035599 -0.009389 0.274642
v -0.030282 -0.017860 0.274642
v -0.022001 -0.024582 0.274642
v -0.011567 -0.028897 0.274642
v 0.000000 -0.030384 0.274642
v 0.011567 -0.028897 0.274642
v 0.022002 -0.024582 0.274642
v 0.030283 -0.017860 0.274642
v 0.035599 -0.009389 0.274642
v 0.037431 -0.000000 0.274642
v 0.035599 0.009389 0.274642
v 0.030283 0.017859 0.274642
v 0.022002 0.024581 0.274642
v 0.011567 0.028897 0.274642
v 0.000000 0.030384 0.274642
v -0.012563 0.031384 0.219733
v -0.023896 0.026697 0.219733
v -0.032889 0.019397 0.219733
v -0.038664 0.010197 0.219732
v -0.040654 -0.000000 0.219733
v -0.038664 -0.010198 0.219732
v -0.032889 -0.019397 0.219733
v -0.023896 -0.026698 0.219733
v -0.012563 -0.031385 0.219733
v 0.000000 -0.033000 0.219733
v 0.012563 -0.031385 0.219733
v 0.023896 -0.026698 0.219732
v 0.032890 -0.019397 0.219733
v 0.038664 -0.010198 0.219732
v 0.040654 -0.000000 0.219732
v 0.038664 0.010197 0.219732
v 0.032890 0.019397 0.219733
v 0.023896 0.026697 0.219732
v 0.012563 0.031384 0.219733
v 0.000000 0.033000 0.219733
v -0.005838 0.014585 0.130461
v -0.011105 0.012407 0.130461
v -0.015284 0.009014 0.130460
v -0.017968 0.004739 0.130460
v -0.018892 -0.000000 0.130460
v -0.017968 -0.004739 0.130460
v -0.015284 -0.009014 0.130460
v -0.011105 -0.012407 0.130461
v -0.005838 -0.014585 0.130461
v 0.000000 -0.015336 0.130461
v 0.005838 -0.014585 0.130461
v 0.011105 -0.012407 0.130461
v 0.015284 -0.009014 0.130461
v 0.017968 -0.004739 0.130461
v 0.018893 -0.000000 0.130461
v 0.017968 0.004739 0.130461
v 0.015284 0.009014 0.130461
v 0.011105 0.012407 0.130461
v 0.005838 0.014585 0.130461
v 0.000000 0.015335 0.130461
v -0.010881 0.027184 0.197414
v -0.009200 0.022985 0.175096
v -0.007519 0.018785 0.152778
v -0.014302 0.015979 0.152779
v -0.017500 0.019552 0.175096
v -0.020698 0.023124 0.197414
v 0.010882 0.027184 0.197415
v 0.009200 0.022985 0.175096
v 0.007519 0.018785 0.152779
v 0.000000 0.019751 0.152779
v 0.000000 0.024167 0.175096
v 0.000000 0.028583 0.197414
v -0.028488 -0.016801 0.197414
v -0.024087 -0.014206 0.175096
v -0.019686 -0.011610 0.152779
v -0.014302 -0.015980 0.152779
v -0.017500 -0.019552 0.175096
v -0.020698 -0.023125 0.197414
v 0.028488 -0.016801 0.197415
v 0.024087 -0.014206 0.175096
v 0.019686 -0.011610 0.152779
v 0.023142 -0.006104 0.152778
v 0.028316 -0.007468 0.175096
v 0.033490 -0.008833 0.197415
v -0.007519 -0.018785 0.152778
v -0.009200 -0.022985 0.175096
v -0.010881 -0.027185 0.197414
v 0.024333 -0.000000 0.152778
v 0.029773 -0.000000 0.175096
v 0.035213 -0.000000 0.197415
v 0.020698 0.023124 0.197415
v 0.017500 0.019552 0.175096
v 0.014303 0.015979 0.152778
v -0.019686 0.011609 0.152779
v -0.024087 0.014205 0.175096
v -0.028488 0.016801 0.197414
v -0.035213 -0.000000 0.197415
v -0.029773 -0.000000 0.175096
v -0.024333 -0.000000 0.152779
v -0.023142 -0.006104 0.152779
v -0.028316 -0.007468 0.175096
v -0.033490 -0.008833 0.197414
v 0.000000 -0.019752 0.152779
v 0.000000 -0.024168 0.175096
v 0.000000 -0.028584 0.197414
v -0.023142 0.006103 0.152779
v -0.028316 0.007468 0.175096
v -0.033490 0.008833 0.197414
v 0.028488 0.016801 0.197415
v 0.024087 0.014205 0.175096
v 0.019686 0.011609 0.152779
v 0.007519 -0.018785 0.152779
v 0.009200 -0.022985 0.175096
v 0.010882 -0.027185 0.197415
v 0.014303 -0.015980 0.152778
v 0.017500 -0.019552 0.175096
v 0.020698 -0.023125 0.197415
v 0.023142 0.006103 0.152778
v 0.028316 0.007468 0.175096
v 0.033490 0.008833 0.197415
v -0.003390 0.008468 0.130461
v -0.006448 0.007204 0.130461
v -0.008875 0.005234 0.130461
v -0.010433 0.002751 0.130461
v -0.010970 -0.000000 0.130461
v -0.010433 -0.002752 0.130461
v -0.008875 -0.005234 0.130461
v -0.006448 -0.007204 0.130461
v -0.003390 -0.008469 0.130461
v 0.000000 -0.008905 0.130461
v 0.003390 -0.008469 0.130461
v 0.006448 -0.007204 0.130461
v 0.008875 -0.005234 0.130461
v 0.010433 -0.002752 0.130461
v 0.010970 -0.000000 0.130461
v 0.010433 0.002751 0.130461
v 0.008875 0.005234 0.130461
v 0.006448 0.007204 0.130461
v 0.003390 0.008468 0.130461
v 0.000000 0.008904 0.130461
v -0.002220 0.005545 0.141603
v -0.004222 0.004717 0.141603
v -0.005811 0.003427 0.141603
v -0.006831 0.001801 0.141603
v -0.007183 -0.000000 0.141603
v -0.006831 -0.001802 0.141603
v -0.005811 -0.003427 0.141603
v -0.004222 -0.004717 0.141603
v -0.002220 -0.005545 0.141603
v 0.000000 -0.005831 0.141603
v 0.002220 -0.005545 0.141603
v 0.004222 -0.004717 0.141603
v 0.005811 -0.003427 0.141603
v 0.006831 -0.001802 0.141603
v 0.007183 -0.000000 0.141603
v 0.006831 0.001801 0.141603
v 0.005811 0.003427 0.141603
v 0.004222 0.004717 0.141603
v 0.002220 0.005545 0.141603
v 0.000000 0.005830 0.141603
v -0.010941 -0.027333 0.260915
v -0.010796 -0.026972 0.247187
v -0.011420 -0.028530 0.233460
v 0.000000 -0.029998 0.233460
v 0.000000 -0.028360 0.247187
v 0.000000 -0.028740 0.260915
v -0.028643 0.016892 0.260915
v -0.028265 0.016669 0.247187
v -0.029898 0.017632 0.233460
v -0.035147 0.009270 0.233460
v -0.033228 0.008763 0.247187
v -0.033672 0.008881 0.260915
v -0.033672 -0.008881 0.260915
v -0.033228 -0.008764 0.247187
v -0.035147 -0.009270 0.233460
v -0.029898 -0.017633 0.233460
v -0.028265 -0.016670 0.247187
v -0.028643 -0.016893 0.260915
v 0.028644 0.016892 0.260914
v 0.028265 0.016669 0.247187
v 0.029898 0.017632 0.233459
v 0.021722 0.024269 0.233460
v 0.020536 0.022943 0.247187
v 0.020811 0.023251 0.260914
v 0.011420 -0.028530 0.233460
v 0.010796 -0.026972 0.247187
v 0.010941 -0.027333 0.260915
v 0.000000 0.028739 0.260915
v 0.000000 0.028360 0.247187
v 0.000000 0.029998 0.233460
v -0.011420 0.028530 0.233460
v -0.010796 0.026972 0.247187
v -0.010941 0.027333 0.260914
v 0.021722 -0.024269 0.233460
v 0.020536 -0.022944 0.247187
v 0.020811 -0.023251 0.260914
v 0.035405 -0.000000 0.260915
v 0.034938 -0.000000 0.247187
v 0.036956 -0.000000 0.233459
v 0.035147 0.009270 0.233460
v 0.033228 0.008763 0.247187
v 0.033672 0.008881 0.260914
v 0.029898 -0.017633 0.233459
v 0.028265 -0.016670 0.247187
v 0.028644 -0.016893 0.260914
v -0.036956 -0.000000 0.233460
v -0.034938 -0.000000 0.247187
v -0.035405 -0.000000 0.260915
v -0.021722 0.024269 0.233460
v -0.020536 0.022943 0.247187
v -0.020811 0.023251 0.260915
v 0.010941 0.027333 0.260915
v 0.010796 0.026972 0.247187
v 0.011420 0.028530 0.233460
v -0.021722 -0.024269 0.233460
v -0.020536 -0.022944 0.247187
v -0.020811 -0.023251 0.260915
v 0.035147 -0.009270 0.233460
v 0.033228 -0.008764 0.247187
v 0.033672 -0.008881 0.260914
v -0.010176 0.025421 0.303007
v -0.010995 0.027469 0.305337
v -0.019369 0.021640 0.303007
v -0.020914 0.023366 0.305337
v -0.028786 0.016977 0.305337
v -0.026682 0.015736 0.303007
v -0.033840 0.008925 0.305337
v -0.031387 0.008278 0.303007
v -0.033010 -0.000000 0.303007
v -0.035582 -0.000000 0.305337
v -0.033840 -0.008925 0.305337
v -0.031387 -0.008279 0.303007
v -0.026682 -0.015736 0.303007
v -0.028786 -0.016977 0.305337
v -0.019369 -0.021641 0.303007
v -0.020914 -0.023367 0.305337
v -0.010995 -0.027469 0.305337
v -0.010176 -0.025422 0.303007
v 0.000000 -0.026722 0.303007
v 0.000000 -0.028883 0.305337
v 0.010176 -0.025422 0.303007
v 0.010995 -0.027469 0.305337
v 0.020914 -0.023367 0.305337
v 0.019369 -0.021641 0.303007
v 0.026682 -0.015736 0.303007
v 0.028786 -0.016977 0.305337
v 0.031387 -0.008279 0.303007
v 0.033840 -0.008925 0.305337
v 0.035582 -0.000000 0.305337
v 0.033010 -0.000000 0.303007
v 0.031387 0.008278 0.303007
v 0.033840 0.008925 0.305337
v 0.028786 0.016977 0.305337
v 0.026682 0.015736 0.303007
v 0.020914 0.023366 0.305337
v 0.019369 0.021640 0.303007
v 0.010176 0.025421 0.303007
v 0.010995 0.027469 0.305337
v 0.000000 0.028882 0.305337
v 0.000000 0.026722 0.303007
v 0.000000 0.028883 0.652971
v 0.000000 0.026352 0.655700
v 0.010035 0.025071 0.655699
v 0.010995 0.027469 0.652971
v 0.020914 0.023366 0.652971
v 0.019105 0.021345 0.655699
v 0.028786 0.016977 0.652971
v 0.026322 0.015523 0.655699
v 0.033840 0.008925 0.652971
v 0.030967 0.008167 0.655699
v 0.032570 -0.000000 0.655700
v 0.035582 -0.000000 0.652971
v 0.030967 -0.008168 0.655699
v 0.033840 -0.008925 0.652971
v 0.026322 -0.015524 0.655699
v 0.028786 -0.016977 0.652971
v 0.019105 -0.021345 0.655699
v 0.020914 -0.023367 0.652971
v 0.010995 -0.027469 0.652971
v 0.010035 -0.025071 0.655699
v 0.000000 -0.026352 0.655700
v 0.000000 -0.028883 0.652971
v -0.010995 -0.027469 0.652971
v -0.010035 -0.025071 0.655699
v -0.019105 -0.021345 0.655699
v -0.020914 -0.023367 0.652971
v -0.028786 -0.016977 0.652971
v -0.026322 -0.015524 0.655699
v -0.030967 -0.008168 0.655699
v -0.033840 -0.008925 0.652971
v -0.035582 -0.000000 0.652971
v -0.032570 -0.000000 0.655700
v -0.030967 0.008167 0.655699
v -0.033840 0.008925 0.652971
v -0.026322 0.015523 0.655699
v -0.028786 0.016977 0.652971
v -0.020914 0.023366 0.652971
v -0.019105 0.021345 0.655699
v -0.010035 0.025071 0.655699
v -0.010995 0.027469 0.652971
v 0.011124 0.031129 0.689976
v 0.021391 0.026863 0.689976
v 0.035665 -0.010669 0.689976
v 0.029902 -0.019916 0.689976
v -0.035664 -0.010669 0.689976
v -0.037729 -0.000000 0.689976
v 0.011124 -0.031129 0.689976
v 0.000000 -0.032565 0.689976
v -0.021391 -0.026863 0.689976
v -0.029902 -0.019916 0.689976
v 0.000000 -0.022264 1.453097
v 0.000000 -0.022264 1.465864
v 0.000000 -0.022264 1.589230
v 0.000000 -0.022264 1.601997
v 0.000000 -0.022264 1.725362
v 0.000000 -0.022264 1.738129
v 0.000000 -0.022264 1.861495
v 0.000000 -0.022264 1.874262
v -0.016122 -0.018012 1.874262
v -0.016122 -0.018012 1.861495
v -0.016122 -0.018012 1.738129
v -0.016122 -0.018012 1.725362
v -0.016122 -0.018012 1.601997
v -0.016122 -0.018012 1.589230
v -0.016122 -0.018012 1.465864
v -0.016122 -0.018012 1.453097
v -0.016122 -0.018012 1.329732
v -0.016122 -0.018012 1.316965
v -0.016122 -0.018012 1.193599
v -0.016122 -0.018012 1.180832
v -0.016122 -0.018012 1.057467
v -0.016122 -0.018012 1.044700
v -0.016122 -0.018012 0.921335
v -0.016122 -0.018012 0.908567
v -0.022190 -0.013087 0.908567
v -0.022190 -0.013087 0.921334
v -0.022190 -0.013087 1.044700
v -0.022190 -0.013087 1.057467
v -0.022190 -0.013087 1.180832
v -0.022190 -0.013087 1.193599
v -0.022190 -0.013087 1.316965
v -0.022190 -0.013087 1.329732
v -0.022190 -0.013087 1.453097
v -0.022190 -0.013087 1.465864
v -0.022190 -0.013087 1.589230
v -0.022190 -0.013087 1.601997
v -0.022190 -0.013087 1.725362
v -0.022190 -0.013087 1.738129
v -0.022190 -0.013087 1.861495
v -0.022190 -0.013087 1.874262
v 0.000000 -0.022264 1.316965
v 0.000000 -0.022264 1.329732
v 0.000000 -0.022264 1.180832
v 0.000000 -0.022264 1.193599
v 0.000000 -0.022264 1.044700
v 0.000000 -0.022264 1.057467
v 0.000000 -0.022264 0.908567
v 0.000000 -0.022264 0.921334
v 0.008476 -0.021175 0.921334
v 0.008476 -0.021175 0.908567
v 0.008476 -0.021175 1.057467
v 0.008476 -0.021175 1.044700
v 0.008476 -0.021175 1.193599
v 0.008476 -0.021175 1.180832
v 0.008476 -0.021175 1.329732
v 0.008476 -0.021175 1.316965
v 0.008476 -0.021175 1.465864
v 0.008476 -0.021175 1.453097
v 0.008476 -0.021175 1.601997
v 0.008476 -0.021175 1.589230
v 0.008476 -0.021175 1.738129
v 0.008476 -0.021175 1.725362
v 0.008476 -0.021175 1.874262
v 0.008476 -0.021175 1.861495
v -0.027428 0.000000 1.861495
v -0.027428 0.000000 1.874261
v -0.027428 -0.000000 1.725362
v -0.027428 -0.000000 1.738129
v -0.027428 -0.000000 1.589230
v -0.027428 -0.000000 1.601997
v -0.027428 -0.000000 1.453097
v -0.027428 -0.000000 1.465864
v -0.027428 -0.000000 1.316965
v -0.027428 -0.000000 1.329732
v -0.027428 -0.000000 1.180832
v -0.027428 -0.000000 1.193599
v -0.027428 -0.000000 1.044700
v -0.027428 -0.000000 1.057467
v -0.027428 -0.000000 0.908567
v -0.027428 -0.000000 0.921335
v -0.026086 -0.006880 0.921334
v -0.026086 -0.006880 0.908567
v -0.026086 -0.006880 1.057467
v -0.026086 -0.006880 1.044700
v -0.026086 -0.006880 1.193599
v -0.026086 -0.006880 1.180833
v -0.026086 -0.006880 1.329732
v -0.026086 -0.006880 1.316965
v -0.026086 -0.006880 1.465864
v -0.026086 -0.006880 1.453097
v -0.026086 -0.006880 1.601997
v -0.026086 -0.006880 1.589230
v -0.026086 -0.006880 1.738129
v -0.026086 -0.006880 1.725362
v -0.026086 -0.006880 1.874261
v -0.026086 -0.006880 1.861495
v 0.022190 -0.013087 1.861495
v 0.022190 -0.013087 1.874262
v 0.022190 -0.013087 1.725362
v 0.022190 -0.013087 1.738129
v 0.022190 -0.013087 1.589230
v 0.022190 -0.013087 1.601997
v 0.022190 -0.013087 1.453097
v 0.022190 -0.013087 1.465864
v 0.022190 -0.013087 1.316965
v 0.022190 -0.013087 1.329732
v 0.022190 -0.013087 1.180832
v 0.022190 -0.013087 1.193599
v 0.022190 -0.013087 1.044700
v 0.022190 -0.013087 1.057467
v 0.022190 -0.013087 0.908567
v 0.022190 -0.013087 0.921334
v 0.026086 -0.006880 0.921334
v 0.026086 -0.006880 0.908567
v 0.026086 -0.006880 1.057467
v 0.026086 -0.006880 1.044700
v 0.026086 -0.006880 1.193599
v 0.026086 -0.006880 1.180832
v 0.026086 -0.006880 1.329732
v 0.026086 -0.006880 1.316965
v 0.026086 -0.006880 1.465864
v 0.026086 -0.006880 1.453097
v 0.026086 -0.006880 1.601997
v 0.026086 -0.006880 1.589230
v 0.026086 -0.006880 1.738129
v 0.026086 -0.006880 1.725362
v 0.026086 -0.006880 1.874262
v 0.026086 -0.006880 1.861495
v 0.016122 0.018012 1.861495
v 0.016122 0.018012 1.874262
v 0.016122 0.018012 1.725363
v 0.016122 0.018012 1.738129
v 0.016122 0.018012 1.589230
v 0.016122 0.018012 1.601997
v 0.016122 0.018012 1.453097
v 0.016122 0.018012 1.465864
v 0.016122 0.018012 1.316965
v 0.016122 0.018012 1.329732
v 0.016122 0.018012 1.180832
v 0.016122 0.018012 1.193599
v 0.016122 0.018012 1.044700
v 0.016122 0.018012 1.057467
v 0.016122 0.018012 0.908567
v 0.016122 0.018012 0.921335
v 0.008476 0.021175 0.921334
v 0.008476 0.021175 0.908567
v 0.008476 0.021175 1.057467
v 0.008476 0.021175 1.044700
v 0.008476 0.021175 1.193599
v 0.008476 0.021175 1.180832
v 0.008476 0.021175 1.329732
v 0.008476 0.021175 1.316965
v 0.008476 0.021175 1.465864
v 0.008476 0.021175 1.453097
v 0.008476 0.021175 1.601997
v 0.008476 0.021175 1.589230
v 0.008476 0.021175 1.738129
v 0.008476 0.021175 1.725362
v 0.008476 0.021175 1.874262
v 0.008476 0.021175 1.861495
v 0.000000 0.022264 0.921334
v 0.000000 0.022264 0.908567
v 0.000000 0.022264 1.057467
v 0.000000 0.022264 1.044700
v 0.000000 0.022264 1.193599
v 0.000000 0.022264 1.180832
v 0.000000 0.022264 1.329732
v 0.000000 0.022264 1.316965
v 0.000000 0.022264 1.465864
v 0.000000 0.022264 1.453097
v 0.000000 0.022264 1.601997
v 0.000000 0.022264 1.589230
v 0.000000 0.022264 1.738129
v 0.000000 0.022264 1.725362
v 0.000000 0.022264 1.874262
v 0.000000 0.022264 1.861495
v -0.008476 0.021175 1.861495
v -0.008476 0.021175 1.874262
v -0.008476 0.021175 1.725362
v -0.008476 0.021175 1.738129
v -0.008476 0.021175 1.589230
v -0.008476 0.021175 1.601997
v -0.008476 0.021175 1.453097
v -0.008476 0.021175 1.465864
v -0.008476 0.021175 1.316965
v -0.008476 0.021175 1.329732
v -0.008476 0.021175 1.180832
v -0.008476 0.021175 1.193599
v -0.008476 0.021175 1.044700
v -0.008476 0.021175 1.057467
v -0.008476 0.021175 0.908567
v -0.008476 0.021175 0.921334
v -0.016122 0.018012 0.921335
v -0.016122 0.018012 0.908567
v -0.016122 0.018012 1.057467
v -0.016122 0.018012 1.044700
v -0.016122 0.018012 1.193599
v -0.016122 0.018012 1.180833
v -0.016122 0.018012 1.329732
v -0.016122 0.018012 1.316965
v -0.016122 0.018012 1.465864
v -0.016122 0.018012 1.453098
v -0.016122 0.018012 1.601997
v -0.016122 0.018012 1.589230
v -0.016122 0.018012 1.738129
v -0.016122 0.018012 1.725362
v -0.016122 0.018012 1.874262
v -0.016122 0.018012 1.861495
v 0.027428 -0.000000 0.921334
v 0.027428 -0.000000 0.908567
v 0.027428 -0.000000 1.057467
v 0.027428 -0.000000 1.044700
v 0.027428 -0.000000 1.193599
v 0.027428 -0.000000 1.180832
v 0.027428 -0.000000 1.329732
v 0.027428 -0.000000 1.316965
v 0.027428 -0.000000 1.465864
v 0.027428 -0.000000 1.453097
v 0.027428 -0.000000 1.601997
v 0.027428 -0.000000 1.589230
v 0.027428 -0.000000 1.738129
v 0.027428 -0.000000 1.725362
v 0.027428 0.000000 1.874262
v 0.027428 0.000000 1.861495
v -0.022190 0.013087 0.921334
v -0.022190 0.013087 0.908567
v -0.022190 0.013087 1.057467
v -0.022190 0.013087 1.044700
v -0.022190 0.013087 1.193599
v -0.022190 0.013087 1.180832
v -0.022190 0.013087 1.329732
v -0.022190 0.013087 1.316965
v -0.022190 0.013087 1.465864
v -0.022190 0.013087 1.453097
v -0.022190 0.013087 1.601997
v -0.022190 0.013087 1.589230
v -0.022190 0.013087 1.738129
v -0.022190 0.013087 1.725362
v -0.022190 0.013087 1.874262
v -0.022190 0.013087 1.861495
v -0.008476 -0.021175 1.861495
v -0.008476 -0.021175 1.874262
v -0.008476 -0.021175 1.725362
v -0.008476 -0.021175 1.738129
v -0.008476 -0.021175 1.589230
v -0.008476 -0.021175 1.601997
v -0.008476 -0.021175 1.453097
v -0.008476 -0.021175 1.465864
v -0.008476 -0.021175 1.316965
v -0.008476 -0.021175 1.329732
v -0.008476 -0.021175 1.180832
v -0.008476 -0.021175 1.193599
v -0.008476 -0.021175 1.044700
v -0.008476 -0.021175 1.057467
v -0.008476 -0.021175 0.908567
v -0.008476 -0.021175 0.921334
v 0.016122 -0.018012 0.921335
v 0.016122 -0.018012 0.908567
v 0.016122 -0.018012 1.057467
v 0.016122 -0.018012 1.044700
v 0.016122 -0.018012 1.193599
v 0.016122 -0.018012 1.180833
v 0.016122 -0.018012 1.329732
v 0.016122 -0.018012 1.316965
v 0.016122 -0.018012 1.465864
v 0.016122 -0.018012 1.453097
v 0.016122 -0.018012 1.601997
v 0.016122 -0.018012 1.589230
v 0.016122 -0.018012 1.738129
v 0.016122 -0.018012 1.725363
v 0.016122 -0.018012 1.874262
v 0.016122 -0.018012 1.861495
v 0.022190 0.013087 1.861495
v 0.022190 0.013087 1.874262
v 0.022190 0.013087 1.725362
v 0.022190 0.013087 1.738129
v 0.022190 0.013087 1.589230
v 0.022190 0.013087 1.601997
v 0.022190 0.013087 1.453097
v 0.022190 0.013087 1.465864
v 0.022190 0.013087 1.316965
v 0.022190 0.013087 1.329732
v 0.022190 0.013087 1.180832
v 0.022190 0.013087 1.193599
v 0.022190 0.013087 1.044700
v 0.022190 0.013087 1.057467
v 0.022190 0.013087 0.908567
v 0.022190 0.013087 0.921334
v 0.026086 0.006880 0.921334
v 0.026086 0.006880 0.908567
v 0.026086 0.006880 1.057467
v 0.026086 0.006880 1.044700
v 0.026086 0.006880 1.193599
v 0.026086 0.006880 1.180832
v 0.026086 0.006880 1.329732
v 0.026086 0.006880 1.316965
v 0.026086 0.006880 1.465864
v 0.026086 0.006880 1.453097
v 0.026086 0.006880 1.601997
v 0.026086 0.006880 1.589230
v 0.026086 0.006880 1.738129
v 0.026086 0.006880 1.725362
v 0.026086 0.006880 1.874262
v 0.026086 0.006880 1.861495
v -0.026086 0.006880 1.861495
v -0.026086 0.006880 1.874261
v -0.026086 0.006880 1.725362
v -0.026086 0.006880 1.738129
v -0.026086 0.006880 1.589230
v -0.026086 0.006880 1.601997
v -0.026086 0.006880 1.453097
v -0.026086 0.006880 1.465864
v -0.026086 0.006880 1.316965
v -0.026086 0.006880 1.329732
v -0.026086 0.006880 1.180832
v -0.026086 0.006880 1.193599
v -0.026086 0.006880 1.044700
v -0.026086 0.006880 1.057467
v -0.026086 0.006880 0.908567
v -0.026086 0.006880 0.921334
v 0.000000 -0.018064 1.456587
v 0.000000 -0.018064 1.462375
v 0.000000 -0.018064 1.592719
v 0.000000 -0.018064 1.598507
v 0.000000 -0.018064 1.728852
v 0.000000 -0.018064 1.734640
v 0.000000 -0.018064 1.864985
v 0.000000 -0.018064 1.870772
v -0.013973 -0.014403 1.870772
v -0.013973 -0.014403 1.864985
v -0.013973 -0.014403 1.734640
v -0.013973 -0.014403 1.728852
v -0.013973 -0.014403 1.598507
v -0.013973 -0.014403 1.592719
v -0.013973 -0.014403 1.462375
v -0.013973 -0.014403 1.456587
v -0.013973 -0.014403 1.326242
v -0.013973 -0.014403 1.320454
v -0.013973 -0.014403 1.190110
v -0.013973 -0.014403 1.184322
v -0.013973 -0.014403 1.053977
v -0.013973 -0.014403 1.048189
v -0.013973 -0.014403 0.917845
v -0.013973 -0.014403 0.912057
v -0.019045 -0.010302 0.912057
v -0.019045 -0.010302 0.917845
v -0.019045 -0.010302 1.048189
v -0.019045 -0.010302 1.053977
v -0.019045 -0.010302 1.184322
v -0.019045 -0.010302 1.190110
v -0.019045 -0.010302 1.320454
v -0.019045 -0.010302 1.326242
v -0.019045 -0.010302 1.456587
v -0.019045 -0.010302 1.462375
v -0.019045 -0.010302 1.592719
v -0.019045 -0.010302 1.598507
v -0.019045 -0.010302 1.728852
v -0.019045 -0.010302 1.734640
v -0.019045 -0.010302 1.864985
v -0.019045 -0.010302 1.870772
v 0.000000 -0.018064 1.320454
v 0.000000 -0.018064 1.326242
v 0.000000 -0.018064 1.184322
v 0.000000 -0.018064 1.190110
v 0.000000 -0.018064 1.048189
v 0.000000 -0.018064 1.053977
v 0.000000 -0.018064 0.912057
v 0.000000 -0.018064 0.917845
v 0.007396 -0.017116 0.917845
v 0.007396 -0.017116 0.912057
v 0.007396 -0.017116 1.053977
v 0.007396 -0.017116 1.048189
v 0.007396 -0.017116 1.190110
v 0.007396 -0.017116 1.184322
v 0.007396 -0.017116 1.326242
v 0.007396 -0.017116 1.320454
v 0.007396 -0.017116 1.462375
v 0.007396 -0.017116 1.456587
v 0.007396 -0.017116 1.598507
v 0.007396 -0.017116 1.592719
v 0.007396 -0.017116 1.734640
v 0.007396 -0.017116 1.728852
v 0.007396 -0.017116 1.870772
v 0.007396 -0.017116 1.864984
v -0.023228 0.000000 1.864985
v -0.023228 0.000000 1.870772
v -0.023228 -0.000000 1.728852
v -0.023228 -0.000000 1.734640
v -0.023228 -0.000000 1.592719
v -0.023228 -0.000000 1.598507
v -0.023228 -0.000000 1.456587
v -0.023228 -0.000000 1.462375
v -0.023228 -0.000000 1.320454
v -0.023228 -0.000000 1.326242
v -0.023228 -0.000000 1.184322
v -0.023228 -0.000000 1.190110
v -0.023228 -0.000000 1.048189
v -0.023228 -0.000000 1.053977
v -0.023228 -0.000000 0.912057
v -0.023228 -0.000000 0.917845
v -0.022180 -0.005335 0.917845
v -0.022180 -0.005335 0.912057
v -0.022180 -0.005335 1.053978
v -0.022180 -0.005335 1.048189
v -0.022180 -0.005335 1.190110
v -0.022180 -0.005335 1.184322
v -0.022180 -0.005335 1.326242
v -0.022180 -0.005335 1.320454
v -0.022180 -0.005335 1.462375
v -0.022180 -0.005335 1.456587
v -0.022180 -0.005335 1.598507
v -0.022180 -0.005335 1.592719
v -0.022180 -0.005335 1.734640
v -0.022180 -0.005335 1.728852
v -0.022180 -0.005335 1.870772
v -0.022180 -0.005335 1.864985
v 0.019045 -0.010302 1.864984
v 0.019045 -0.010302 1.870772
v 0.019045 -0.010302 1.728852
v 0.019045 -0.010302 1.734640
v 0.019045 -0.010302 1.592719
v 0.019045 -0.010302 1.598507
v 0.019045 -0.010302 1.456587
v 0.019045 -0.010302 1.462375
v 0.019045 -0.010302 1.320454
v 0.019045 -0.010302 1.326242
v 0.019045 -0.010302 1.184322
v 0.019045 -0.010302 1.190110
v 0.019045 -0.010302 1.048189
v 0.019045 -0.010302 1.053977
v 0.019045 -0.010302 0.912057
v 0.019045 -0.010302 0.917845
v 0.022180 -0.005335 0.917845
v 0.022180 -0.005335 0.912057
v 0.022180 -0.005335 1.053977
v 0.022180 -0.005335 1.048189
v 0.022180 -0.005335 1.190110
v 0.022180 -0.005335 1.184322
v 0.022180 -0.005335 1.326242
v 0.022180 -0.005335 1.320454
v 0.022180 -0.005335 1.462375
v 0.022180 -0.005335 1.456587
v 0.022180 -0.005335 1.598507
v 0.022180 -0.005335 1.592719
v 0.022180 -0.005335 1.734640
v 0.022180 -0.005335 1.728852
v 0.022180 -0.005335 1.870772
v 0.022180 -0.005335 1.864984
v 0.013973 0.014403 1.864984
v 0.013973 0.014403 1.870772
v 0.013973 0.014403 1.728852
v 0.013973 0.014403 1.734640
v 0.013973 0.014403 1.592719
v 0.013973 0.014403 1.598507
v 0.013973 0.014403 1.456587
v 0.013973 0.014403 1.462375
v 0.013973 0.014403 1.320454
v 0.013973 0.014403 1.326242
v 0.013973 0.014403 1.184322
v 0.013973 0.014403 1.190110
v 0.013973 0.014403 1.048190
v 0.013973 0.014403 1.053977
v 0.013973 0.014403 0.912057
v 0.013973 0.014403 0.917845
v 0.007396 0.017116 0.917845
v 0.007396 0.017116 0.912057
v 0.007396 0.017116 1.053977
v 0.007396 0.017116 1.048189
v 0.007396 0.017116 1.190110
v 0.007396 0.017116 1.184322
v 0.007396 0.017116 1.326242
v 0.007396 0.017116 1.320454
v 0.007396 0.017116 1.462375
v 0.007396 0.017116 1.456587
v 0.007396 0.017116 1.598507
v 0.007396 0.017116 1.592719
v 0.007396 0.017116 1.734640
v 0.007396 0.017116 1.728852
v 0.007396 0.017116 1.870772
v 0.007396 0.017116 1.864984
v 0.000000 0.018064 0.917845
v 0.000000 0.018064 0.912057
v 0.000000 0.018064 1.053977
v 0.000000 0.018064 1.048189
v 0.000000 0.018064 1.190110
v 0.000000 0.018064 1.184322
v 0.000000 0.018064 1.326242
v 0.000000 0.018064 1.320454
v 0.000000 0.018064 1.462375
v 0.000000 0.018064 1.456587
v 0.000000 0.018064 1.598507
v 0.000000 0.018064 1.592719
v 0.000000 0.018064 1.734640
v 0.000000 0.018064 1.728852
v 0.000000 0.018064 1.870772
v 0.000000 0.018064 1.864985
v -0.007396 0.017116 1.864985
v -0.007396 0.017116 1.870772
v -0.007396 0.017116 1.728852
v -0.007396 0.017116 1.734640
v -0.007396 0.017116 1.592719
v -0.007396 0.017116 1.598507
v -0.007396 0.017116 1.456587
v -0.007396 0.017116 1.462375
v -0.007396 0.017116 1.320454
v -0.007396 0.017116 1.326242
v -0.007396 0.017116 1.184322
v -0.007396 0.017116 1.190110
v -0.007396 0.017116 1.048190
v -0.007396 0.017116 1.053977
v -0.007396 0.017116 0.912057
v -0.007396 0.017116 0.917845
v -0.013973 0.014403 0.917845
v -0.013973 0.014403 0.912057
v -0.013973 0.014403 1.053977
v -0.013973 0.014403 1.048189
v -0.013973 0.014403 1.190110
v -0.013973 0.014403 1.184322
v -0.013973 0.014403 1.326242
v -0.013973 0.014403 1.320454
v -0.013973 0.014403 1.462375
v -0.013973 0.014403 1.456587
v -0.013973 0.014403 1.598507
v -0.013973 0.014403 1.592719
v -0.013973 0.014403 1.734640
v -0.013973 0.014403 1.728852
v -0.013973 0.014403 1.870772
v -0.013973 0.014403 1.864985
v 0.023228 -0.000000 0.917845
v 0.023228 -0.000000 0.912057
v 0.023228 -0.000000 1.053977
v 0.023228 -0.000000 1.048190
v 0.023228 -0.000000 1.190110
v 0.023228 -0.000000 1.184322
v 0.023228 -0.000000 1.326242
v 0.023228 -0.000000 1.320455
v 0.023228 -0.000000 1.462375
v 0.023228 -0.000000 1.456587
v 0.023228 -0.000000 1.598507
v 0.023228 -0.000000 1.592719
v 0.023228 -0.000000 1.734640
v 0.023228 -0.000000 1.728852
v 0.023228 0.000000 1.870772
v 0.023228 0.000000 1.864985
v -0.019045 0.010302 0.917845
v -0.019045 0.010302 0.912057
v -0.019045 0.010302 1.053977
v -0.019045 0.010302 1.048189
v -0.019045 0.010302 1.190110
v -0.019045 0.010302 1.184322
v -0.019045 0.010302 1.326242
v -0.019045 0.010302 1.320454
v -0.019045 0.010302 1.462375
v -0.019045 0.010302 1.456587
v -0.019045 0.010302 1.598507
v -0.019045 0.010302 1.592719
v -0.019045 0.010302 1.734640
v -0.019045 0.010302 1.728852
v -0.019045 0.010302 1.870772
v -0.019045 0.010302 1.864985
v -0.007396 -0.017116 1.864984
v -0.007396 -0.017116 1.870772
v -0.007396 -0.017116 1.728852
v -0.007396 -0.017116 1.734640
v -0.007396 -0.017116 1.592719
v -0.007396 -0.017116 1.598507
v -0.007396 -0.017116 1.456587
v -0.007396 -0.017116 1.462375
v -0.007396 -0.017116 1.320454
v -0.007396 -0.017116 1.326242
v -0.007396 -0.017116 1.184322
v -0.007396 -0.017116 1.190110
v -0.007396 -0.017116 1.048189
v -0.007396 -0.017116 1.053977
v -0.007396 -0.017116 0.912057
v -0.007396 -0.017116 0.917845
v 0.013973 -0.014403 0.917845
v 0.013973 -0.014403 0.912057
v 0.013973 -0.014403 1.053977
v 0.013973 -0.014403 1.048190
v 0.013973 -0.014403 1.190110
v 0.013973 -0.014403 1.184322
v 0.013973 -0.014403 1.326242
v 0.013973 -0.014403 1.320454
v 0.013973 -0.014403 1.462375
v 0.013973 -0.014403 1.456587
v 0.013973 -0.014403 1.598507
v 0.013973 -0.014403 1.592719
v 0.013973 -0.014403 1.734640
v 0.013973 -0.014403 1.728852
v 0.013973 -0.014403 1.870772
v 0.013973 -0.014403 1.864985
v 0.019045 0.010302 1.864984
v 0.019045 0.010302 1.870772
v 0.019045 0.010302 1.728852
v 0.019045 0.010302 1.734640
v 0.019045 0.010302 1.592719
v 0.019045 0.010302 1.598507
v 0.019045 0.010302 1.456587
v 0.019045 0.010302 1.462375
v 0.019045 0.010302 1.320454
v 0.019045 0.010302 1.326242
v 0.019045 0.010302 1.184322
v 0.019045 0.010302 1.190110
v 0.019045 0.010302 1.048189
v 0.019045 0.010302 1.053977
v 0.019045 0.010302 0.912057
v 0.019045 0.010302 0.917845
v 0.022180 0.005335 0.917845
v 0.022180 0.005335 0.912057
v 0.022180 0.005335 1.053977
v 0.022180 0.005335 1.048190
v 0.022180 0.005335 1.190110
v 0.022180 0.005335 1.184322
v 0.022180 0.005335 1.326242
v 0.022180 0.005335 1.320454
v 0.022180 0.005335 1.462375
v 0.022180 0.005335 1.456587
v 0.022180 0.005335 1.598507
v 0.022180 0.005335 1.592719
v 0.022180 0.005335 1.734640
v 0.022180 0.005335 1.728852
v 0.022180 0.005335 1.870772
v 0.022180 0.005335 1.864984
v -0.022180 0.005335 1.864985
v -0.022180 0.005335 1.870772
v -0.022180 0.005335 1.728852
v -0.022180 0.005335 1.734640
v -0.022180 0.005335 1.592719
v -0.022180 0.005335 1.598507
v -0.022180 0.005335 1.456587
v -0.022180 0.005335 1.462375
v -0.022180 0.005335 1.320454
v -0.022180 0.005335 1.326242
v -0.022180 0.005335 1.184322
v -0.022180 0.005335 1.190110
v -0.022180 0.005335 1.048189
v -0.022180 0.005335 1.053977
v -0.022180 0.005335 0.912057
v -0.022180 0.005335 0.917845
v -0.011334 0.028316 2.146744
v 0.000000 0.029774 2.146744
v -0.021559 0.024087 2.146744
v -0.029674 0.017500 2.146744
v -0.034884 0.009201 2.146743
v -0.036679 0.000000 2.146743
v -0.034884 -0.009200 2.146743
v -0.029674 -0.017500 2.146744
v -0.021559 -0.024087 2.146744
v -0.011334 -0.028316 2.146744
v 0.000000 -0.029773 2.146744
v 0.011334 -0.028316 2.146744
v 0.021559 -0.024087 2.146744
v 0.029674 -0.017500 2.146744
v 0.034884 -0.009200 2.146743
v 0.036679 0.000000 2.146743
v 0.034884 0.009201 2.146743
v 0.029674 0.017500 2.146744
v 0.021559 0.024087 2.146744
v 0.011334 0.028316 2.146744
v 0.014782 0.038322 2.180503
v 0.000000 0.040226 2.180507
v 0.028213 0.032757 2.180492
v 0.039021 0.023963 2.180475
v 0.046083 0.012679 2.180459
v 0.048549 0.000000 2.180453
v 0.046083 -0.012679 2.180459
v 0.039021 -0.023963 2.180475
v 0.028213 -0.032757 2.180492
v 0.014782 -0.038322 2.180503
v 0.000000 -0.040226 2.180507
v -0.014782 -0.038322 2.180503
v -0.028213 -0.032757 2.180491
v -0.039021 -0.023963 2.180475
v -0.046083 -0.012679 2.180459
v -0.048549 0.000000 2.180453
v -0.046083 0.012679 2.180459
v -0.039021 0.023963 2.180475
v -0.028213 0.032757 2.180491
v -0.014782 0.038322 2.180503
v 0.014781 0.038330 2.250314
v 0.000000 0.040233 2.250314
v 0.028213 0.032767 2.250313
v 0.039025 0.023974 2.250312
v 0.046092 0.012687 2.250312
v 0.048560 0.000000 2.250312
v 0.046092 -0.012687 2.250312
v 0.039025 -0.023974 2.250312
v 0.028213 -0.032767 2.250313
v 0.014781 -0.038330 2.250314
v 0.000000 -0.040233 2.250314
v -0.014781 -0.038330 2.250314
v -0.028213 -0.032767 2.250313
v -0.039025 -0.023974 2.250312
v -0.046092 -0.012687 2.250312
v -0.048560 0.000000 2.250312
v -0.046092 0.012687 2.250312
v -0.039025 0.023974 2.250312
v -0.028213 0.032767 2.250313
v -0.014781 0.038330 2.250314
v -0.013117 0.034163 2.149539
v -0.012236 0.031332 2.146859
v -0.025045 0.029220 2.149515
v -0.023327 0.026742 2.146847
v -0.034661 0.021396 2.149481
v -0.032213 0.019522 2.146828
v -0.040960 0.011332 2.149447
v -0.037985 0.010309 2.146811
v -0.043163 0.000000 2.149433
v -0.039992 0.000000 2.146803
v -0.040960 -0.011331 2.149447
v -0.037985 -0.010309 2.146811
v -0.034661 -0.021396 2.149481
v -0.032213 -0.019522 2.146828
v -0.025045 -0.029220 2.149515
v -0.023327 -0.026742 2.146847
v -0.013117 -0.034163 2.149539
v -0.012236 -0.031332 2.146859
v 0.000000 -0.035852 2.149548
v 0.000000 -0.032906 2.146864
v 0.013117 -0.034163 2.149539
v 0.012236 -0.031332 2.146859
v 0.025045 -0.029220 2.149515
v 0.023328 -0.026742 2.146847
v 0.034662 -0.021396 2.149481
v 0.032213 -0.019522 2.146828
v 0.040960 -0.011331 2.149447
v 0.037985 -0.010309 2.146810
v 0.043163 0.000000 2.149433
v 0.039992 0.000000 2.146803
v 0.040960 0.011332 2.149447
v 0.037985 0.010309 2.146810
v 0.034662 0.021396 2.149481
v 0.032213 0.019522 2.146828
v 0.025045 0.029220 2.149515
v 0.023328 0.026742 2.146847
v 0.013117 0.034163 2.149539
v 0.012236 0.031332 2.146859
v 0.000000 0.032906 2.146864
v 0.000000 0.035852 2.149547
v 0.026086 0.006880 0.689976
v 0.026086 0.006880 0.864033
v -0.022190 -0.013087 0.864033
v -0.022190 -0.013087 0.689976
v -0.016122 -0.018012 0.689976
v -0.016122 -0.018012 0.864033
v -0.016122 0.018012 0.689976
v -0.016122 0.018012 0.864033
v 0.000000 -0.022264 0.864033
v 0.000000 -0.022265 0.689976
v -0.022190 0.013086 0.689976
v -0.022190 0.013086 0.864033
v 0.000000 0.022264 0.689976
v 0.000000 0.022264 0.864033
v 0.022190 0.013086 0.864033
v 0.022190 0.013086 0.689976
v 0.008476 -0.021175 0.689976
v 0.008476 -0.021175 0.864033
v 0.026086 -0.006880 0.689976
v 0.026086 -0.006880 0.864033
v 0.008476 0.021174 0.689976
v 0.008476 0.021174 0.864033
v 0.016122 -0.018012 0.689976
v 0.016122 -0.018012 0.864033
v 0.027428 -0.000000 0.689976
v 0.027428 -0.000000 0.864033
v -0.026086 -0.006880 0.689976
v -0.026086 -0.006880 0.864033
v -0.027428 -0.000000 0.864033
v -0.027428 -0.000000 0.689976
v -0.008476 -0.021175 0.864033
v -0.008476 -0.021175 0.689976
v 0.022190 -0.013087 0.864033
v 0.022190 -0.013087 0.689976
v -0.026086 0.006880 0.864033
v -0.026086 0.006880 0.689976
v -0.008476 0.021174 0.864033
v -0.008476 0.021174 0.689976
v 0.016122 0.018012 0.864033
v 0.016122 0.018012 0.689976
v 0.000000 0.032565 0.689976
v -0.011124 0.031129 0.689976
v -0.021391 0.026863 0.689976
v 0.037729 -0.000000 0.689976
v -0.029902 0.019915 0.689976
v -0.011124 -0.031129 0.689976
v 0.021391 -0.026863 0.689976
v 0.029902 0.019915 0.689976
v 0.035665 0.010668 0.689976
v -0.035664 0.010668 0.689976
v -0.037946 0.011351 0.833684
v -0.041468 0.012404 0.795210
v -0.045872 0.013722 0.744289
v -0.048362 0.014467 0.699726
v -0.011836 0.033120 0.833684
v -0.012934 0.036194 0.795210
v -0.014308 0.040038 0.744289
v -0.015085 0.042212 0.699726
v 0.029008 -0.036427 0.699726
v 0.027514 -0.034551 0.744289
v 0.024872 -0.031234 0.795210
v 0.022760 -0.028581 0.833684
v 0.048362 0.014467 0.699726
v 0.045872 0.013722 0.744289
v 0.041468 0.012404 0.795210
v 0.037946 0.011351 0.833684
v 0.031814 0.021189 0.833684
v 0.034767 0.023156 0.795210
v 0.038460 0.025615 0.744289
v 0.040548 0.027006 0.699726
v -0.011836 -0.033120 0.833684
v -0.012934 -0.036195 0.795210
v -0.014308 -0.040038 0.744289
v -0.015085 -0.042212 0.699726
v 0.031814 -0.021189 0.833684
v 0.034767 -0.023156 0.795210
v 0.038460 -0.025615 0.744289
v 0.040548 -0.027006 0.699726
v 0.048362 -0.014467 0.699726
v 0.045872 -0.013722 0.744289
v 0.041468 -0.012405 0.795210
v 0.037946 -0.011351 0.833684
v -0.029007 0.036427 0.699726
v -0.027514 0.034551 0.744289
v -0.024872 0.031234 0.795210
v -0.022760 0.028581 0.833684
v -0.040142 -0.000000 0.833684
v -0.043868 -0.000000 0.795210
v -0.048527 -0.000000 0.744289
v -0.051162 -0.000000 0.699726
v 0.051162 -0.000000 0.699726
v 0.048527 -0.000000 0.744289
v 0.043868 -0.000000 0.795210
v 0.040142 -0.000000 0.833684
v 0.015085 0.042212 0.699726
v 0.014308 0.040038 0.744289
v 0.012934 0.036194 0.795210
v 0.011836 0.033120 0.833684
v -0.048362 -0.014467 0.699726
v -0.045872 -0.013722 0.744289
v -0.041468 -0.012405 0.795210
v -0.037946 -0.011351 0.833684
v 0.000000 -0.034648 0.833684
v 0.000000 -0.037864 0.795210
v 0.000000 -0.041885 0.744290
v 0.000000 -0.044159 0.699726
v 0.015085 -0.042212 0.699726
v 0.014308 -0.040038 0.744289
v 0.012934 -0.036195 0.795210
v 0.011836 -0.033120 0.833684
v 0.022760 0.028581 0.833684
v 0.024872 0.031234 0.795210
v 0.027514 0.034551 0.744289
v 0.029008 0.036427 0.699726
v -0.031814 -0.021189 0.833684
v -0.034767 -0.023156 0.795210
v -0.038460 -0.025615 0.744289
v -0.040548 -0.027006 0.699726
v 0.000000 0.044159 0.699726
v 0.000000 0.041885 0.744289
v 0.000000 0.037864 0.795210
v 0.000000 0.034648 0.833684
v -0.040548 0.027006 0.699726
v -0.038460 0.025615 0.744289
v -0.034767 0.023156 0.795210
v -0.031814 0.021189 0.833684
v -0.029007 -0.036427 0.699726
v -0.027514 -0.034551 0.744289
v -0.024872 -0.031234 0.795210
v -0.022760 -0.028581 0.833684
v 0.009719 0.025955 0.864033
v 0.011045 0.030907 0.859408
v 0.018598 0.022263 0.864033
v 0.021239 0.026671 0.859409
v 0.035410 -0.010592 0.859409
v 0.030593 -0.008697 0.864033
v 0.025817 -0.016365 0.864033
v 0.029689 -0.019774 0.859409
v -0.030592 -0.008697 0.864033
v -0.035410 -0.010592 0.859409
v -0.037460 -0.000000 0.859409
v -0.032274 -0.000000 0.864033
v 0.011045 -0.030907 0.859408
v 0.009719 -0.025955 0.864033
v 0.000000 -0.032333 0.859408
v 0.000000 -0.027210 0.864033
v -0.018598 -0.022263 0.864033
v -0.021239 -0.026672 0.859409
v -0.029688 -0.019774 0.859409
v -0.025817 -0.016365 0.864032
v 0.000000 0.032333 0.859408
v 0.000000 0.027210 0.864033
v -0.009718 0.025955 0.864033
v -0.011045 0.030907 0.859409
v -0.021239 0.026671 0.859409
v -0.018598 0.022263 0.864033
v 0.032274 -0.000000 0.864033
v 0.037460 -0.000000 0.859409
v -0.025817 0.016365 0.864032
v -0.029688 0.019773 0.859409
v -0.011045 -0.030907 0.859408
v -0.009718 -0.025955 0.864033
v 0.018598 -0.022263 0.864033
v 0.021239 -0.026672 0.859409
v 0.029689 0.019773 0.859409
v 0.025817 0.016365 0.864033
v 0.035410 0.010592 0.859409
v 0.030593 0.008697 0.864033
v -0.035410 0.010592 0.859409
v -0.030592 0.008697 0.864033
v 0.000000 -0.023338 0.561392
v 0.000000 -0.023338 0.545325
v 0.000000 -0.023338 0.473835
v 0.000000 -0.023338 0.457769
v -0.009627 -0.022096 0.560578
v -0.009516 -0.022125 0.544505
v -0.009627 -0.022096 0.473021
v -0.009516 -0.022125 0.456949
v -0.018161 -0.018553 0.558723
v -0.017996 -0.018651 0.542641
v -0.018161 -0.018553 0.471166
v -0.017996 -0.018651 0.455084
v -0.024708 -0.013220 0.556662
v -0.024562 -0.013385 0.540577
v -0.024708 -0.013220 0.469106
v -0.024562 -0.013385 0.453021
v -0.028720 -0.006797 0.554967
v -0.028648 -0.006979 0.538886
v -0.028720 -0.006797 0.467410
v -0.028648 -0.006979 0.451330
v -0.030036 -0.000000 0.553855
v -0.030036 -0.000000 0.537777
v -0.030036 -0.000000 0.466298
v -0.030036 -0.000000 0.450220
v -0.028720 0.006796 0.554967
v -0.028648 0.006978 0.538886
v -0.028720 0.006796 0.467410
v -0.028648 0.006978 0.451330
v -0.024708 0.013219 0.556662
v -0.024562 0.013384 0.540577
v -0.024708 0.013219 0.469106
v -0.024562 0.013384 0.453021
v -0.009516 0.022125 0.544505
v -0.009627 0.022095 0.560578
v -0.018161 0.018553 0.558723
v -0.017996 0.018651 0.542641
v -0.018161 0.018553 0.471166
v -0.017996 0.018651 0.455084
v -0.009516 0.022125 0.456949
v -0.009627 0.022095 0.473021
v 0.000000 0.028883 0.561392
v 0.000000 0.028883 0.545325
v 0.000000 0.028882 0.473835
v 0.000000 0.028882 0.457769
v 0.010995 0.027469 0.456949
v 0.010995 0.027469 0.473021
v 0.010995 0.027469 0.544506
v 0.010995 0.027469 0.560578
v -0.010995 0.027469 0.560578
v -0.010995 0.027469 0.544505
v -0.010995 0.027469 0.473021
v -0.010995 0.027469 0.456949
v 0.020914 0.023366 0.455084
v 0.020914 0.023366 0.471166
v 0.020914 0.023366 0.542641
v 0.020914 0.023366 0.558723
v 0.028786 0.016977 0.453021
v 0.028786 0.016977 0.469106
v 0.028786 0.016977 0.540577
v 0.028786 0.016977 0.556662
v 0.033840 0.008925 0.451330
v 0.033840 0.008925 0.467410
v 0.033840 0.008925 0.538886
v 0.033840 0.008925 0.554967
v 0.035582 -0.000000 0.450220
v 0.035582 -0.000000 0.466298
v 0.035582 -0.000000 0.537777
v 0.035582 -0.000000 0.553855
v 0.033840 -0.008925 0.451330
v 0.033840 -0.008925 0.467410
v 0.033840 -0.008925 0.538886
v 0.033840 -0.008925 0.554967
v 0.028786 -0.016977 0.453021
v 0.028786 -0.016977 0.469106
v 0.028786 -0.016977 0.540577
v 0.028786 -0.016977 0.556662
v 0.020914 -0.023367 0.455084
v 0.020914 -0.023367 0.471166
v 0.020914 -0.023367 0.542641
v 0.020914 -0.023367 0.558723
v 0.010995 -0.027469 0.456949
v 0.010995 -0.027469 0.473021
v 0.010995 -0.027469 0.544506
v 0.010995 -0.027469 0.560578
v 0.000000 -0.028883 0.457769
v 0.000000 -0.028883 0.473835
v 0.000000 -0.028883 0.545325
v 0.000000 -0.028883 0.561392
v -0.010995 -0.027469 0.456949
v -0.010995 -0.027469 0.473021
v -0.010995 -0.027469 0.544505
v -0.010995 -0.027469 0.560578
v -0.020914 -0.023367 0.455084
v -0.020914 -0.023367 0.471166
v -0.020914 -0.023367 0.542641
v -0.020914 -0.023367 0.558723
v -0.028786 -0.016977 0.453021
v -0.028786 -0.016977 0.469106
v -0.028786 -0.016977 0.540577
v -0.028786 -0.016977 0.556662
v -0.033840 -0.008925 0.451330
v -0.033840 -0.008925 0.467410
v -0.033840 -0.008925 0.538886
v -0.033840 -0.008925 0.554967
v -0.035582 -0.000000 0.450220
v -0.035582 -0.000000 0.466298
v -0.035582 -0.000000 0.537777
v -0.035582 -0.000000 0.553855
v -0.033840 0.008925 0.451330
v -0.033840 0.008925 0.467410
v -0.033840 0.008925 0.538886
v -0.033840 0.008925 0.554967
v -0.028786 0.016977 0.453021
v -0.028786 0.016977 0.469106
v -0.028786 0.016977 0.540577
v -0.028786 0.016977 0.556662
v -0.020914 0.023366 0.455084
v -0.020914 0.023366 0.471166
v -0.020914 0.023366 0.542641
v -0.020914 0.023366 0.558723
v 0.009516 -0.022125 0.456949
v 0.009627 -0.022096 0.473021
v 0.009516 -0.022125 0.544505
v 0.009627 -0.022096 0.560578
v 0.017996 -0.018651 0.455085
v 0.018161 -0.018553 0.471166
v 0.017996 -0.018651 0.542641
v 0.018161 -0.018553 0.558723
v 0.024562 -0.013385 0.453021
v 0.024708 -0.013220 0.469106
v 0.024562 -0.013385 0.540577
v 0.024708 -0.013220 0.556662
v 0.028648 -0.006979 0.451330
v 0.028720 -0.006797 0.467410
v 0.028648 -0.006979 0.538886
v 0.028720 -0.006797 0.554967
v 0.030036 -0.000000 0.450221
v 0.030036 -0.000000 0.466298
v 0.030036 -0.000000 0.537777
v 0.030036 -0.000000 0.553855
v 0.028648 0.006978 0.451330
v 0.028720 0.006796 0.467410
v 0.028648 0.006978 0.538886
v 0.028720 0.006796 0.554967
v 0.024562 0.013384 0.453021
v 0.024708 0.013219 0.469106
v 0.024562 0.013384 0.540577
v 0.024708 0.013219 0.556662
v 0.017996 0.018651 0.455085
v 0.018161 0.018553 0.471166
v 0.017996 0.018651 0.542641
v 0.018161 0.018553 0.558723
v 0.009516 0.022125 0.456949
v 0.009627 0.022095 0.473021
v 0.009516 0.022125 0.544505
v 0.009627 0.022095 0.560578
v 0.000000 0.023337 0.473835
v 0.000000 0.023337 0.457769
v 0.000000 0.023337 0.561392
v 0.000000 0.023337 0.545325
v 0.016830 -0.015038 3.110307
v 0.057598 -0.011811 3.085280
v 0.057598 0.000000 3.085280
v 0.057598 -0.011811 2.872134
v 0.016830 -0.015038 2.842978
v 0.016830 0.000000 2.842978
v 0.057598 0.000000 2.872134
v 0.040732 -0.021472 3.095634
v 0.040732 -0.021472 2.860073
v 0.040732 0.000000 2.860073
v 0.016830 0.015039 3.110307
v 0.057598 0.011812 3.085280
v 0.057598 0.011812 2.872134
v 0.016830 0.015039 2.842978
v 0.040732 0.021473 3.095634
v 0.040732 0.021473 2.860073
v -0.016829 -0.015038 3.110307
v -0.057598 -0.011811 3.085280
v -0.057598 0.000000 3.085280
v -0.057598 -0.011811 2.872134
v -0.016829 -0.015038 2.842978
v -0.016829 0.000000 2.842978
v -0.057598 0.000000 2.872134
v -0.040732 -0.021472 3.095634
v -0.040732 -0.021472 2.860073
v -0.040732 0.000000 2.860073
v -0.016829 0.015039 3.110307
v -0.057598 0.011812 3.085280
v -0.057598 0.011812 2.872134
v -0.016829 0.015039 2.842978
v -0.040732 0.021473 3.095634
v -0.040732 0.021473 2.860073
v 0.024363 -0.015655 3.092352
v 0.024053 -0.015655 3.029008
v 0.018233 -0.028175 3.092144
v 0.015581 -0.028175 3.022999
v 0.000199 -0.028175 3.085207
v -0.000197 -0.028175 3.020565
v 0.009479 -0.028175 3.021124
v 0.009873 -0.028175 3.085249
v 0.029201 -0.018917 3.092516
v 0.028902 -0.018917 3.030199
v 0.018410 -0.034574 3.092150
v 0.018693 -0.034013 3.024133
v 0.000199 -0.034013 3.085207
v -0.000197 -0.034013 3.020565
v 0.009479 -0.034013 3.021124
v 0.009873 -0.034013 3.085249
v -0.024034 -0.015655 3.092155
v -0.024346 -0.015655 3.028795
v -0.017903 -0.028175 3.091964
v -0.015947 -0.028175 3.022860
v -0.009867 -0.028175 3.021039
v -0.009474 -0.028175 3.085164
v -0.028873 -0.018917 3.092314
v -0.029180 -0.018917 3.029943
v -0.018080 -0.034574 3.091960
v -0.019045 -0.034013 3.023967
v -0.009867 -0.034013 3.021039
v -0.009474 -0.034013 3.085164
v 0.024363 0.015655 3.092352
v 0.024053 0.015655 3.029008
v 0.018233 0.028175 3.092144
v 0.015581 0.028175 3.022999
v 0.000199 0.028175 3.085207
v -0.000197 0.028175 3.020565
v 0.009479 0.028175 3.021124
v 0.009873 0.028175 3.085249
v 0.029201 0.018918 3.092516
v 0.028902 0.018918 3.030199
v 0.018410 0.034574 3.092150
v 0.018693 0.034014 3.024133
v 0.000199 0.034014 3.085207
v -0.000197 0.034014 3.020565
v 0.009479 0.034014 3.021124
v 0.009873 0.034014 3.085249
v -0.024034 0.015655 3.092155
v -0.024346 0.015655 3.028795
v -0.017903 0.028175 3.091964
v -0.015947 0.028175 3.022860
v -0.009867 0.028175 3.021039
v -0.009474 0.028175 3.085164
v -0.028873 0.018918 3.092314
v -0.029180 0.018918 3.029943
v -0.018080 0.034574 3.091960
v -0.019045 0.034014 3.023967
v -0.009867 0.034014 3.021039
v -0.009474 0.034014 3.085164
v 0.024363 -0.015655 3.016558
v 0.024053 -0.015655 2.953213
v 0.018233 -0.028175 3.016350
v 0.015581 -0.028175 2.947204
v 0.000199 -0.028175 3.009412
v -0.000197 -0.028175 2.944771
v 0.009479 -0.028175 2.945329
v 0.009873 -0.028175 3.009455
v 0.029201 -0.018917 3.016722
v 0.028902 -0.018917 2.954404
v 0.018410 -0.034574 3.016356
v 0.018693 -0.034013 2.948339
v 0.000199 -0.034013 3.009412
v -0.000197 -0.034013 2.944771
v 0.009479 -0.034013 2.945329
v 0.009873 -0.034013 3.009455
v -0.024034 -0.015655 3.016361
v -0.024346 -0.015655 2.953001
v -0.017903 -0.028175 3.016170
v -0.015947 -0.028175 2.947066
v -0.009867 -0.028175 2.945244
v -0.009474 -0.028175 3.009370
v -0.028873 -0.018917 3.016520
v -0.029180 -0.018917 2.954148
v -0.018080 -0.034574 3.016166
v -0.019045 -0.034013 2.948173
v -0.009867 -0.034013 2.945244
v -0.009474 -0.034013 3.009370
v 0.024363 0.015655 3.016558
v 0.024053 0.015655 2.953213
v 0.018233 0.028175 3.016350
v 0.015581 0.028175 2.947204
v 0.000199 0.028175 3.009412
v -0.000197 0.028175 2.944771
v 0.009479 0.028175 2.945329
v 0.009873 0.028175 3.009455
v 0.029201 0.018918 3.016722
v 0.028902 0.018918 2.954404
v 0.018410 0.034574 3.016356
v 0.018693 0.034014 2.948339
v 0.000199 0.034014 3.009412
v -0.000197 0.034014 2.944771
v 0.009479 0.034014 2.945329
v 0.009873 0.034014 3.009455
v -0.024034 0.015655 3.016361
v -0.024346 0.015655 2.953001
v -0.017903 0.028175 3.016170
v -0.015947 0.028175 2.947066
v -0.009867 0.028175 2.945244
v -0.009474 0.028175 3.009370
v -0.028873 0.018918 3.016520
v -0.029180 0.018918 2.954148
v -0.018080 0.034574 3.016166
v -0.019045 0.034014 2.948173
v -0.009867 0.034014 2.945244
v -0.009474 0.034014 3.009370
v 0.024363 -0.015655 2.941312
v 0.024053 -0.015655 2.877967
v 0.018233 -0.028175 2.941104
v 0.015581 -0.028175 2.871958
v 0.000199 -0.028175 2.934166
v -0.000197 -0.028175 2.869525
v 0.009479 -0.028175 2.870083
v 0.009873 -0.028175 2.934209
v 0.029201 -0.018917 2.941476
v 0.028902 -0.018917 2.879158
v 0.018410 -0.034574 2.941110
v 0.018693 -0.034013 2.873093
v 0.000199 -0.034013 2.934166
v -0.000197 -0.034013 2.869525
v 0.009479 -0.034013 2.870083
v 0.009873 -0.034013 2.934209
v -0.024034 -0.015655 2.941115
v -0.024346 -0.015655 2.877754
v -0.017903 -0.028175 2.940924
v -0.015947 -0.028175 2.871819
v -0.009867 -0.028175 2.869998
v -0.009474 -0.028175 2.934124
v -0.028873 -0.018917 2.941274
v -0.029180 -0.018917 2.878902
v -0.018080 -0.034574 2.940920
v -0.019045 -0.034013 2.872926
v -0.009867 -0.034013 2.869998
v -0.009474 -0.034013 2.934124
v 0.024363 0.015655 2.941312
v 0.024053 0.015655 2.877967
v 0.018233 0.028175 2.941104
v 0.015581 0.028175 2.871958
v 0.000199 0.028175 2.934166
v -0.000197 0.028175 2.869525
v 0.009479 0.028175 2.870083
v 0.009873 0.028175 2.934209
v 0.029201 0.018918 2.941476
v 0.028902 0.018918 2.879158
v 0.018410 0.034574 2.941110
v 0.018693 0.034014 2.873093
v 0.000199 0.034014 2.934166
v -0.000197 0.034014 2.869525
v 0.009479 0.034014 2.870083
v 0.009873 0.034014 2.934209
v -0.024034 0.015655 2.941115
v -0.024346 0.015655 2.877754
v -0.017903 0.028175 2.940924
v -0.015947 0.028175 2.871819
v -0.009867 0.028175 2.869998
v -0.009474 0.028175 2.934124
v -0.028873 0.018918 2.941274
v -0.029180 0.018918 2.878902
v -0.018080 0.034574 2.940920
v -0.019045 0.034014 2.872926
v -0.009867 0.034014 2.869998
v -0.009474 0.034014 2.934124
v 0.067164 0.000000 2.273542
v 0.118851 0.000000 2.375610
v 0.074728 0.000000 2.708238
v 0.232012 0.000000 2.891778
v 0.121162 0.000000 2.523533
v 0.165847 0.000000 2.590561
v 0.160454 0.000000 2.708438
v 0.230564 0.000000 2.787023
v 0.085571 -0.008655 2.702641
v 0.079224 -0.008655 2.337883
v 0.104073 -0.008655 2.379261
v 0.215809 -0.008655 2.792765
v 0.216614 -0.008655 2.851013
v 0.106399 -0.008655 2.528130
v 0.150807 -0.008655 2.594742
v 0.145360 -0.008655 2.713801
v 0.071177 0.000000 2.504165
v 0.082248 -0.008655 2.511698
v 0.072723 0.000000 2.592990
v 0.083667 -0.008655 2.593235
v 0.085571 0.008656 2.702641
v 0.079224 0.008656 2.337883
v 0.104073 0.008656 2.379261
v 0.215809 0.008656 2.792765
v 0.216614 0.008656 2.851013
v 0.106399 0.008656 2.528130
v 0.150807 0.008656 2.594742
v 0.145360 0.008656 2.713801
v 0.082248 0.008656 2.511698
v 0.083667 0.008656 2.593235
v -0.067163 0.000000 2.273542
v -0.118851 0.000000 2.375610
v -0.074728 0.000000 2.708238
v -0.232012 0.000000 2.891778
v -0.121162 0.000000 2.523533
v -0.165847 0.000000 2.590561
v -0.160454 0.000000 2.708438
v -0.230564 0.000000 2.787023
v -0.085571 -0.008655 2.702641
v -0.079224 -0.008655 2.337883
v -0.104073 -0.008655 2.379261
v -0.215809 -0.008655 2.792765
v -0.216614 -0.008655 2.851013
v -0.106399 -0.008655 2.528130
v -0.150807 -0.008655 2.594743
v -0.145360 -0.008655 2.713801
v -0.071177 0.000000 2.504165
v -0.082248 -0.008655 2.511698
v -0.072722 0.000000 2.592990
v -0.083667 -0.008655 2.593235
v -0.085571 0.008656 2.702641
v -0.079224 0.008656 2.337883
v -0.104073 0.008656 2.379261
v -0.215809 0.008656 2.792765
v -0.216614 0.008656 2.851013
v -0.106399 0.008656 2.528130
v -0.150807 0.008656 2.594743
v -0.145360 0.008656 2.713801
v -0.082248 0.008656 2.511698
v -0.083667 0.008656 2.593235
v 0.086588 -0.012259 2.704674
v 0.153198 -0.008262 2.782253
v 0.153198 -0.002229 2.852341
v 0.056359 -0.006226 2.746941
v 0.054219 -0.006226 2.557007
v 0.086855 -0.012259 2.598204
v 0.086588 0.000000 2.704674
v 0.153198 0.000000 2.782253
v 0.153198 0.000000 2.852341
v 0.056359 0.000000 2.746941
v 0.054219 0.000000 2.557007
v 0.086855 0.000000 2.598204
v 0.153198 -0.008262 2.829100
v 0.065041 -0.012259 2.570668
v 0.153198 0.000000 2.829100
v 0.065041 0.000000 2.570668
v 0.066383 -0.012259 2.732925
v 0.114545 -0.012259 2.737235
v 0.136748 -0.010432 2.763094
v 0.129283 -0.004400 2.826312
v 0.097003 -0.006226 2.791179
v 0.114545 0.000000 2.737235
v 0.136748 0.000000 2.763094
v 0.129283 0.000000 2.826312
v 0.097003 0.000000 2.791179
v 0.102820 -0.012258 2.773291
v 0.131759 -0.010432 2.805349
v 0.086588 0.012259 2.704674
v 0.153198 0.008262 2.782253
v 0.153198 0.002230 2.852341
v 0.056359 0.006226 2.746941
v 0.054219 0.006226 2.557007
v 0.086855 0.012259 2.598204
v 0.153198 0.008262 2.829100
v 0.065041 0.012259 2.570668
v 0.066383 0.012259 2.732925
v 0.114545 0.012259 2.737235
v 0.136748 0.010433 2.763094
v 0.129283 0.004400 2.826312
v 0.097003 0.006226 2.791179
v 0.102820 0.012259 2.773291
v 0.131759 0.010433 2.805349
v -0.086588 -0.012259 2.704674
v -0.153198 -0.008262 2.782253
v -0.153198 -0.002229 2.852341
v -0.056359 -0.006226 2.746941
v -0.054219 -0.006226 2.557007
v -0.086855 -0.012259 2.598204
v -0.086588 0.000000 2.704674
v -0.153198 0.000000 2.782253
v -0.153198 0.000000 2.852341
v -0.056359 0.000000 2.746941
v -0.054219 0.000000 2.557007
v -0.086855 0.000000 2.598204
v -0.153198 -0.008262 2.829100
v -0.065041 -0.012259 2.570668
v -0.153198 0.000000 2.829100
v -0.065041 0.000000 2.570668
v -0.066382 -0.012259 2.732925
v -0.114545 -0.012259 2.737235
v -0.136748 -0.010432 2.763094
v -0.129283 -0.004400 2.826312
v -0.097003 -0.006226 2.791179
v -0.114545 0.000000 2.737235
v -0.136748 0.000000 2.763094
v -0.129283 0.000000 2.826312
v -0.097003 0.000000 2.791179
v -0.102820 -0.012258 2.773291
v -0.131759 -0.010432 2.805349
v -0.086588 0.012259 2.704674
v -0.153198 0.008262 2.782253
v -0.153198 0.002230 2.852341
v -0.056359 0.006226 2.746941
v -0.054219 0.006226 2.557007
v -0.086855 0.012259 2.598204
v -0.153198 0.008262 2.829100
v -0.065041 0.012259 2.570668
v -0.066382 0.012259 2.732925
v -0.114545 0.012259 2.737235
v -0.136748 0.010433 2.763094
v -0.129283 0.004400 2.826312
v -0.097003 0.006226 2.791179
v -0.102820 0.012259 2.773291
v -0.131759 0.010433 2.805349
v 0.063510 -0.014704 2.712130
v 0.062699 -0.014704 2.640115
v 0.063510 0.000000 2.712130
v 0.062699 0.000000 2.640115
v 0.025608 -0.014352 2.741885
v 0.024796 -0.014352 2.669871
v 0.025608 0.000000 2.741886
v 0.024796 0.000000 2.669871
v 0.057470 0.000000 2.644221
v 0.057470 -0.018601 2.644221
v 0.058281 -0.018601 2.716235
v 0.058281 0.000000 2.716235
v 0.063510 0.014704 2.712130
v 0.062699 0.014704 2.640115
v 0.025608 0.014352 2.741885
v 0.024796 0.014352 2.669871
v 0.057470 0.018602 2.644221
v 0.058281 0.018602 2.716235
v -0.063510 -0.014704 2.712130
v -0.062699 -0.014704 2.640115
v -0.063510 0.000000 2.712130
v -0.062699 0.000000 2.640115
v -0.025608 -0.014352 2.741885
v -0.024796 -0.014352 2.669871
v -0.025608 0.000000 2.741886
v -0.024796 0.000000 2.669871
v -0.057469 0.000000 2.644221
v -0.057469 -0.018601 2.644221
v -0.058281 -0.018601 2.716235
v -0.058281 0.000000 2.716235
v -0.063510 0.014704 2.712130
v -0.062699 0.014704 2.640115
v -0.025608 0.014352 2.741885
v -0.024796 0.014352 2.669871
v -0.057469 0.018602 2.644221
v -0.058281 0.018602 2.716235
v -0.129029 -0.000000 0.376694
v -0.069366 -0.000000 0.353828
v -0.129029 0.019280 0.376694
v -0.109300 0.024498 0.369133
v -0.069366 0.015896 0.353828
v -0.077592 0.023380 0.356981
v -0.071861 -0.000000 0.168346
v -0.076381 -0.000000 0.170078
v -0.076381 0.013842 0.170078
v -0.093808 0.014192 0.176757
v -0.104651 0.011469 0.180912
v -0.104651 -0.000000 0.180912
v -0.071861 0.008468 0.168346
v -0.093808 -0.000000 0.176757
v -0.129029 -0.019280 0.376694
v -0.109300 -0.024499 0.369133
v -0.069366 -0.015896 0.353828
v -0.077592 -0.023380 0.356981
v -0.076381 -0.013843 0.170078
v -0.093808 -0.014192 0.176757
v -0.104651 -0.011469 0.180912
v -0.071861 -0.008468 0.168346
v 0.129029 -0.000000 0.376694
v 0.069367 -0.000000 0.353828
v 0.129029 0.019280 0.376694
v 0.109301 0.024498 0.369133
v 0.069367 0.015896 0.353828
v 0.077592 0.023380 0.356981
v 0.071861 -0.000000 0.168346
v 0.076381 -0.000000 0.170078
v 0.076381 0.013842 0.170078
v 0.093809 0.014192 0.176757
v 0.104651 0.011469 0.180912
v 0.104651 -0.000000 0.180912
v 0.071861 0.008468 0.168346
v 0.093809 -0.000000 0.176757
v 0.129029 -0.019280 0.376694
v 0.109301 -0.024499 0.369133
v 0.069367 -0.015896 0.353828
v 0.077592 -0.023380 0.356981
v 0.076381 -0.013843 0.170078
v 0.093809 -0.014192 0.176757
v 0.104651 -0.011469 0.180912
v 0.071861 -0.008468 0.168346
v -0.155091 -0.000000 0.385827
v -0.065834 -0.000000 0.351619
v -0.065834 -0.000000 0.596271
v -0.155091 0.021568 0.385827
v -0.119038 0.030623 0.372009
v -0.112475 -0.000000 0.552660
v -0.065834 0.020556 0.351619
v -0.082985 0.033933 0.358192
v -0.082801 0.033256 0.580406
v -0.065834 0.020556 0.596271
v -0.082801 -0.000000 0.580406
v -0.112475 0.030284 0.552660
v -0.153602 -0.000000 0.401825
v -0.065834 -0.000000 0.414508
v -0.153602 0.021568 0.401825
v -0.065834 0.020556 0.414508
v -0.082939 0.033763 0.413945
v -0.117545 0.030546 0.413105
v -0.117545 -0.000000 0.413105
v -0.082985 -0.000000 0.358192
v -0.119038 -0.000000 0.372009
v -0.155091 -0.021569 0.385827
v -0.119038 -0.030623 0.372009
v -0.065834 -0.020556 0.351619
v -0.082985 -0.033933 0.358192
v -0.082801 -0.033256 0.580406
v -0.065834 -0.020556 0.596271
v -0.112475 -0.030285 0.552660
v -0.153602 -0.021569 0.401825
v -0.065834 -0.020556 0.414508
v -0.082939 -0.033763 0.413945
v -0.117545 -0.030546 0.413105
v 0.155091 -0.000000 0.385827
v 0.065834 -0.000000 0.351619
v 0.065834 -0.000000 0.596271
v 0.155091 0.021568 0.385827
v 0.119038 0.030623 0.372009
v 0.112475 -0.000000 0.552660
v 0.065834 0.020556 0.351619
v 0.082986 0.033933 0.358192
v 0.082801 0.033256 0.580406
v 0.065834 0.020556 0.596271
v 0.082801 -0.000000 0.580406
v 0.112475 0.030284 0.552660
v 0.153603 -0.000000 0.401825
v 0.065834 -0.000000 0.414509
v 0.153603 0.021568 0.401825
v 0.065834 0.020556 0.414509
v 0.082939 0.033763 0.413945
v 0.117545 0.030546 0.413105
v 0.117545 -0.000000 0.413105
v 0.082986 -0.000000 0.358192
v 0.119038 -0.000000 0.372009
v 0.155091 -0.021569 0.385827
v 0.119038 -0.030623 0.372009
v 0.065834 -0.020556 0.351619
v 0.082986 -0.033933 0.358192
v 0.082801 -0.033256 0.580406
v 0.065834 -0.020556 0.596271
v 0.112475 -0.030285 0.552660
v 0.153603 -0.021569 0.401825
v 0.065834 -0.020556 0.414509
v 0.082939 -0.033763 0.413945
v 0.117545 -0.030546 0.413105
v -0.142148 -0.000000 0.522175
v -0.142148 0.017628 0.522175
v -0.112475 -0.000000 0.549921
v -0.112475 0.026344 0.549921
v -0.149917 -0.000000 0.402606
v -0.149917 0.017628 0.402606
v -0.117545 0.026606 0.413105
v -0.142148 -0.017628 0.522175
v -0.112475 -0.026345 0.549921
v -0.149917 -0.017628 0.402606
v -0.117545 -0.026606 0.413105
v 0.142148 -0.000000 0.522175
v 0.142148 0.017628 0.522175
v 0.112475 -0.000000 0.549921
v 0.112475 0.026344 0.549921
v 0.149918 -0.000000 0.402606
v 0.149918 0.017628 0.402606
v 0.117545 0.026606 0.413105
v 0.142148 -0.017628 0.522175
v 0.112475 -0.026345 0.549921
v 0.149918 -0.017628 0.402606
v 0.117545 -0.026606 0.413105
v -0.065834 -0.000000 0.356076
v -0.065834 0.017105 0.356076
v -0.065853 -0.000000 0.429652
v -0.065853 0.017105 0.429652
v -0.028914 -0.000000 0.338283
v -0.028914 0.012520 0.338283
v -0.028895 -0.000000 0.416086
v -0.028895 0.012520 0.416086
v -0.065834 -0.017105 0.356076
v -0.065853 -0.017105 0.429652
v -0.028914 -0.012520 0.338283
v -0.028895 -0.012520 0.416086
v 0.065834 -0.000000 0.356076
v 0.065834 0.017105 0.356076
v 0.065853 -0.000000 0.429652
v 0.065853 0.017105 0.429652
v 0.028914 -0.000000 0.338283
v 0.028914 0.012520 0.338283
v 0.028896 -0.000000 0.416086
v 0.028896 0.012520 0.416086
v 0.065834 -0.017105 0.356076
v 0.065853 -0.017105 0.429652
v 0.028914 -0.012520 0.338283
v 0.028896 -0.012520 0.416086
vn -0.0000 -1.0000 -0.0000
vn 0.5816 -0.8104 0.0712
vn 0.5886 -0.8055 0.0685
vn 0.5819 -0.8102 0.0711
vn 0.4714 -0.8598 0.1964
vn 0.4988 -0.8561 0.1353
vn 0.4987 -0.8561 0.1357
vn 0.5413 -0.8374 0.0759
vn 0.5657 -0.8211 0.0756
vn 0.5653 -0.8214 0.0757
vn 0.5389 -0.8390 0.0757
vn -0.5993 -0.8003 -0.0194
vn -0.0034 -1.0000 0.0032
vn -0.0012 -1.0000 0.0034
vn -0.0049 -1.0000 0.0032
vn -0.0000 -1.0000 0.0011
vn 0.0001 -1.0000 0.0026
vn -0.0000 1.0000 -0.0000
vn 0.5816 0.8104 0.0712
vn 0.5819 0.8102 0.0711
vn 0.5886 0.8055 0.0685
vn 0.4714 0.8598 0.1964
vn 0.4987 0.8561 0.1357
vn 0.4988 0.8561 0.1353
vn 0.5413 0.8374 0.0759
vn 0.5389 0.8390 0.0757
vn 0.5653 0.8214 0.0756
vn 0.5657 0.8211 0.0756
vn -0.5993 0.8003 -0.0194
vn -0.0034 1.0000 0.0032
vn -0.0049 1.0000 0.0032
vn -0.0012 1.0000 0.0034
vn 0.0001 1.0000 0.0026
vn -0.0000 1.0000 0.0011
vn -0.0011 1.0000 0.0034
vn -0.5816 -0.8104 0.0712
vn -0.5819 -0.8102 0.0711
vn -0.5886 -0.8055 0.0685
vn -0.4714 -0.8598 0.1964
vn -0.4987 -0.8561 0.1357
vn -0.4988 -0.8561 0.1353
vn -0.5413 -0.8374 0.0759
vn -0.5389 -0.8390 0.0757
vn -0.5653 -0.8214 0.0757
vn -0.5657 -0.8211 0.0756
vn 0.5993 -0.8003 -0.0194
vn 0.0034 -1.0000 0.0032
vn 0.0049 -1.0000 0.0032
vn 0.0012 -1.0000 0.0034
vn -0.0001 -1.0000 0.0026
vn 0.0035 -1.0000 0.0032
vn -0.5816 0.8104 0.0712
vn -0.5886 0.8055 0.0685
vn -0.5819 0.8102 0.0711
vn -0.4714 0.8598 0.1964
vn -0.4988 0.8561 0.1353
vn -0.4987 0.8561 0.1357
vn -0.5413 0.8374 0.0759
vn -0.5657 0.8211 0.0756
vn -0.5653 0.8214 0.0756
vn -0.5389 0.8390 0.0757
vn 0.5993 0.8003 -0.0194
vn 0.0034 1.0000 0.0032
vn 0.0012 1.0000 0.0034
vn 0.0049 1.0000 0.0032
vn -0.0001 1.0000 0.0026
vn 0.8186 -0.5742 0.0125
vn -0.7956 0.0005 -0.6058
vn -0.7956 -0.0000 -0.6058
vn -0.7954 -0.0000 -0.6060
vn -0.7954 0.0023 -0.6060
vn -0.7955 -0.0000 -0.6060
vn -0.7954 0.0080 -0.6060
vn 0.2908 -0.9568 0.0034
vn 0.2520 -0.9677 0.0027
vn 0.1561 -0.9877 0.0013
vn 0.2147 -0.9767 0.0021
vn 0.0735 -0.9973 0.0002
vn 0.1168 -0.9932 0.0008
vn 0.7541 0.0140 0.6566
vn 0.7542 -0.0000 0.6567
vn 0.7542 0.0041 0.6566
vn 0.7539 -0.0000 0.6570
vn 0.7538 0.0009 0.6571
vn 0.3051 -0.9523 0.0036
vn 0.7534 -0.0000 0.6576
vn 0.7541 0.0232 0.6564
vn 0.7543 -0.0000 0.6565
vn 0.0564 -0.9984 -0.0000
vn -0.7958 -0.0000 -0.6055
vn -0.7953 0.0133 -0.6060
vn -0.7954 -0.0000 -0.6061
vn -0.6869 -0.7268 0.0031
vn -1.0000 -0.0000 0.0042
vn 0.8186 0.5742 0.0125
vn -0.7956 -0.0005 -0.6058
vn -0.7954 -0.0023 -0.6060
vn -0.7954 -0.0080 -0.6060
vn 0.2908 0.9568 0.0033
vn 0.2147 0.9767 0.0021
vn 0.1561 0.9877 0.0013
vn 0.2520 0.9677 0.0027
vn 0.1168 0.9932 0.0008
vn 0.0735 0.9973 0.0002
vn 0.7541 -0.0140 0.6566
vn 0.7542 -0.0041 0.6566
vn 0.7538 -0.0009 0.6571
vn 0.3051 0.9523 0.0036
vn 0.7541 -0.0232 0.6564
vn 0.0564 0.9984 -0.0000
vn -0.7953 -0.0133 -0.6060
vn -0.6869 0.7268 0.0031
vn -0.8186 -0.5742 0.0125
vn 0.7956 0.0005 -0.6058
vn 0.7954 0.0023 -0.6060
vn 0.7954 -0.0000 -0.6060
vn 0.7956 -0.0000 -0.6058
vn 0.7954 0.0080 -0.6060
vn 0.7955 -0.0000 -0.6060
vn -0.2908 -0.9568 0.0034
vn -0.2147 -0.9767 0.0021
vn -0.1561 -0.9877 0.0013
vn -0.2520 -0.9677 0.0027
vn -0.1168 -0.9932 0.0008
vn -0.0735 -0.9973 0.0002
vn -0.7541 0.0140 0.6566
vn -0.7542 0.0041 0.6566
vn -0.7542 -0.0000 0.6567
vn -0.7538 0.0009 0.6571
vn -0.7539 -0.0000 0.6570
vn -0.3051 -0.9523 0.0036
vn -0.7534 -0.0000 0.6576
vn -0.7543 -0.0000 0.6565
vn -0.7541 0.0232 0.6564
vn -0.0564 -0.9984 -0.0000
vn 0.7958 -0.0000 -0.6055
vn 0.7953 0.0133 -0.6060
vn 0.7954 -0.0000 -0.6061
vn 0.6869 -0.7268 0.0031
vn 1.0000 -0.0000 0.0042
vn -0.8187 0.5742 0.0125
vn 0.7956 -0.0005 -0.6058
vn 0.7954 -0.0023 -0.6060
vn 0.7954 -0.0080 -0.6060
vn -0.2908 0.9568 0.0033
vn -0.2520 0.9677 0.0027
vn -0.1561 0.9877 0.0013
vn -0.2147 0.9767 0.0021
vn -0.0735 0.9973 0.0002
vn -0.1168 0.9932 0.0008
vn -0.7541 -0.0140 0.6566
vn -0.7542 -0.0041 0.6566
vn -0.7538 -0.0009 0.6571
vn -0.3051 0.9523 0.0036
vn -0.7541 -0.0232 0.6564
vn -0.0564 0.9984 -0.0000
vn 0.7953 -0.0133 -0.6060
vn 0.6869 0.7268 0.0031
vn -0.3365 -0.9417 -0.0000
vn 0.6185 -0.0000 0.7858
vn 0.9585 -0.2852 -0.0000
vn -0.6185 -0.0000 -0.7858
vn 0.0629 -0.9980 -0.0000
vn -0.4343 -0.0000 0.9008
vn -0.8086 0.0020 -0.5884
vn -0.8094 -0.0000 -0.5873
vn -0.8086 -0.0000 -0.5884
vn 0.8077 -0.0042 0.5895
vn 0.8078 -0.0000 0.5895
vn 0.8094 -0.0000 0.5873
vn -0.8078 -0.0000 -0.5895
vn -0.8077 0.0042 -0.5895
vn -0.3365 0.9417 -0.0000
vn 0.9585 0.2852 -0.0000
vn 0.0629 0.9980 -0.0000
vn -0.8086 -0.0020 -0.5884
vn 0.8077 0.0042 0.5895
vn -0.8077 -0.0042 -0.5895
vn 0.3365 -0.9417 -0.0000
vn -0.6185 -0.0000 0.7858
vn -0.9585 -0.2852 -0.0000
vn 0.6185 -0.0000 -0.7858
vn -0.0629 -0.9980 -0.0000
vn 0.4343 -0.0000 0.9008
vn 0.8086 0.0020 -0.5884
vn 0.8086 -0.0000 -0.5884
vn 0.8094 -0.0000 -0.5873
vn -0.8077 -0.0042 0.5895
vn -0.8078 -0.0000 0.5895
vn -0.8094 -0.0000 0.5873
vn 0.8077 0.0042 -0.5895
vn 0.8078 -0.0000 -0.5895
vn 0.3365 0.9417 -0.0000
vn -0.9585 0.2852 -0.0000
vn -0.0629 0.9980 -0.0000
vn 0.8086 -0.0020 -0.5884
vn -0.8077 0.0042 0.5895
vn 0.8077 -0.0042 -0.5895
vn -0.7060 -0.7071 -0.0403
vn 0.7034 -0.7071 0.0723
vn -0.5923 -0.7071 -0.3862
vn 0.6534 -0.7071 0.2704
vn -0.9984 -0.0000 -0.0569
vn 0.9240 -0.0000 0.3824
vn -0.8377 -0.0000 -0.5461
vn 0.9948 -0.0000 0.1022
vn 0.7060 -0.7071 -0.0403
vn -0.7034 -0.7071 0.0723
vn 0.5923 -0.7071 -0.3862
vn -0.6533 -0.7071 0.2704
vn 0.9984 -0.0000 -0.0569
vn -0.9240 -0.0000 0.3824
vn 0.8377 -0.0000 -0.5461
vn -0.9948 -0.0000 0.1022
vn -0.7060 0.7071 -0.0403
vn 0.7034 0.7071 0.0723
vn -0.5923 0.7071 -0.3862
vn 0.6533 0.7071 0.2704
vn 0.7060 0.7071 -0.0403
vn -0.7034 0.7071 0.0723
vn 0.5923 0.7071 -0.3862
vn -0.6533 0.7071 0.2704
vn 0.9958 -0.0000 0.0919
vn 0.9987 0.0014 0.0500
vn 0.9988 -0.0000 0.0500
vn 0.8422 -0.0000 0.5391
vn -0.7055 -0.7071 -0.0482
vn -0.6176 -0.7071 -0.3443
vn -0.7058 -0.7084 -0.0103
vn -0.9977 -0.0000 -0.0682
vn 0.0017 -1.0000 0.0065
vn 0.0001 -1.0000 0.0002
vn 0.0018 -1.0000 0.0068
vn -0.8735 -0.0000 -0.4869
vn -0.9998 -0.0000 -0.0210
vn 0.8006 0.0025 0.5992
vn 0.8006 -0.0000 0.5992
vn 0.9987 -0.0014 0.0500
vn -0.7055 0.7071 -0.0482
vn -0.6176 0.7071 -0.3443
vn -0.7058 0.7084 -0.0103
vn 0.0017 1.0000 0.0065
vn 0.0018 1.0000 0.0068
vn 0.0001 1.0000 0.0002
vn 0.8006 -0.0025 0.5992
vn -0.9958 -0.0000 0.0919
vn -0.9987 0.0014 0.0500
vn -0.9988 -0.0000 0.0500
vn -0.8422 -0.0000 0.5391
vn 0.7055 -0.7071 -0.0482
vn 0.6176 -0.7071 -0.3443
vn 0.7058 -0.7084 -0.0103
vn 0.9977 -0.0000 -0.0682
vn -0.0017 -1.0000 0.0065
vn -0.0018 -1.0000 0.0068
vn -0.0001 -1.0000 0.0002
vn 0.8735 -0.0000 -0.4869
vn 0.9998 -0.0000 -0.0210
vn -0.8006 0.0025 0.5992
vn -0.8006 -0.0000 0.5992
vn -0.9987 -0.0014 0.0500
vn 0.7055 0.7071 -0.0482
vn 0.6176 0.7071 -0.3443
vn 0.7058 0.7084 -0.0103
vn -0.0017 1.0000 0.0065
vn -0.0001 1.0000 0.0002
vn -0.0018 1.0000 0.0068
vn -0.8006 -0.0025 0.5992
vn -0.1235 -0.4771 0.8701
vn -0.1294 -0.4751 0.8704
vn -0.0000 -0.4970 0.8678
vn 0.4155 0.1692 0.8937
vn 0.4180 0.1613 0.8940
vn 0.3503 0.3027 0.8864
vn 0.3432 0.3127 0.8857
vn -0.1235 0.4771 0.8701
vn -0.1294 0.4751 0.8704
vn -0.2498 0.4097 0.8774
vn -0.2410 0.4162 0.8767
vn -0.2410 -0.4162 0.8767
vn -0.2498 -0.4097 0.8774
vn 0.4420 -0.0000 0.8970
vn -0.0000 0.4970 0.8678
vn -0.3432 -0.3127 0.8857
vn -0.3503 -0.3027 0.8864
vn 0.4155 -0.1692 0.8937
vn 0.4180 -0.1613 0.8940
vn -0.4155 -0.1692 0.8937
vn -0.4180 -0.1613 0.8940
vn 0.3432 -0.3127 0.8857
vn 0.3503 -0.3027 0.8864
vn -0.4420 -0.0000 0.8970
vn 0.2410 -0.4162 0.8767
vn 0.2498 -0.4097 0.8774
vn -0.4155 0.1692 0.8937
vn -0.4180 0.1613 0.8940
vn 0.1235 -0.4771 0.8701
vn 0.1294 -0.4751 0.8704
vn 0.2410 0.4162 0.8767
vn 0.2498 0.4097 0.8774
vn 0.1294 0.4751 0.8704
vn 0.1235 0.4771 0.8701
vn -0.3432 0.3127 0.8857
vn -0.3503 0.3027 0.8864
vn 0.8935 0.3487 0.2830
vn 0.7259 0.6346 0.2654
vn 0.7175 0.6443 0.2647
vn 0.8902 0.3573 0.2826
vn -1.0000 -0.0000 -0.0000
vn -0.9299 -0.3678 -0.0000
vn -0.7259 0.6346 0.2654
vn -0.8935 0.3487 0.2830
vn -0.8902 0.3573 0.2826
vn -0.7175 0.6443 0.2647
vn 0.9569 -0.0000 0.2903
vn -0.5002 0.8300 0.2465
vn -0.4911 0.8357 0.2459
vn -0.2528 -0.9390 0.2331
vn -0.0000 -0.9736 0.2284
vn -0.2471 -0.9406 0.2329
vn 0.8935 -0.3487 0.2830
vn 0.8902 -0.3573 0.2826
vn -0.2528 0.9390 0.2331
vn -0.2471 0.9406 0.2329
vn -0.5002 -0.8300 0.2465
vn -0.4911 -0.8357 0.2459
vn 0.7259 -0.6346 0.2654
vn 0.7175 -0.6443 0.2647
vn -0.0000 0.9736 0.2284
vn -0.7259 -0.6346 0.2654
vn -0.7176 -0.6443 0.2647
vn 0.5002 -0.8300 0.2465
vn 0.4911 -0.8357 0.2459
vn 0.2528 0.9390 0.2331
vn 0.2471 0.9406 0.2329
vn -0.8935 -0.3487 0.2830
vn -0.8902 -0.3573 0.2826
vn 0.2528 -0.9390 0.2331
vn 0.2471 -0.9406 0.2329
vn 0.5002 0.8300 0.2465
vn 0.4911 0.8357 0.2459
vn -0.9569 -0.0000 0.2903
vn 0.1810 0.6803 0.7102
vn -0.0000 0.7042 0.7100
vn 0.3598 0.6044 0.7108
vn 0.5258 0.4656 0.7119
vn 0.6519 0.2578 0.7131
vn 0.7005 -0.0000 0.7137
vn 0.6519 -0.2578 0.7131
vn 0.5258 -0.4656 0.7119
vn 0.3598 -0.6044 0.7108
vn 0.1810 -0.6803 0.7102
vn -0.0000 -0.7042 0.7100
vn -0.1810 -0.6803 0.7102
vn -0.3598 -0.6044 0.7108
vn -0.5258 -0.4656 0.7119
vn -0.6519 -0.2578 0.7131
vn -0.7005 -0.0000 0.7137
vn -0.6519 0.2578 0.7131
vn -0.5258 0.4656 0.7119
vn -0.3598 0.6044 0.7108
vn -0.1810 0.6803 0.7102
vn -0.0000 -0.0000 1.0000
vn 0.5116 0.8592 -0.0000
vn 0.2571 0.9664 -0.0000
vn -0.2571 0.9664 -0.0000
vn 0.7487 0.6629 -0.0000
vn 0.9299 0.3678 -0.0000
vn 1.0000 -0.0000 -0.0000
vn 0.9299 -0.3678 -0.0000
vn 0.7487 -0.6629 -0.0000
vn 0.5116 -0.8592 -0.0000
vn 0.2571 -0.9664 -0.0000
vn -0.2571 -0.9664 -0.0000
vn -0.5116 -0.8592 -0.0000
vn -0.7487 -0.6629 -0.0000
vn -0.9299 0.3678 -0.0000
vn -0.7487 0.6629 -0.0000
vn -0.5116 0.8592 -0.0000
vn -0.9257 -0.3643 0.1013
vn -0.9245 -0.3675 0.1013
vn -0.9946 -0.0000 0.1042
vn -0.2572 -0.9628 0.0825
vn -0.2552 -0.9634 0.0825
vn -0.5079 -0.8570 0.0874
vn -0.5113 -0.8550 0.0875
vn 0.7468 -0.6582 0.0946
vn 0.7437 -0.6618 0.0945
vn 0.5079 -0.8570 0.0874
vn 0.5113 -0.8550 0.0875
vn -0.9245 0.3675 0.1013
vn -0.9257 0.3643 0.1013
vn 0.2552 -0.9634 0.0825
vn 0.2572 -0.9628 0.0825
vn 0.2572 0.9628 0.0825
vn 0.2552 0.9634 0.0825
vn 0.5079 0.8570 0.0874
vn 0.5113 0.8550 0.0875
vn -0.7437 0.6618 0.0945
vn -0.7468 0.6582 0.0946
vn -0.0000 -0.9967 0.0808
vn 0.7437 0.6618 0.0945
vn 0.7468 0.6582 0.0946
vn -0.5079 0.8570 0.0874
vn -0.5113 0.8550 0.0875
vn 0.9245 0.3675 0.1013
vn 0.9257 0.3643 0.1013
vn -0.2552 0.9634 0.0825
vn -0.2572 0.9628 0.0825
vn 0.9946 -0.0000 0.1042
vn -0.0000 0.9967 0.0808
vn -0.7437 -0.6618 0.0945
vn -0.7468 -0.6582 0.0946
vn 0.9245 -0.3675 0.1013
vn 0.9257 -0.3643 0.1013
vn 0.4355 -0.7128 0.5498
vn 0.6168 -0.5318 0.5802
vn 0.6026 -0.5508 0.5775
vn 0.4185 -0.7247 0.5475
vn 0.2238 0.8200 0.5268
vn -0.0000 0.8552 0.5183
vn 0.2127 0.8235 0.5260
vn -0.7421 0.2855 0.6064
vn -0.7871 -0.0000 0.6168
vn -0.7368 0.3012 0.6053
vn 0.2238 -0.8200 0.5268
vn 0.2127 -0.8235 0.5260
vn 0.4355 0.7128 0.5498
vn 0.4185 0.7247 0.5475
vn -0.6168 0.5318 0.5802
vn -0.6026 0.5508 0.5775
vn -0.0000 -0.8552 0.5183
vn 0.6168 0.5318 0.5802
vn 0.6026 0.5508 0.5775
vn -0.4355 0.7128 0.5498
vn -0.4185 0.7247 0.5475
vn -0.2238 -0.8200 0.5268
vn -0.2127 -0.8235 0.5259
vn 0.7421 0.2855 0.6065
vn 0.7368 0.3012 0.6053
vn -0.2238 0.8200 0.5268
vn -0.2127 0.8235 0.5259
vn -0.4355 -0.7128 0.5498
vn -0.4185 -0.7247 0.5475
vn 0.7871 -0.0000 0.6168
vn -0.6168 -0.5318 0.5802
vn -0.6026 -0.5508 0.5775
vn 0.7421 -0.2855 0.6064
vn 0.7368 -0.3012 0.6053
vn -0.7421 -0.2855 0.6064
vn -0.7368 -0.3012 0.6053
vn 0.2563 0.9664 -0.0196
vn -0.0000 0.9998 -0.0192
vn 0.2570 0.9662 -0.0196
vn 0.5101 0.8599 -0.0208
vn 0.5113 0.8592 -0.0208
vn 0.7470 0.6644 -0.0227
vn 0.7481 0.6632 -0.0227
vn 0.9290 0.3694 -0.0244
vn 0.9294 0.3682 -0.0244
vn 0.9997 -0.0000 -0.0252
vn 0.9290 -0.3694 -0.0244
vn 0.9294 -0.3682 -0.0244
vn 0.7470 -0.6644 -0.0227
vn 0.7481 -0.6632 -0.0227
vn 0.5101 -0.8599 -0.0208
vn 0.5113 -0.8592 -0.0208
vn 0.2563 -0.9664 -0.0196
vn 0.2570 -0.9662 -0.0196
vn -0.0000 -0.9998 -0.0192
vn -0.2563 -0.9664 -0.0196
vn -0.2570 -0.9662 -0.0196
vn -0.5101 -0.8599 -0.0208
vn -0.5113 -0.8592 -0.0208
vn -0.7470 -0.6644 -0.0227
vn -0.7481 -0.6632 -0.0227
vn -0.9290 -0.3694 -0.0244
vn -0.9294 -0.3682 -0.0244
vn -0.9997 -0.0000 -0.0252
vn -0.9290 0.3694 -0.0244
vn -0.9294 0.3682 -0.0244
vn -0.7470 0.6644 -0.0227
vn -0.7481 0.6632 -0.0227
vn -0.5101 0.8599 -0.0208
vn -0.5113 0.8592 -0.0208
vn -0.2563 0.9664 -0.0196
vn -0.2570 0.9662 -0.0196
vn 0.2520 0.9550 -0.1564
vn -0.0000 0.9882 -0.1533
vn 0.2558 0.9540 -0.1565
vn 0.5013 0.8493 -0.1655
vn 0.5076 0.8455 -0.1658
vn -0.2520 0.9550 -0.1564
vn -0.2558 0.9540 -0.1565
vn 0.7336 0.6557 -0.1786
vn 0.7394 0.6490 -0.1790
vn 0.9115 0.3641 -0.1912
vn 0.9138 0.3581 -0.1914
vn 0.9805 -0.0000 -0.1966
vn 0.9115 -0.3641 -0.1912
vn 0.9138 -0.3581 -0.1914
vn 0.7336 -0.6557 -0.1786
vn 0.7394 -0.6490 -0.1790
vn 0.5013 -0.8493 -0.1655
vn 0.5076 -0.8455 -0.1658
vn 0.2520 -0.9550 -0.1564
vn 0.2558 -0.9540 -0.1565
vn -0.0000 -0.9882 -0.1533
vn -0.2520 -0.9550 -0.1564
vn -0.2558 -0.9540 -0.1565
vn -0.5013 -0.8493 -0.1655
vn -0.5076 -0.8455 -0.1658
vn -0.7336 -0.6557 -0.1786
vn -0.7394 -0.6490 -0.1790
vn -0.9115 -0.3640 -0.1912
vn -0.9138 -0.3581 -0.1914
vn -0.9805 -0.0000 -0.1966
vn -0.9115 0.3640 -0.1912
vn -0.9138 0.3581 -0.1914
vn -0.7336 0.6557 -0.1786
vn -0.7394 0.6490 -0.1790
vn -0.5013 0.8493 -0.1655
vn -0.5076 0.8455 -0.1658
vn -0.0000 0.3051 0.9523
vn 0.0861 0.2990 0.9504
vn 0.0839 0.2993 0.9505
vn 0.1449 0.5523 -0.8210
vn -0.0000 0.5735 -0.8192
vn 0.1483 0.5512 -0.8211
vn 0.1777 0.2756 0.9447
vn 0.1736 0.2770 0.9450
vn 0.2854 0.4862 -0.8259
vn 0.2907 0.4827 -0.8261
vn 0.2719 0.2221 0.9363
vn 0.2676 0.2254 0.9368
vn 0.4116 0.3701 -0.8328
vn 0.4162 0.3643 -0.8331
vn 0.3495 0.1274 0.9282
vn 0.3476 0.1309 0.9284
vn 0.5045 0.2028 -0.8393
vn 0.5062 0.1978 -0.8394
vn 0.3805 -0.0000 0.9248
vn 0.5395 -0.0000 -0.8420
vn 0.3495 -0.1274 0.9282
vn 0.3476 -0.1309 0.9284
vn 0.5045 -0.2028 -0.8393
vn 0.5062 -0.1978 -0.8394
vn 0.2719 -0.2221 0.9363
vn 0.2676 -0.2254 0.9368
vn 0.4116 -0.3701 -0.8328
vn 0.4162 -0.3643 -0.8331
vn 0.1777 -0.2756 0.9447
vn 0.1736 -0.2770 0.9450
vn 0.2854 -0.4862 -0.8259
vn 0.2907 -0.4827 -0.8261
vn 0.0860 -0.2990 0.9504
vn 0.0839 -0.2993 0.9505
vn 0.1449 -0.5522 -0.8210
vn 0.1483 -0.5512 -0.8211
vn -0.0000 -0.3051 0.9523
vn -0.0000 -0.5735 -0.8192
vn -0.0861 -0.2990 0.9504
vn -0.0839 -0.2993 0.9505
vn -0.1449 -0.5522 -0.8210
vn -0.1483 -0.5512 -0.8211
vn -0.1777 -0.2756 0.9447
vn -0.1736 -0.2770 0.9450
vn -0.2854 -0.4862 -0.8259
vn -0.2907 -0.4827 -0.8262
vn -0.2719 -0.2221 0.9363
vn -0.2676 -0.2254 0.9368
vn -0.4116 -0.3701 -0.8328
vn -0.4162 -0.3642 -0.8331
vn -0.3495 -0.1274 0.9282
vn -0.3476 -0.1309 0.9285
vn -0.5044 -0.2028 -0.8393
vn -0.5062 -0.1978 -0.8394
vn -0.3805 -0.0000 0.9248
vn -0.5395 -0.0000 -0.8420
vn -0.3495 0.1274 0.9282
vn -0.3476 0.1309 0.9285
vn -0.5044 0.2028 -0.8393
vn -0.5062 0.1978 -0.8394
vn -0.2719 0.2221 0.9363
vn -0.2676 0.2254 0.9368
vn -0.4116 0.3701 -0.8329
vn -0.4162 0.3642 -0.8331
vn -0.1777 0.2756 0.9447
vn -0.1736 0.2770 0.9450
vn -0.2854 0.4862 -0.8259
vn -0.2907 0.4827 -0.8262
vn -0.0861 0.2990 0.9504
vn -0.0839 0.2993 0.9505
vn -0.1449 0.5522 -0.8210
vn -0.1483 0.5512 -0.8211
vn -0.0000 -0.9572 0.2894
vn 0.2490 -0.9224 0.2953
vn 0.2420 -0.9244 0.2950
vn 0.7105 0.6191 0.3346
vn 0.4916 0.8132 0.3117
vn 0.4803 0.8202 0.3107
vn 0.7003 0.6312 0.3334
vn -0.8711 0.3388 0.3555
vn -0.9313 -0.0000 0.3642
vn -0.8671 0.3494 0.3550
vn 0.8711 0.3388 0.3555
vn 0.8671 0.3494 0.3550
vn -0.7105 0.6191 0.3346
vn -0.7003 0.6312 0.3334
vn 0.9313 -0.0000 0.3642
vn -0.4916 0.8132 0.3117
vn -0.4803 0.8202 0.3107
vn -0.2490 -0.9224 0.2953
vn -0.2420 -0.9244 0.2950
vn 0.8711 -0.3388 0.3555
vn 0.8671 -0.3494 0.3550
vn -0.2490 0.9224 0.2953
vn -0.2420 0.9244 0.2950
vn -0.4916 -0.8131 0.3117
vn -0.4803 -0.8202 0.3107
vn 0.7105 -0.6191 0.3346
vn 0.7003 -0.6312 0.3334
vn -0.0000 0.9572 0.2894
vn -0.7105 -0.6191 0.3346
vn -0.7003 -0.6312 0.3334
vn 0.4916 -0.8132 0.3117
vn 0.4803 -0.8202 0.3107
vn 0.2490 0.9224 0.2953
vn 0.2420 0.9244 0.2950
vn -0.8711 -0.3388 0.3555
vn -0.8671 -0.3494 0.3550
vn 0.2005 0.6803 -0.7049
vn -0.0000 0.7104 -0.7038
vn 0.2027 0.6797 -0.7049
vn 0.3885 0.5897 -0.7081
vn 0.3919 0.5873 -0.7082
vn 0.5473 0.4389 -0.7127
vn 0.5502 0.4350 -0.7128
vn 0.6561 0.2355 -0.7170
vn 0.6572 0.2322 -0.7171
vn 0.6952 -0.0000 -0.7188
vn 0.6561 -0.2355 -0.7170
vn 0.6572 -0.2322 -0.7171
vn 0.5473 -0.4389 -0.7127
vn 0.5502 -0.4350 -0.7128
vn 0.3885 -0.5897 -0.7081
vn 0.3919 -0.5873 -0.7082
vn 0.2005 -0.6803 -0.7049
vn 0.2027 -0.6797 -0.7049
vn -0.0000 -0.7104 -0.7038
vn -0.2005 -0.6803 -0.7049
vn -0.2027 -0.6797 -0.7049
vn -0.3885 -0.5897 -0.7081
vn -0.3919 -0.5873 -0.7082
vn -0.5473 -0.4389 -0.7127
vn -0.5502 -0.4350 -0.7128
vn -0.6561 -0.2355 -0.7170
vn -0.6572 -0.2322 -0.7170
vn -0.6952 -0.0000 -0.7188
vn -0.6561 0.2355 -0.7170
vn -0.6572 0.2322 -0.7170
vn -0.5473 0.4389 -0.7127
vn -0.5502 0.4350 -0.7128
vn -0.3885 0.5897 -0.7081
vn -0.3919 0.5873 -0.7082
vn -0.2005 0.6803 -0.7049
vn -0.2027 0.6797 -0.7049
vn 0.2850 0.9585 0.0013
vn -0.0000 1.0000 0.0012
vn 0.2849 0.9585 0.0013
vn -0.0024 -0.0039 -1.0000
vn -0.0012 -0.0041 -1.0000
vn -0.0025 -0.0038 -1.0000
vn -0.0000 -0.0042 -1.0000
vn 0.5537 0.8327 0.0013
vn 0.5536 0.8328 0.0013
vn -0.2850 0.9585 0.0013
vn -0.2849 0.9585 0.0013
vn 0.0012 -0.0041 -1.0000
vn -0.0037 -0.0031 -1.0000
vn -0.0038 -0.0031 -1.0000
vn 0.7833 0.6217 0.0014
vn 0.7832 0.6217 0.0014
vn -0.0048 -0.0018 -1.0000
vn 0.9424 0.3345 0.0014
vn -0.0053 -0.0000 -1.0000
vn 1.0000 -0.0000 0.0014
vn -0.0048 0.0018 -1.0000
vn -0.0049 0.0018 -1.0000
vn 0.9424 -0.3345 0.0014
vn -0.0037 0.0031 -1.0000
vn -0.0038 0.0031 -1.0000
vn 0.7833 -0.6217 0.0014
vn 0.7832 -0.6217 0.0014
vn -0.0024 0.0039 -1.0000
vn -0.0025 0.0038 -1.0000
vn 0.5537 -0.8327 0.0013
vn 0.5536 -0.8328 0.0013
vn -0.0012 0.0041 -1.0000
vn 0.2850 -0.9585 0.0013
vn 0.2849 -0.9585 0.0013
vn -0.0000 0.0042 -1.0000
vn -0.0000 -1.0000 0.0012
vn 0.0012 0.0041 -1.0000
vn -0.2850 -0.9585 0.0013
vn -0.2849 -0.9585 0.0013
vn 0.0024 0.0039 -1.0000
vn 0.0025 0.0038 -1.0000
vn -0.5537 -0.8327 0.0013
vn -0.5536 -0.8328 0.0013
vn 0.0038 0.0032 -1.0000
vn 0.0038 0.0031 -1.0000
vn -0.7833 -0.6217 0.0014
vn -0.7832 -0.6217 0.0014
vn 0.0049 0.0018 -1.0000
vn -0.9424 -0.3345 0.0014
vn 0.0053 -0.0000 -1.0000
vn -1.0000 -0.0000 0.0014
vn 0.0049 -0.0018 -1.0000
vn -0.9424 0.3345 0.0014
vn 0.0037 -0.0032 -1.0000
vn 0.0038 -0.0031 -1.0000
vn -0.7833 0.6217 0.0014
vn -0.7832 0.6217 0.0014
vn 0.0024 -0.0039 -1.0000
vn 0.0025 -0.0038 -1.0000
vn -0.5537 0.8327 0.0013
vn -0.5536 0.8328 0.0013
vn -0.1732 0.6742 -0.7180
vn -0.3401 0.5917 -0.7309
vn -0.3548 0.5811 -0.7324
vn -0.1830 0.6710 -0.7185
vn -0.4879 0.4480 -0.7492
vn -0.5945 0.2440 -0.7661
vn -0.5989 0.2307 -0.7669
vn -0.5000 0.4315 -0.7509
vn -0.6341 -0.0000 -0.7732
vn -0.5945 -0.2440 -0.7661
vn -0.5989 -0.2307 -0.7669
vn -0.4879 -0.4480 -0.7492
vn -0.3401 -0.5917 -0.7309
vn -0.3548 -0.5811 -0.7324
vn -0.5000 -0.4315 -0.7509
vn -0.1732 -0.6742 -0.7180
vn -0.0000 -0.7008 -0.7134
vn -0.1830 -0.6710 -0.7185
vn 0.1732 -0.6742 -0.7179
vn 0.3401 -0.5917 -0.7309
vn 0.3548 -0.5811 -0.7324
vn 0.1830 -0.6711 -0.7185
vn 0.4879 -0.4479 -0.7492
vn 0.5945 -0.2440 -0.7662
vn 0.5989 -0.2307 -0.7669
vn 0.5000 -0.4315 -0.7509
vn 0.6341 -0.0000 -0.7732
vn 0.5945 0.2440 -0.7662
vn 0.5989 0.2307 -0.7669
vn 0.4879 0.4479 -0.7492
vn 0.3401 0.5917 -0.7309
vn 0.3548 0.5811 -0.7324
vn 0.5000 0.4315 -0.7509
vn -0.0000 0.7008 -0.7134
vn 0.1732 0.6742 -0.7179
vn 0.1830 0.6711 -0.7185
vn -0.0000 -0.0000 -1.0000
vn -0.2571 0.9664 -0.0023
vn -0.0000 1.0000 -0.0022
vn -0.5116 0.8592 -0.0024
vn -0.5115 0.8593 -0.0024
vn -0.7487 0.6629 -0.0025
vn -0.7486 0.6630 -0.0025
vn -0.9299 0.3677 -0.0027
vn -0.9299 0.3678 -0.0027
vn -1.0000 -0.0000 -0.0028
vn -0.9299 -0.3677 -0.0027
vn -0.9299 -0.3678 -0.0027
vn -0.7487 -0.6629 -0.0025
vn -0.7486 -0.6630 -0.0025
vn -0.5116 -0.8592 -0.0024
vn -0.5115 -0.8593 -0.0024
vn -0.2571 -0.9664 -0.0023
vn -0.0000 -1.0000 -0.0022
vn 0.2571 -0.9664 -0.0023
vn 0.5116 -0.8592 -0.0024
vn 0.5115 -0.8593 -0.0024
vn 0.7487 -0.6629 -0.0025
vn 0.7486 -0.6630 -0.0025
vn 0.9299 -0.3677 -0.0027
vn 0.9299 -0.3678 -0.0027
vn 1.0000 -0.0000 -0.0028
vn 0.9299 0.3677 -0.0027
vn 0.9299 0.3678 -0.0027
vn 0.7487 0.6629 -0.0025
vn 0.7486 0.6630 -0.0025
vn 0.5116 0.8592 -0.0024
vn 0.5115 0.8593 -0.0024
vn 0.2571 0.9664 -0.0023
vn 0.4838 0.1991 0.8523
vn 0.5135 -0.0000 0.8581
vn 0.4874 0.1870 0.8529
vn 0.4017 -0.3697 0.8378
vn 0.2836 -0.4947 0.8215
vn 0.2970 -0.4842 0.8230
vn 0.4121 -0.3541 0.8395
vn 0.4017 0.3697 0.8378
vn 0.4121 0.3541 0.8395
vn -0.5135 -0.0000 0.8581
vn -0.4837 0.1991 0.8523
vn -0.4874 0.1870 0.8530
vn -0.2836 0.4947 0.8215
vn -0.1458 0.5690 0.8093
vn -0.1550 0.5657 0.8099
vn -0.2970 0.4842 0.8230
vn -0.0000 0.5934 0.8049
vn 0.1458 0.5690 0.8093
vn 0.1550 0.5657 0.8099
vn -0.2836 -0.4947 0.8215
vn -0.4017 -0.3697 0.8378
vn -0.4121 -0.3541 0.8395
vn -0.2970 -0.4842 0.8230
vn 0.4838 -0.1991 0.8523
vn 0.4874 -0.1870 0.8529
vn -0.1458 -0.5690 0.8093
vn -0.1550 -0.5657 0.8099
vn 0.2836 0.4947 0.8215
vn 0.2970 0.4842 0.8230
vn -0.4017 0.3697 0.8378
vn -0.4121 0.3541 0.8395
vn -0.4837 -0.1991 0.8523
vn -0.4874 -0.1870 0.8530
vn -0.0000 -0.5934 0.8049
vn 0.1458 -0.5690 0.8093
vn 0.1550 -0.5657 0.8099
vn -0.0000 -0.9860 0.1669
vn -0.2529 -0.9525 0.1696
vn -0.2530 -0.9428 0.2171
vn -0.0000 -0.9769 0.2136
vn -0.9108 0.3612 0.1999
vn -0.7344 0.6519 0.1889
vn -0.7296 0.6399 0.2412
vn -0.9005 0.3526 0.2545
vn -0.7344 -0.6519 0.1889
vn -0.9108 -0.3612 0.1999
vn -0.9005 -0.3526 0.2545
vn -0.7296 -0.6399 0.2412
vn 0.5026 0.8461 0.1775
vn 0.7344 0.6519 0.1889
vn 0.7296 0.6399 0.2412
vn 0.5015 0.8348 0.2271
vn 0.2529 -0.9525 0.1696
vn 0.2530 -0.9428 0.2171
vn -0.2529 0.9525 0.1696
vn -0.0000 0.9860 0.1669
vn -0.0000 0.9769 0.2136
vn -0.2530 0.9428 0.2171
vn 0.5026 -0.8461 0.1775
vn 0.5015 -0.8348 0.2271
vn 0.9108 0.3612 0.1999
vn 0.9789 -0.0000 0.2046
vn 0.9656 -0.0000 0.2601
vn 0.9005 0.3526 0.2545
vn 0.7344 -0.6519 0.1889
vn 0.7296 -0.6399 0.2412
vn -0.9789 -0.0000 0.2046
vn -0.9656 -0.0000 0.2601
vn -0.5026 0.8461 0.1775
vn -0.5015 0.8348 0.2271
vn 0.2529 0.9525 0.1696
vn 0.2530 0.9428 0.2171
vn -0.5026 -0.8461 0.1775
vn -0.5015 -0.8348 0.2271
vn 0.9108 -0.3612 0.1999
vn 0.9005 -0.3526 0.2545
vn -0.5004 0.8408 -0.2063
vn -0.2520 0.9474 -0.1973
vn -0.2501 0.9479 -0.1972
vn -0.4974 0.8427 -0.2062
vn -0.0000 0.9810 -0.1941
vn 0.2520 0.9474 -0.1973
vn 0.2501 0.9479 -0.1972
vn -0.5004 -0.8408 -0.2063
vn -0.7303 -0.6470 -0.2193
vn -0.7275 -0.6502 -0.2191
vn -0.4974 -0.8427 -0.2062
vn 0.9046 -0.3580 -0.2316
vn 0.7303 -0.6470 -0.2193
vn 0.7275 -0.6502 -0.2191
vn 0.9034 -0.3608 -0.2315
vn -0.2520 -0.9474 -0.1973
vn -0.2501 -0.9479 -0.1972
vn 0.9716 -0.0000 -0.2368
vn 0.5004 0.8408 -0.2063
vn 0.4974 0.8427 -0.2062
vn -0.7303 0.6470 -0.2193
vn -0.7275 0.6502 -0.2191
vn -0.9046 -0.3580 -0.2316
vn -0.9716 -0.0000 -0.2368
vn -0.9034 -0.3608 -0.2315
vn -0.0000 -0.9810 -0.1941
vn -0.9046 0.3580 -0.2316
vn -0.9034 0.3608 -0.2315
vn 0.7303 0.6470 -0.2193
vn 0.7275 0.6502 -0.2191
vn 0.2520 -0.9474 -0.1973
vn 0.2501 -0.9479 -0.1972
vn 0.5004 -0.8408 -0.2063
vn 0.4974 -0.8427 -0.2062
vn 0.9046 0.3580 -0.2316
vn 0.9034 0.3608 -0.2315
vn -0.9057 0.3550 -0.2317
vn 0.7332 0.6436 -0.2195
vn 0.9057 0.3550 -0.2317
vn 0.7332 -0.6436 -0.2194
vn 0.5036 -0.8389 -0.2064
vn 0.2539 -0.9469 -0.1973
vn -0.2539 0.9469 -0.1973
vn 0.5036 0.8389 -0.2064
vn -0.7332 -0.6436 -0.2194
vn -0.9057 -0.3550 -0.2317
vn -0.7332 0.6436 -0.2194
vn -0.2539 -0.9469 -0.1973
vn -0.5036 0.8389 -0.2064
vn 0.2539 0.9469 -0.1973
vn 0.9057 -0.3550 -0.2317
vn -0.5036 -0.8389 -0.2064
vn 0.0001 -0.0000 -1.0000
vn -0.4948 0.8219 -0.2823
vn -0.2500 0.9298 -0.2702
vn -0.2449 0.9312 -0.2700
vn -0.4865 0.8270 -0.2818
vn -0.8840 -0.3454 -0.3152
vn -0.9468 -0.0000 -0.3218
vn -0.8810 -0.3531 -0.3149
vn -0.7180 0.6284 -0.2993
vn -0.7105 0.6372 -0.2987
vn -0.7180 -0.6284 -0.2993
vn -0.7105 -0.6372 -0.2987
vn 0.9468 -0.0000 -0.3218
vn 0.8840 -0.3454 -0.3152
vn 0.8810 -0.3531 -0.3149
vn 0.4948 -0.8219 -0.2823
vn 0.2500 -0.9298 -0.2702
vn 0.2449 -0.9312 -0.2700
vn 0.4865 -0.8270 -0.2818
vn -0.0000 -0.9640 -0.2659
vn -0.2500 -0.9298 -0.2702
vn -0.2449 -0.9312 -0.2700
vn 0.4948 0.8219 -0.2823
vn 0.7180 0.6284 -0.2993
vn 0.7105 0.6372 -0.2987
vn 0.4865 0.8270 -0.2818
vn -0.8840 0.3454 -0.3152
vn -0.8810 0.3531 -0.3149
vn 0.2500 0.9298 -0.2702
vn 0.2449 0.9312 -0.2700
vn -0.4948 -0.8219 -0.2823
vn -0.4865 -0.8270 -0.2818
vn 0.7180 -0.6284 -0.2993
vn 0.7105 -0.6372 -0.2987
vn 0.8840 0.3454 -0.3152
vn 0.8810 0.3531 -0.3149
vn -0.0000 0.9640 -0.2659
vn 0.0003 -0.0000 -1.0000
vn -0.0001 -0.0000 -1.0000
vn -0.9211 -0.3622 -0.1427
vn -0.9893 -0.0000 -0.1460
vn -0.9959 -0.0000 -0.0908
vn -0.9260 -0.3671 -0.0886
vn -0.9984 -0.0000 0.0566
vn -0.9280 -0.3684 0.0552
vn -0.7436 0.6549 -0.1349
vn -0.5094 0.8512 -0.1267
vn -0.5092 0.8570 -0.0785
vn -0.7453 0.6614 -0.0836
vn -0.5097 0.8589 0.0488
vn -0.7465 0.6633 0.0521
vn 0.2564 0.9590 -0.1210
vn 0.5094 0.8512 -0.1267
vn 0.5092 0.8570 -0.0785
vn 0.2559 0.9638 -0.0749
vn 0.5097 0.8589 0.0488
vn 0.2561 0.9655 0.0466
vn 0.9893 -0.0000 -0.1460
vn 0.9211 -0.3622 -0.1427
vn 0.9260 -0.3671 -0.0886
vn 0.9959 -0.0000 -0.0908
vn 0.9280 -0.3684 0.0552
vn 0.9984 -0.0000 0.0565
vn -0.2564 -0.9590 -0.1210
vn -0.5094 -0.8512 -0.1267
vn -0.5092 -0.8570 -0.0785
vn -0.2559 -0.9638 -0.0749
vn -0.5097 -0.8589 0.0488
vn -0.2561 -0.9655 0.0466
vn 0.7436 -0.6549 -0.1349
vn 0.7453 -0.6614 -0.0836
vn 0.7465 -0.6633 0.0521
vn -0.7436 -0.6549 -0.1349
vn -0.7453 -0.6614 -0.0836
vn -0.7465 -0.6633 0.0521
vn -0.0000 0.9929 -0.1190
vn -0.0000 0.9973 -0.0736
vn -0.0000 0.9989 0.0458
vn -0.2564 0.9590 -0.1210
vn -0.2559 0.9638 -0.0749
vn -0.2561 0.9655 0.0466
vn -0.9211 0.3622 -0.1427
vn -0.9260 0.3671 -0.0886
vn -0.9280 0.3684 0.0552
vn 0.7436 0.6549 -0.1349
vn 0.9211 0.3622 -0.1427
vn 0.9260 0.3671 -0.0886
vn 0.7453 0.6614 -0.0836
vn 0.9280 0.3684 0.0552
vn 0.7465 0.6633 0.0521
vn 0.5094 -0.8512 -0.1267
vn 0.5092 -0.8570 -0.0785
vn 0.5097 -0.8589 0.0488
vn 0.2564 -0.9590 -0.1210
vn 0.2559 -0.9638 -0.0749
vn 0.2561 -0.9655 0.0466
vn -0.0000 -0.9929 -0.1190
vn -0.0000 -0.9973 -0.0736
vn -0.0000 -0.9989 0.0458
vn -0.0000 0.7338 -0.6793
vn -0.1818 0.7064 -0.6840
vn -0.1916 0.7033 -0.6845
vn 0.3576 -0.6212 -0.6974
vn 0.5144 -0.4715 -0.7163
vn 0.5267 -0.4550 -0.7180
vn 0.3724 -0.6107 -0.6988
vn -0.3576 0.6211 -0.6974
vn -0.3724 0.6107 -0.6988
vn 0.6283 -0.2575 -0.7341
vn 0.6328 -0.2440 -0.7349
vn 0.3576 0.6211 -0.6974
vn 0.1818 0.7065 -0.6840
vn 0.1916 0.7034 -0.6845
vn 0.3724 0.6107 -0.6988
vn -0.1818 -0.7064 -0.6840
vn -0.0000 -0.7338 -0.6793
vn -0.1916 -0.7033 -0.6845
vn -0.6283 -0.2575 -0.7341
vn -0.5144 -0.4715 -0.7163
vn -0.5266 -0.4550 -0.7180
vn -0.6328 -0.2440 -0.7349
vn 0.1818 -0.7065 -0.6840
vn 0.1916 -0.7034 -0.6845
vn 0.6709 -0.0000 -0.7416
vn 0.6283 0.2575 -0.7341
vn 0.6328 0.2440 -0.7349
vn -0.6283 0.2575 -0.7341
vn -0.6708 -0.0000 -0.7416
vn -0.6328 0.2440 -0.7349
vn -0.3576 -0.6211 -0.6974
vn -0.3724 -0.6107 -0.6988
vn -0.5144 0.4715 -0.7163
vn -0.5266 0.4550 -0.7180
vn 0.5144 0.4715 -0.7163
vn 0.5267 0.4550 -0.7180
vn -0.6328 0.2441 0.7349
vn -0.6709 -0.0000 0.7416
vn -0.6283 0.2576 0.7341
vn -0.3723 -0.6108 0.6988
vn -0.1915 -0.7034 0.6845
vn -0.1818 -0.7065 0.6840
vn -0.3575 -0.6212 0.6973
vn 0.6708 -0.0000 0.7416
vn 0.6327 0.2441 0.7349
vn 0.6283 0.2576 0.7341
vn 0.1915 0.7034 0.6845
vn -0.0000 0.7339 0.6793
vn 0.1818 0.7065 0.6840
vn -0.0000 -0.7339 0.6793
vn 0.1915 -0.7034 0.6845
vn 0.1817 -0.7065 0.6840
vn 0.5265 0.4551 0.7181
vn 0.5142 0.4716 0.7164
vn -0.6328 -0.2441 0.7349
vn -0.5266 -0.4551 0.7180
vn -0.5143 -0.4716 0.7163
vn -0.6283 -0.2576 0.7341
vn 0.3723 0.6108 0.6988
vn 0.3574 0.6212 0.6974
vn -0.5266 0.4551 0.7180
vn -0.5143 0.4716 0.7163
vn 0.6327 -0.2441 0.7349
vn 0.6283 -0.2576 0.7341
vn 0.5266 -0.4551 0.7181
vn 0.5142 -0.4716 0.7164
vn -0.1915 0.7034 0.6845
vn -0.3723 0.6108 0.6988
vn -0.3575 0.6212 0.6973
vn -0.1817 0.7065 0.6840
vn 0.3723 -0.6108 0.6988
vn 0.3574 -0.6212 0.6974
vn -0.7472 0.6646 -0.0000
vn -0.9292 0.3695 -0.0000
vn 0.9292 0.3695 -0.0000
vn 0.7472 0.6646 -0.0000
vn -0.2564 0.9666 -0.0000
vn -0.5103 -0.8600 -0.0000
vn -0.2564 -0.9666 -0.0000
vn 0.5103 0.8600 -0.0000
vn 0.5103 -0.8600 -0.0000
vn 0.7472 -0.6646 -0.0000
vn -0.9292 -0.3695 -0.0000
vn -0.7472 -0.6646 -0.0000
vn 0.2564 -0.9666 -0.0000
vn -0.5103 0.8600 -0.0000
vn 0.9292 -0.3695 -0.0000
vn 0.2564 0.9666 -0.0000
vn 0.1642 -0.6177 -0.7691
vn -0.0000 -0.6391 -0.7691
vn 0.1641 -0.6177 -0.7691
vn -0.1642 -0.6177 -0.7691
vn -0.1641 -0.6177 -0.7691
vn -0.0000 -0.6391 0.7691
vn -0.1641 -0.6177 0.7691
vn -0.1642 -0.6177 0.7691
vn 0.1641 -0.6177 0.7691
vn 0.1642 -0.6177 0.7691
vn -0.3267 -0.5494 -0.7691
vn -0.4781 -0.4241 -0.7691
vn -0.4780 -0.4241 -0.7691
vn -0.3266 -0.5494 -0.7691
vn -0.3266 -0.5494 0.7691
vn -0.4780 -0.4241 0.7691
vn -0.4781 -0.4241 0.7691
vn -0.3267 -0.5494 0.7691
vn -0.4781 -0.4241 -0.7692
vn -0.4780 -0.4241 -0.7692
vn -0.4781 -0.4240 -0.7692
vn -0.4780 -0.4241 0.7692
vn -0.4781 -0.4241 0.7692
vn -0.4780 -0.4242 -0.7691
vn -0.5939 -0.2353 -0.7693
vn -0.5939 -0.2354 -0.7693
vn -0.5939 -0.2355 0.7693
vn -0.5939 -0.2354 0.7693
vn -0.5939 -0.2353 -0.7694
vn -0.5939 -0.2354 -0.7694
vn -0.5939 -0.2353 0.7693
vn -0.5939 -0.2354 0.7694
vn -0.5938 -0.2354 -0.7694
vn -0.0000 -0.6392 -0.7691
vn 0.3267 -0.5494 -0.7690
vn 0.3266 -0.5494 -0.7690
vn 0.3266 -0.5494 0.7691
vn 0.3267 -0.5494 0.7691
vn 0.3267 -0.5494 -0.7691
vn 0.3266 -0.5494 -0.7691
vn -0.6386 -0.0000 -0.7695
vn -0.5939 0.2354 -0.7694
vn -0.5938 0.2354 -0.7694
vn -0.6387 -0.0000 0.7695
vn -0.5939 0.2354 0.7693
vn -0.6387 -0.0000 -0.7695
vn -0.5939 0.2354 -0.7693
vn -0.5939 0.2354 0.7694
vn -0.5939 0.2355 0.7693
vn -0.5939 0.2355 -0.7693
vn -0.5939 0.2353 0.7693
vn -0.5939 0.2353 -0.7693
vn 0.5939 -0.2354 -0.7693
vn 0.4781 -0.4241 -0.7691
vn 0.4781 -0.4242 -0.7691
vn 0.5939 -0.2355 -0.7693
vn 0.4781 -0.4241 0.7691
vn 0.5939 -0.2355 0.7693
vn 0.5939 -0.2354 0.7693
vn 0.5939 -0.2353 -0.7694
vn 0.4781 -0.4241 -0.7692
vn 0.4780 -0.4241 -0.7692
vn 0.5939 -0.2354 -0.7694
vn 0.4780 -0.4241 0.7691
vn 0.5939 -0.2353 -0.7693
vn 0.4780 -0.4241 -0.7691
vn 0.4780 -0.4242 -0.7691
vn 0.6387 -0.0000 -0.7695
vn 0.6387 -0.0000 0.7695
vn 0.6386 -0.0000 -0.7695
vn 0.1642 0.6177 -0.7691
vn 0.3267 0.5494 -0.7691
vn 0.3266 0.5494 -0.7691
vn 0.1641 0.6177 -0.7691
vn 0.4781 0.4241 -0.7691
vn 0.4781 0.4242 -0.7691
vn 0.3266 0.5494 0.7691
vn 0.4780 0.4241 0.7691
vn 0.4781 0.4241 0.7691
vn 0.3267 0.5494 0.7691
vn 0.1641 0.6177 0.7691
vn 0.1642 0.6177 0.7691
vn 0.4780 0.4241 -0.7691
vn 0.4781 0.4241 -0.7692
vn 0.4780 0.4241 -0.7692
vn 0.4780 0.4242 0.7691
vn 0.3267 0.5494 -0.7690
vn 0.3266 0.5494 -0.7690
vn 0.4781 0.4242 0.7691
vn -0.0000 0.6391 -0.7691
vn -0.0000 0.6391 0.7691
vn -0.0000 0.6392 -0.7691
vn -0.1642 0.6177 -0.7691
vn -0.1641 0.6177 -0.7691
vn -0.1641 0.6177 0.7691
vn -0.1642 0.6177 0.7691
vn -0.3267 0.5494 -0.7691
vn -0.3266 0.5494 -0.7691
vn -0.3266 0.5494 0.7691
vn -0.3267 0.5494 0.7691
vn -0.4781 0.4241 -0.7691
vn -0.4780 0.4242 -0.7691
vn -0.4781 0.4241 0.7691
vn -0.4781 0.4240 -0.7692
vn -0.4780 0.4241 -0.7692
vn -0.4780 0.4241 0.7692
vn -0.4781 0.4241 0.7692
vn -0.4780 0.4241 -0.7691
vn -0.4780 0.4241 0.7691
vn 0.5939 0.2354 -0.7693
vn 0.5939 0.2355 -0.7693
vn 0.5939 0.2355 0.7693
vn 0.5939 0.2354 0.7693
vn 0.5939 0.2353 -0.7693
vn 0.5939 0.2353 -0.7694
vn 0.5939 0.2354 -0.7694
vn 0.5938 0.2355 0.7694
vn 0.5939 0.2354 0.7694
vn -0.7495 -0.6620 -0.0001
vn -0.5123 -0.8588 -0.0001
vn -0.7494 -0.6621 -0.0001
vn 0.9303 -0.3668 -0.0001
vn 1.0000 -0.0000 -0.0002
vn 0.9302 -0.3669 -0.0001
vn -0.9303 -0.3668 -0.0001
vn -0.9302 -0.3669 -0.0001
vn 0.7495 -0.6620 -0.0001
vn 0.7494 -0.6621 -0.0001
vn -1.0000 -0.0000 -0.0002
vn 0.5123 -0.8588 -0.0001
vn 0.2575 0.9663 -0.0001
vn -0.0000 1.0000 -0.0001
vn -0.9303 0.3668 -0.0001
vn -0.9302 0.3669 -0.0001
vn 0.2575 -0.9663 -0.0001
vn 0.5123 0.8588 -0.0001
vn -0.7495 0.6620 -0.0001
vn -0.7494 0.6621 -0.0001
vn -0.0000 -1.0000 -0.0001
vn 0.7495 0.6620 -0.0001
vn 0.7494 0.6621 -0.0001
vn -0.5123 0.8588 -0.0001
vn -0.2575 -0.9663 -0.0001
vn 0.9303 0.3668 -0.0001
vn 0.9302 0.3669 -0.0001
vn -0.2575 0.9663 -0.0001
vn 0.1701 0.6489 -0.7416
vn -0.0000 0.6733 -0.7394
vn 0.1734 0.6480 -0.7417
vn 0.3357 0.5726 -0.7480
vn 0.3409 0.5692 -0.7482
vn 0.4857 0.4370 -0.7571
vn 0.4902 0.4314 -0.7574
vn 0.5967 0.2400 -0.7657
vn 0.5984 0.2352 -0.7659
vn 0.6387 -0.0000 -0.7694
vn 0.5967 -0.2400 -0.7657
vn 0.5984 -0.2352 -0.7659
vn 0.4856 -0.4370 -0.7571
vn 0.4902 -0.4314 -0.7574
vn 0.3357 -0.5726 -0.7480
vn 0.3409 -0.5692 -0.7482
vn 0.1701 -0.6489 -0.7416
vn 0.1734 -0.6480 -0.7417
vn -0.0000 -0.6733 -0.7394
vn -0.1701 -0.6489 -0.7416
vn -0.1734 -0.6480 -0.7417
vn -0.3357 -0.5726 -0.7480
vn -0.3409 -0.5692 -0.7482
vn -0.4856 -0.4370 -0.7571
vn -0.4901 -0.4314 -0.7574
vn -0.5967 -0.2400 -0.7658
vn -0.5984 -0.2352 -0.7659
vn -0.6387 -0.0000 -0.7694
vn -0.5967 0.2400 -0.7658
vn -0.5984 0.2352 -0.7659
vn -0.4856 0.4370 -0.7571
vn -0.4901 0.4314 -0.7574
vn -0.3357 0.5726 -0.7480
vn -0.3409 0.5692 -0.7482
vn -0.1701 0.6489 -0.7416
vn -0.1734 0.6480 -0.7417
vn -0.0087 0.0351 -0.9993
vn -0.0154 0.0282 -0.9995
vn -0.0155 0.0279 -0.9995
vn -0.0088 0.0350 -0.9993
vn -0.2561 0.9561 -0.1422
vn -0.0000 0.9902 -0.1399
vn -0.2535 0.9568 -0.1421
vn -0.5086 0.8481 -0.1488
vn -0.5043 0.8506 -0.1487
vn -0.0000 0.0376 -0.9993
vn -0.0188 0.0186 -0.9997
vn -0.0188 0.0182 -0.9997
vn -0.7418 0.6517 -0.1583
vn -0.7379 0.6561 -0.1581
vn -0.0193 0.0088 -0.9998
vn -0.0192 0.0086 -0.9998
vn -0.9179 0.3599 -0.1673
vn -0.9163 0.3639 -0.1672
vn -0.0190 -0.0000 -0.9998
vn -0.9853 -0.0000 -0.1711
vn -0.0193 -0.0088 -0.9998
vn -0.0192 -0.0086 -0.9998
vn -0.9179 -0.3599 -0.1673
vn -0.9163 -0.3639 -0.1672
vn -0.0188 -0.0186 -0.9997
vn -0.0188 -0.0182 -0.9997
vn -0.7418 -0.6517 -0.1583
vn -0.7379 -0.6561 -0.1581
vn -0.0154 -0.0282 -0.9995
vn -0.0156 -0.0279 -0.9995
vn -0.5086 -0.8481 -0.1488
vn -0.5043 -0.8506 -0.1487
vn -0.0087 -0.0351 -0.9993
vn -0.0088 -0.0350 -0.9993
vn -0.2561 -0.9561 -0.1422
vn -0.2535 -0.9568 -0.1421
vn -0.0000 -0.0376 -0.9993
vn -0.0000 -0.9902 -0.1399
vn 0.0087 -0.0351 -0.9993
vn 0.0088 -0.0350 -0.9993
vn 0.2561 -0.9561 -0.1422
vn 0.2535 -0.9568 -0.1421
vn 0.0154 -0.0282 -0.9995
vn 0.0155 -0.0279 -0.9995
vn 0.5086 -0.8481 -0.1488
vn 0.5043 -0.8506 -0.1487
vn 0.0187 -0.0185 -0.9997
vn 0.0188 -0.0182 -0.9997
vn 0.7418 -0.6517 -0.1583
vn 0.7379 -0.6561 -0.1581
vn 0.0192 -0.0087 -0.9998
vn 0.0192 -0.0085 -0.9998
vn 0.9179 -0.3599 -0.1673
vn 0.9163 -0.3639 -0.1672
vn 0.0189 -0.0000 -0.9998
vn 0.9853 -0.0000 -0.1711
vn 0.0192 0.0087 -0.9998
vn 0.0192 0.0085 -0.9998
vn 0.9179 0.3599 -0.1673
vn 0.9163 0.3639 -0.1672
vn 0.0187 0.0185 -0.9997
vn 0.0188 0.0182 -0.9997
vn 0.7418 0.6517 -0.1583
vn 0.7379 0.6561 -0.1581
vn 0.0154 0.0282 -0.9995
vn 0.0155 0.0279 -0.9995
vn 0.5086 0.8481 -0.1488
vn 0.5043 0.8506 -0.1487
vn 0.0087 0.0351 -0.9993
vn 0.0088 0.0350 -0.9993
vn 0.2561 0.9561 -0.1422
vn 0.2535 0.9568 -0.1421
vn 0.3164 0.5418 -0.7787
vn 0.1614 0.6187 -0.7689
vn 0.1680 0.6166 -0.7692
vn 0.3263 0.5347 -0.7795
vn 0.5133 0.8566 0.0533
vn 0.2581 0.9647 0.0516
vn 0.2577 0.9640 0.0655
vn 0.5124 0.8561 0.0677
vn 0.2573 0.9629 0.0819
vn 0.5116 0.8550 0.0846
vn 0.2572 0.9624 0.0874
vn 0.5114 0.8546 0.0903
vn -0.5511 0.2222 -0.8043
vn -0.5874 -0.0000 -0.8093
vn -0.5541 0.2132 -0.8047
vn -0.9294 0.3644 0.0580
vn -0.9983 -0.0000 0.0590
vn -0.9972 -0.0000 0.0749
vn -0.9283 0.3644 0.0737
vn -0.9956 -0.0000 0.0937
vn -0.9268 0.3640 0.0922
vn -0.9950 -0.0000 0.1000
vn -0.9263 0.3638 0.0983
vn 0.4530 -0.4090 -0.7921
vn 0.5511 -0.2222 -0.8043
vn 0.5541 -0.2132 -0.8047
vn 0.4612 -0.3979 -0.7930
vn 0.7500 -0.6591 0.0557
vn 0.9294 -0.3644 0.0580
vn 0.9283 -0.3644 0.0737
vn 0.7489 -0.6589 0.0708
vn 0.9268 -0.3640 0.0922
vn 0.7477 -0.6581 0.0885
vn 0.9263 -0.3638 0.0983
vn 0.7473 -0.6577 0.0944
vn -0.1614 0.6187 -0.7689
vn -0.3164 0.5418 -0.7787
vn -0.3263 0.5347 -0.7795
vn -0.1679 0.6166 -0.7692
vn -0.2581 0.9647 0.0516
vn -0.5133 0.8566 0.0533
vn -0.5124 0.8561 0.0677
vn -0.2577 0.9640 0.0655
vn -0.5116 0.8550 0.0846
vn -0.2573 0.9629 0.0819
vn -0.5114 0.8546 0.0903
vn -0.2572 0.9624 0.0874
vn -0.4530 0.4090 -0.7921
vn -0.4613 0.3979 -0.7930
vn -0.7500 0.6591 0.0557
vn -0.7489 0.6589 0.0708
vn -0.7477 0.6581 0.0885
vn -0.7473 0.6577 0.0944
vn 0.5511 0.2222 -0.8043
vn 0.4530 0.4090 -0.7921
vn 0.4612 0.3979 -0.7930
vn 0.5541 0.2132 -0.8047
vn 0.9294 0.3644 0.0580
vn 0.7500 0.6591 0.0557
vn 0.7489 0.6589 0.0708
vn 0.9283 0.3644 0.0737
vn 0.7477 0.6581 0.0885
vn 0.9268 0.3640 0.0922
vn 0.7473 0.6577 0.0944
vn 0.9263 0.3638 0.0983
vn -0.5511 -0.2222 -0.8043
vn -0.5541 -0.2132 -0.8047
vn -0.9294 -0.3644 0.0580
vn -0.9283 -0.3644 0.0737
vn -0.9268 -0.3640 0.0922
vn -0.9263 -0.3638 0.0983
vn 0.3164 -0.5418 -0.7787
vn 0.3263 -0.5347 -0.7795
vn 0.5133 -0.8566 0.0533
vn 0.5124 -0.8561 0.0677
vn 0.5116 -0.8550 0.0846
vn 0.5114 -0.8546 0.0903
vn -0.0000 0.6436 -0.7654
vn -0.0000 0.9987 0.0510
vn -0.0000 0.9979 0.0648
vn -0.0000 0.9967 0.0810
vn -0.0000 0.9963 0.0864
vn -0.3164 -0.5418 -0.7787
vn -0.1614 -0.6187 -0.7689
vn -0.1679 -0.6166 -0.7692
vn -0.3263 -0.5347 -0.7795
vn -0.5133 -0.8566 0.0533
vn -0.2581 -0.9647 0.0516
vn -0.2577 -0.9640 0.0655
vn -0.5124 -0.8561 0.0677
vn -0.2573 -0.9629 0.0819
vn -0.5116 -0.8550 0.0846
vn -0.2572 -0.9624 0.0874
vn -0.5114 -0.8546 0.0903
vn 0.1614 -0.6187 -0.7689
vn 0.1679 -0.6166 -0.7692
vn 0.2581 -0.9647 0.0516
vn 0.2577 -0.9640 0.0655
vn 0.2573 -0.9629 0.0819
vn 0.2572 -0.9624 0.0874
vn -0.4530 -0.4090 -0.7921
vn -0.4613 -0.3979 -0.7930
vn -0.7500 -0.6591 0.0557
vn -0.7489 -0.6589 0.0708
vn -0.7477 -0.6581 0.0885
vn -0.7473 -0.6577 0.0944
vn -0.0000 -0.6436 -0.7654
vn -0.0000 -0.9987 0.0510
vn -0.0000 -0.9979 0.0648
vn -0.0000 -0.9967 0.0810
vn -0.0000 -0.9963 0.0864
vn 0.5874 -0.0000 -0.8093
vn 0.9983 -0.0000 0.0590
vn 0.9972 -0.0000 0.0749
vn 0.9956 -0.0000 0.0937
vn 0.9950 -0.0000 0.1000
vn 0.6201 -0.2434 0.7458
vn 0.5012 -0.4410 0.7446
vn 0.5011 -0.4410 0.7446
vn 0.6201 -0.2435 0.7458
vn 0.6201 0.2434 0.7458
vn 0.6656 -0.0000 0.7463
vn 0.6201 0.2435 0.7458
vn -0.3435 0.5739 0.7434
vn -0.1729 0.6471 0.7426
vn 0.5012 0.4410 0.7446
vn 0.5011 0.4410 0.7446
vn -0.6201 0.2434 0.7458
vn -0.5012 0.4410 0.7446
vn -0.5011 0.4410 0.7446
vn -0.6201 0.2435 0.7458
vn -0.5011 -0.4410 0.7446
vn -0.6201 -0.2434 0.7458
vn -0.6201 -0.2435 0.7458
vn -0.6656 -0.0000 0.7463
vn -0.1729 -0.6471 0.7426
vn -0.3435 -0.5739 0.7434
vn -0.1730 -0.6471 0.7426
vn 0.3435 -0.5739 0.7434
vn -0.0000 -0.6701 0.7423
vn -0.0000 0.6701 0.7423
vn 0.1729 0.6471 0.7426
vn 0.3435 0.5739 0.7434
vn 0.1729 -0.6471 0.7426
vn 0.2565 0.9623 0.0907
vn 0.5102 0.8549 0.0936
vn -0.0000 0.9960 0.0896
vn 0.7461 0.6586 0.0979
vn 0.9256 -0.3646 0.1020
vn 0.7461 -0.6586 0.0979
vn 0.9946 -0.0000 0.1037
vn 0.0001 -0.0000 1.0000
vn 0.5102 -0.8549 0.0936
vn -0.9256 -0.3646 0.1020
vn -0.9946 -0.0000 0.1037
vn -0.7461 -0.6586 0.0979
vn -0.9256 0.3646 0.1020
vn 0.2565 -0.9623 0.0907
vn -0.0000 -0.9960 0.0896
vn -0.2565 -0.9623 0.0907
vn -0.5102 -0.8549 0.0936
vn -0.2565 0.9623 0.0907
vn -0.5102 0.8549 0.0936
vn -0.7461 0.6586 0.0979
vn 0.9256 0.3646 0.1020
vn 0.5266 -0.8501 0.0003
vn 0.7622 -0.6473 0.0001
vn 0.7320 -0.6813 0.0002
vn 0.4935 -0.8697 0.0004
vn 0.2672 -0.9637 0.0004
vn 0.2451 -0.9695 0.0004
vn -0.0000 -1.0000 0.0005
vn -0.2672 -0.9637 0.0004
vn -0.2451 -0.9695 0.0004
vn -0.5266 -0.8501 0.0003
vn -0.4935 -0.8697 0.0004
vn -0.7622 -0.6473 0.0001
vn -0.7320 -0.6813 0.0002
vn -0.9368 -0.3498 -0.0006
vn -0.9213 -0.3888 -0.0005
vn -1.0000 -0.0000 -0.0011
vn -0.9368 0.3498 -0.0006
vn -0.9213 0.3888 -0.0005
vn -0.7622 0.6473 0.0001
vn -0.7320 0.6813 0.0002
vn -0.5266 0.8501 0.0003
vn -0.4935 0.8697 0.0004
vn -0.2672 0.9637 0.0004
vn -0.2451 0.9695 0.0004
vn -0.1312 0.1547 0.9792
vn -0.1668 0.1082 0.9800
vn -0.1669 0.1073 0.9801
vn -0.1321 0.1543 0.9791
vn -0.0665 0.1498 -0.9865
vn -0.0272 -0.0000 -0.9996
vn -0.0655 0.1494 -0.9866
vn -0.0609 0.1503 0.9868
vn -0.1321 0.1544 0.9791
vn -0.0618 0.1507 0.9866
vn 0.1376 0.1494 -0.9792
vn 0.1694 0.1014 -0.9803
vn 0.1694 0.1021 -0.9802
vn 0.1368 0.1498 -0.9792
vn 0.1241 0.0425 0.9914
vn 0.1668 0.1081 0.9800
vn 0.1669 0.1073 0.9801
vn 0.1234 0.0420 0.9915
vn -0.0000 0.0107 0.9999
vn 0.1234 0.0421 0.9915
vn -0.1668 -0.1082 0.9800
vn -0.1312 -0.1547 0.9792
vn -0.1321 -0.1543 0.9791
vn -0.1669 -0.1073 0.9801
vn -0.1233 -0.0390 -0.9916
vn -0.0000 -0.0097 -1.0000
vn -0.1238 -0.0394 -0.9915
vn 0.1233 0.0390 -0.9916
vn -0.0000 0.0097 -1.0000
vn 0.1239 0.0394 -0.9915
vn 0.0609 0.1503 0.9868
vn 0.0244 -0.0000 0.9997
vn 0.0618 0.1507 0.9866
vn 0.2671 0.9637 0.0004
vn -0.0000 1.0000 0.0005
vn 0.2451 0.9695 0.0004
vn 0.4935 0.8697 0.0004
vn 0.5266 0.8501 0.0003
vn 0.7320 0.6813 0.0002
vn 0.7622 0.6473 0.0001
vn 0.9213 0.3888 -0.0005
vn 0.9368 0.3498 -0.0006
vn 1.0000 -0.0000 -0.0011
vn 0.9213 -0.3888 -0.0005
vn 0.9368 -0.3498 -0.0006
vn 0.2671 -0.9637 0.0004
vn -0.2671 0.9637 0.0004
vn 0.1377 0.1494 -0.9792
vn -0.1694 -0.1014 -0.9803
vn -0.1233 -0.0389 -0.9916
vn -0.1239 -0.0393 -0.9915
vn -0.1694 -0.1021 -0.9802
vn 0.1241 -0.0425 0.9914
vn -0.0000 -0.0107 0.9999
vn 0.1234 -0.0420 0.9915
vn -0.1241 -0.0425 0.9914
vn -0.1234 -0.0420 0.9915
vn 0.1377 -0.1494 -0.9792
vn 0.0665 -0.1498 -0.9865
vn 0.0656 -0.1494 -0.9866
vn 0.1368 -0.1498 -0.9792
vn -0.0656 0.1494 -0.9866
vn 0.1239 0.0393 -0.9915
vn 0.0609 -0.1503 0.9868
vn 0.0618 -0.1507 0.9866
vn -0.1669 -0.1074 0.9801
vn -0.1234 -0.0421 0.9915
vn -0.0665 -0.1498 -0.9865
vn -0.0655 -0.1494 -0.9866
vn -0.0244 -0.0000 0.9997
vn 0.1668 -0.1082 0.9800
vn 0.1234 -0.0421 0.9915
vn 0.1669 -0.1073 0.9801
vn 0.0272 -0.0000 -0.9996
vn -0.0656 -0.1494 -0.9866
vn -0.1232 0.0390 -0.9916
vn -0.1694 0.1014 -0.9803
vn -0.1694 0.1021 -0.9802
vn -0.1238 0.0394 -0.9915
vn -0.1241 0.0425 0.9914
vn -0.1234 0.0420 0.9915
vn 0.1233 -0.0390 -0.9916
vn 0.1238 -0.0393 -0.9915
vn -0.1233 0.0389 -0.9916
vn -0.1239 0.0393 -0.9915
vn 0.1312 0.1547 0.9792
vn 0.1322 0.1544 0.9791
vn 0.1239 -0.0394 -0.9915
vn -0.1377 -0.1494 -0.9792
vn -0.1368 -0.1498 -0.9792
vn 0.1668 -0.1081 0.9800
vn -0.0609 -0.1503 0.9868
vn -0.0618 -0.1507 0.9866
vn 0.1312 -0.1547 0.9792
vn 0.1322 -0.1544 0.9791
vn 0.0665 0.1498 -0.9865
vn 0.0656 0.1494 -0.9866
vn -0.1234 0.0421 0.9915
vn -0.1377 -0.1494 -0.9791
vn -0.1377 0.1494 -0.9792
vn -0.1368 0.1497 -0.9792
vn -0.1669 0.1074 0.9801
vn 0.1694 -0.1014 -0.9803
vn 0.1694 -0.1021 -0.9802
vn 0.1321 0.1543 0.9791
vn -0.1376 0.1494 -0.9792
vn -0.1368 0.1498 -0.9792
vn 0.1668 0.1082 0.9800
vn 0.1321 -0.1543 0.9791
vn -0.1321 -0.1544 0.9791
vn 0.2668 0.9638 -0.0000
vn 0.2467 0.9691 -0.0000
vn -0.2668 0.9638 -0.0000
vn -0.2467 0.9691 -0.0000
vn 0.4965 0.8680 -0.0000
vn 0.5262 0.8504 -0.0000
vn -0.5262 0.8504 -0.0000
vn -0.4965 0.8680 -0.0000
vn 0.7355 0.6776 -0.0000
vn 0.7618 0.6478 -0.0000
vn 0.9234 0.3838 -0.0000
vn 0.9364 0.3510 -0.0000
vn 0.9234 -0.3838 -0.0000
vn 0.9364 -0.3510 -0.0000
vn 0.7355 -0.6776 -0.0000
vn 0.7618 -0.6478 -0.0000
vn 0.4965 -0.8680 -0.0000
vn 0.5262 -0.8504 -0.0000
vn 0.2467 -0.9691 -0.0000
vn 0.2668 -0.9638 -0.0000
vn -0.2467 -0.9691 -0.0000
vn -0.2668 -0.9638 -0.0000
vn -0.4965 -0.8680 -0.0000
vn -0.5262 -0.8504 -0.0000
vn -0.7355 -0.6776 -0.0000
vn -0.7618 -0.6478 -0.0000
vn -0.9234 -0.3838 -0.0000
vn -0.9364 -0.3510 -0.0000
vn -0.9234 0.3838 -0.0000
vn -0.9364 0.3510 -0.0000
vn -0.7355 0.6776 -0.0000
vn -0.7618 0.6478 -0.0000
vn 0.5817 -0.0000 -0.8134
vn 0.4971 -0.8677 -0.0000
vn -0.2599 -0.9656 -0.0000
vn 0.4971 0.8677 -0.0000
vn -0.2599 0.9656 -0.0000
vn -0.5817 -0.0000 -0.8134
vn -0.4971 -0.8677 -0.0000
vn 0.2599 -0.9656 -0.0000
vn -0.4971 0.8677 -0.0000
vn 0.2599 0.9656 -0.0000
vn -0.8658 0.5001 0.0194
vn 0.8261 -0.5636 -0.0025
vn -0.0173 -0.9998 -0.0025
vn -0.0127 -0.9999 -0.0018
vn -0.0292 -0.9996 -0.0042
vn 0.3538 0.0533 -0.9338
vn 0.4047 0.1225 -0.9062
vn 0.3583 0.0593 -0.9317
vn -0.0339 -0.0000 0.9994
vn 0.0044 -0.0000 -1.0000
vn 0.1822 -0.0058 -0.9833
vn -0.6326 -0.0088 0.7745
vn -0.0044 -0.0000 1.0000
vn 0.8660 0.4999 0.0108
vn -0.8262 -0.5634 0.0056
vn 0.0170 -0.9999 -0.0027
vn 0.0128 -0.9999 -0.0020
vn 0.0290 -0.9996 -0.0045
vn -0.3482 0.0539 -0.9359
vn -0.3524 0.0595 -0.9339
vn -0.3998 0.1234 -0.9083
vn 0.0315 -0.0004 0.9995
vn -0.1745 -0.0059 -0.9846
vn 0.6240 -0.0093 0.7814
vn -0.8658 -0.5001 0.0194
vn 0.8261 0.5636 -0.0025
vn -0.0173 0.9998 -0.0025
vn -0.0127 0.9999 -0.0018
vn -0.0292 0.9996 -0.0042
vn 0.3538 -0.0533 -0.9338
vn 0.3584 -0.0593 -0.9317
vn 0.4047 -0.1225 -0.9062
vn -0.0340 -0.0000 0.9994
vn 0.1822 0.0058 -0.9833
vn -0.6326 0.0088 0.7745
vn 0.8660 -0.4999 0.0108
vn -0.8262 0.5634 0.0056
vn 0.0170 0.9999 -0.0027
vn 0.0128 0.9999 -0.0020
vn 0.0290 0.9996 -0.0045
vn -0.3482 -0.0539 -0.9359
vn -0.3998 -0.1234 -0.9083
vn -0.3524 -0.0595 -0.9339
vn 0.0316 0.0004 0.9995
vn -0.1745 0.0059 -0.9846
vn 0.6240 0.0093 0.7814
vn -0.6326 -0.0088 0.7744
vn 0.0316 -0.0004 0.9995
vn 0.6239 -0.0093 0.7814
vn 0.3583 -0.0594 -0.9317
vn 0.1821 0.0058 -0.9833
vn -0.6326 0.0088 0.7744
vn 0.0315 0.0004 0.9995
vn 0.1821 -0.0058 -0.9833
vn 0.3583 -0.0593 -0.9317
vn -0.6204 -0.7842 0.0108
vn 0.3966 -0.8933 -0.2116
vn 0.5039 -0.8637 -0.0070
vn -0.4078 -0.8415 0.3543
vn 0.5039 -0.8637 -0.0079
vn 0.4193 -0.8637 -0.2796
vn 0.5035 -0.8637 0.0230
vn 0.3761 -0.8637 -0.3355
vn -0.6204 0.7842 0.0108
vn 0.3966 0.8933 -0.2116
vn 0.5039 0.8637 -0.0070
vn -0.4078 0.8415 0.3543
vn 0.5039 0.8637 -0.0079
vn 0.4193 0.8637 -0.2796
vn 0.5035 0.8637 0.0230
vn 0.3761 0.8637 -0.3355
vn 0.6204 -0.7842 0.0108
vn -0.3966 -0.8933 -0.2116
vn -0.5039 -0.8637 -0.0070
vn 0.4078 -0.8415 0.3543
vn -0.5039 -0.8637 -0.0079
vn -0.4193 -0.8637 -0.2796
vn -0.5035 -0.8637 0.0230
vn -0.3761 -0.8637 -0.3355
vn 0.6204 0.7842 0.0108
vn -0.3966 0.8933 -0.2116
vn -0.5039 0.8637 -0.0070
vn 0.4078 0.8415 0.3543
vn -0.5039 0.8637 -0.0079
vn -0.4193 0.8637 -0.2796
vn -0.5035 0.8637 0.0230
vn -0.3761 0.8637 -0.3355
vn -0.4173 -0.9046 0.0870
vn -0.3273 -0.9299 0.1678
vn -0.5009 -0.8655 0.0050
vn 0.7587 -0.0000 -0.6514
vn -0.9999 -0.0000 0.0113
vn 1.0000 -0.0000 0.0025
vn 0.7838 -0.0000 -0.6210
vn -0.7364 -0.0000 0.6766
vn -0.2399 -0.9417 0.2360
vn -0.2281 -0.9432 0.2415
vn 0.0187 -0.9998 0.0040
vn 0.0383 -0.9992 0.0082
vn 0.1071 -0.9942 0.0060
vn 0.0936 -0.9956 0.0077
vn 0.0706 -0.9975 0.0106
vn -0.1826 -0.9510 0.2493
vn -0.1918 -0.9494 0.2488
vn -0.2063 -0.9465 0.2480
vn -0.4173 0.9046 0.0870
vn -0.5009 0.8655 0.0050
vn -0.3273 0.9299 0.1678
vn -0.2399 0.9417 0.2360
vn -0.2281 0.9432 0.2415
vn 0.0187 0.9998 0.0040
vn 0.0383 0.9992 0.0082
vn 0.1071 0.9942 0.0060
vn 0.0706 0.9975 0.0106
vn 0.0936 0.9956 0.0077
vn -0.1826 0.9510 0.2493
vn -0.2063 0.9465 0.2480
vn -0.1918 0.9494 0.2488
vn 0.4173 -0.9046 0.0870
vn 0.5009 -0.8655 0.0050
vn 0.3273 -0.9299 0.1678
vn -0.7587 -0.0000 -0.6514
vn 0.9999 -0.0000 0.0113
vn -1.0000 -0.0000 0.0025
vn -0.7838 -0.0000 -0.6210
vn 0.7364 -0.0000 0.6766
vn 0.2399 -0.9417 0.2360
vn 0.2281 -0.9432 0.2415
vn -0.0187 -0.9998 0.0040
vn -0.0383 -0.9992 0.0082
vn -0.1071 -0.9942 0.0060
vn -0.0706 -0.9975 0.0106
vn -0.0936 -0.9956 0.0077
vn 0.1826 -0.9510 0.2493
vn 0.2063 -0.9465 0.2480
vn 0.1918 -0.9494 0.2488
vn 0.4173 0.9046 0.0870
vn 0.3273 0.9299 0.1678
vn 0.5009 0.8655 0.0050
vn 0.2399 0.9417 0.2360
vn 0.2281 0.9432 0.2415
vn -0.0187 0.9998 0.0040
vn -0.0383 0.9992 0.0082
vn -0.1071 0.9942 0.0060
vn -0.0936 0.9956 0.0077
vn -0.0706 0.9975 0.0106
vn 0.1826 0.9510 0.2493
vn 0.1918 0.9494 0.2488
vn 0.2063 0.9465 0.2480
vn 0.9999 -0.0000 -0.0113
vn -0.6175 -0.0000 -0.7866
vn -0.1279 -0.9918 0.0014
vn 0.6175 -0.0000 0.7866
vn 0.5942 -0.8043 -0.0067
vn -0.1279 0.9918 0.0014
vn 0.5942 0.8043 -0.0067
vn -0.9999 -0.0000 -0.0113
vn 0.6175 -0.0000 -0.7866
vn 0.1279 -0.9918 0.0014
vn -0.6175 -0.0000 0.7866
vn -0.5942 -0.8043 -0.0067
vn 0.1279 0.9918 0.0014
vn -0.5942 0.8043 -0.0067
vn -0.3578 -0.0000 -0.9338
vn -0.3579 -0.0000 -0.9338
vn -0.9923 -0.0000 -0.1236
vn 0.0100 0.9986 -0.0518
vn 0.7032 0.7102 -0.0348
vn -0.2769 0.9581 -0.0732
vn 0.9999 -0.0000 -0.0134
vn 0.0100 -0.9986 -0.0518
vn 0.7032 -0.7102 -0.0348
vn -0.2769 -0.9581 -0.0732
vn 0.3579 -0.0000 -0.9338
vn 0.3578 -0.0000 -0.9338
vn 0.9923 -0.0000 -0.1236
vn -0.0100 0.9986 -0.0518
vn -0.7032 0.7102 -0.0348
vn 0.2769 0.9581 -0.0732
vn -0.9999 -0.0000 -0.0134
vn -0.0100 -0.9986 -0.0518
vn -0.7032 -0.7102 -0.0348
vn 0.2769 -0.9581 -0.0732
vn -0.0976 0.9952 0.0042
vn -0.0977 0.9952 0.0042
vn -0.0945 0.9955 0.0041
vn -0.9957 -0.0000 0.0927
vn 0.6090 0.7932 0.0009
vn 0.6092 0.7931 0.0009
vn 0.6050 0.7962 0.0009
vn -0.6830 -0.0000 0.7304
vn 0.6132 0.7900 0.0009
vn -0.2421 0.9701 0.0140
vn -0.0913 0.9958 0.0040
vn -0.2986 -0.0000 0.9544
vn -0.9993 -0.0000 0.0363
vn -0.0975 -0.9952 0.0042
vn -0.0945 -0.9955 0.0041
vn -0.0977 -0.9952 0.0042
vn 0.6090 -0.7932 0.0009
vn 0.6050 -0.7962 0.0009
vn 0.6092 -0.7931 0.0009
vn 0.6132 -0.7900 0.0009
vn -0.2421 -0.9701 0.0140
vn -0.0913 -0.9958 0.0040
vn 0.0976 0.9952 0.0042
vn 0.0945 0.9955 0.0041
vn 0.0977 0.9952 0.0042
vn 0.9957 -0.0000 0.0927
vn -0.6090 0.7932 0.0009
vn -0.6050 0.7962 0.0009
vn -0.6092 0.7931 0.0009
vn 0.6830 -0.0000 0.7304
vn -0.6132 0.7900 0.0009
vn 0.2421 0.9701 0.0140
vn 0.0913 0.9958 0.0040
vn 0.2986 -0.0000 0.9544
vn 0.9993 -0.0000 0.0363
vn 0.0976 -0.9952 0.0042
vn 0.0977 -0.9952 0.0042
vn 0.0945 -0.9955 0.0041
vn -0.6090 -0.7932 0.0009
vn -0.6092 -0.7931 0.0009
vn -0.6050 -0.7962 0.0009
vn -0.6132 -0.7900 0.0009
vn 0.2421 -0.9701 0.0140
vn 0.0913 -0.9958 0.0040
vn -0.2828 0.9590 0.0151
vn -0.9979 -0.0000 0.0648
vn -0.2828 -0.9590 0.0151
vn 0.2828 0.9590 0.0151
vn 0.9979 -0.0000 0.0648
vn 0.2828 -0.9590 0.0151
vn 0.1232 0.9924 -0.0000
vn -0.4341 -0.0000 -0.9008
vn 0.3446 -0.0000 0.9387
vn 0.1232 -0.9924 -0.0000
vn -0.1232 0.9924 -0.0000
vn 0.4341 -0.0000 -0.9008
vn -0.3446 -0.0000 0.9387
vn -0.1232 -0.9924 -0.0000
vt 0.016351 0.248396
vt 0.092940 0.171568
vt 0.098216 0.369964
vt 0.043414 0.398869
vt 0.118392 0.151370
vt 0.125568 0.369132
vt 0.081907 0.925183
vt 0.099410 0.885109
vt 0.125406 0.887626
vt 0.073357 0.991365
vt 0.099672 0.713677
vt 0.099012 0.426825
vt 0.126274 0.427297
vt 0.126274 0.715685
vt 0.032010 0.763867
vt 0.052114 0.741574
vt 0.008082 0.463700
vt 0.249564 0.248396
vt 0.222501 0.398869
vt 0.167699 0.369964
vt 0.172975 0.171568
vt 0.140347 0.369132
vt 0.147523 0.151370
vt 0.184008 0.925183
vt 0.192558 0.991365
vt 0.140509 0.887626
vt 0.166505 0.885109
vt 0.166243 0.713677
vt 0.139641 0.715685
vt 0.139641 0.427297
vt 0.166903 0.426825
vt 0.233905 0.763867
vt 0.213801 0.741574
vt 0.257833 0.463700
vt 0.808850 0.837529
vt 0.808965 0.677665
vt 0.817852 0.671039
vt 0.817852 0.830902
vt 0.875562 0.903009
vt 0.860459 0.913635
vt 0.847071 0.894844
vt 0.860599 0.885187
vt 0.833683 0.876054
vt 0.844445 0.868255
vt 0.789110 0.703320
vt 0.789776 0.858958
vt 0.775514 0.875313
vt 0.774965 0.721962
vt 0.761503 0.891707
vt 0.761072 0.740630
vt 0.865620 0.712703
vt 0.875857 0.704238
vt 0.889552 0.720702
vt 0.876708 0.731357
vt 0.903248 0.737166
vt 0.889002 0.749075
vt 0.913289 0.780580
vt 0.928699 0.767762
vt 0.852186 0.687355
vt 0.852519 0.676183
vt 0.735765 0.922039
vt 0.734365 0.776771
vt 0.902873 0.938695
vt 0.886583 0.950302
vt 0.821036 0.845797
vt 0.810263 0.843182
vt 0.677119 0.985971
vt 0.674565 0.851730
vt 0.690711 0.835846
vt 0.693304 0.972081
vt 0.973614 0.839236
vt 0.953359 0.832557
vt 0.970640 0.818181
vt 0.982208 0.832087
vt 0.665942 0.986187
vt 0.663355 0.851946
vt 0.826854 0.837529
vt 0.826739 0.677665
vt 0.845483 0.924439
vt 0.833525 0.904476
vt 0.822797 0.883679
vt 0.846594 0.703320
vt 0.860739 0.721962
vt 0.860190 0.875313
vt 0.845928 0.858958
vt 0.874632 0.740630
vt 0.874201 0.891707
vt 0.886044 0.695714
vt 0.902368 0.710012
vt 0.917551 0.725326
vt 0.944108 0.754943
vt 0.863565 0.677890
vt 0.899939 0.922039
vt 0.901339 0.776771
vt 0.870293 0.961908
vt 0.809217 0.854218
vt 0.958584 0.985971
vt 0.942399 0.972081
vt 0.944992 0.835846
vt 0.961139 0.851730
vt 0.990802 0.824938
vt 0.987922 0.803805
vt 0.972349 0.851946
vt 0.969762 0.986187
vt 0.606559 0.683581
vt 0.610989 0.719971
vt 0.580965 0.702912
vt 0.576535 0.666522
vt 0.700257 0.675031
vt 0.723694 0.664584
vt 0.738063 0.696819
vt 0.723678 0.703231
vt 0.564691 0.577815
vt 0.568365 0.554494
vt 0.606551 0.576190
vt 0.602877 0.599511
vt 0.701400 0.725914
vt 0.686591 0.731274
vt 0.674578 0.698088
vt 0.698707 0.689354
vt 0.580872 0.620160
vt 0.575661 0.605548
vt 0.615998 0.628466
vt 0.606785 0.634884
vt 0.673329 0.608050
vt 0.669345 0.597548
vt 0.689761 0.588456
vt 0.694318 0.598679
vt 0.665181 0.606457
vt 0.671640 0.622428
vt 0.650013 0.630223
vt 0.644175 0.614094
vt 0.657465 0.568044
vt 0.672563 0.549873
vt 0.539626 0.585074
vt 0.526505 0.556119
vt 0.546737 0.600766
vt 0.629798 0.574376
vt 0.653263 0.576986
vt 0.636583 0.700640
vt 0.530179 0.532798
vt 0.641014 0.737029
vt 0.698807 0.521220
vt 0.668783 0.504161
vt 0.702311 0.489338
vt 0.732335 0.506397
vt 0.747131 0.654137
vt 0.752448 0.690408
vt 0.586518 0.539398
vt 0.624704 0.561094
vt 0.671781 0.736635
vt 0.650450 0.706822
vt 0.631177 0.531621
vt 0.657091 0.546344
vt 0.656294 0.557543
vt 0.615957 0.534625
vt 0.715318 0.589334
vt 0.710171 0.579350
vt 0.623147 0.621672
vt 0.628407 0.638077
vt 0.696170 0.550792
vt 0.548332 0.517702
vt 0.579922 0.514151
vt 0.597042 0.512226
vt 0.613441 0.591401
vt 0.728831 0.538279
vt 0.762359 0.523456
vt 0.508398 0.982718
vt 0.541155 0.739606
vt 0.542287 0.740119
vt 0.510300 0.977328
vt 0.522868 0.955851
vt 0.567380 0.712461
vt 0.569235 0.708777
vt 0.524004 0.956266
vt 0.505347 0.982307
vt 0.538105 0.739195
vt 0.526533 0.957758
vt 0.510927 0.984211
vt 0.539020 0.737661
vt 0.567099 0.706832
vt 0.572237 0.709326
vt 0.527006 0.956814
vt 0.279914 0.581078
vt 0.289307 0.580920
vt 0.291238 0.714704
vt 0.282848 0.714013
vt 0.274380 0.759095
vt 0.283304 0.759724
vt 0.291238 0.960464
vt 0.283890 0.960778
vt 0.251142 0.622415
vt 0.258132 0.614565
vt 0.264304 0.710859
vt 0.256457 0.710495
vt 0.257538 0.755574
vt 0.250136 0.755393
vt 0.274631 0.975995
vt 0.267216 0.984554
vt 0.252976 0.710343
vt 0.247921 0.622603
vt 0.246784 0.755300
vt 0.265283 0.984710
vt 0.290271 0.964652
vt 0.276110 0.987926
vt 0.274424 0.986900
vt 0.305605 0.581047
vt 0.303311 0.713838
vt 0.294762 0.714543
vt 0.296224 0.580920
vt 0.311791 0.758491
vt 0.302118 0.960454
vt 0.294762 0.960140
vt 0.302676 0.759197
vt 0.334514 0.622438
vt 0.329611 0.710062
vt 0.321791 0.710481
vt 0.327519 0.614627
vt 0.335992 0.754951
vt 0.328589 0.755107
vt 0.318779 0.984199
vt 0.311368 0.975646
vt 0.337872 0.622625
vt 0.332995 0.709920
vt 0.339284 0.754862
vt 0.320712 0.984355
vt 0.311577 0.986535
vt 0.309894 0.987560
vt 0.295747 0.964324
vt 0.509049 0.138925
vt 0.509049 0.131502
vt 0.520197 0.131502
vt 0.520197 0.138925
vt 0.579346 0.138925
vt 0.579346 0.131502
vt 0.589148 0.131502
vt 0.589148 0.138925
vt 0.632696 0.138925
vt 0.632696 0.131502
vt 0.643163 0.131502
vt 0.643163 0.138925
vt 0.498082 0.138925
vt 0.498082 0.131502
vt 0.570125 0.138925
vt 0.570125 0.131502
vt 0.621729 0.138925
vt 0.621729 0.131502
vt 0.487615 0.138925
vt 0.487615 0.131502
vt 0.560654 0.138925
vt 0.560654 0.131502
vt 0.477814 0.138925
vt 0.477814 0.131502
vt 0.551432 0.138925
vt 0.551432 0.131502
vt 0.468592 0.138925
vt 0.468592 0.131502
vt 0.541631 0.138925
vt 0.541631 0.131502
vt 0.662186 0.138925
vt 0.662186 0.131502
vt 0.671657 0.131502
vt 0.671657 0.138925
vt 0.531164 0.138925
vt 0.531164 0.131502
vt 0.599615 0.138925
vt 0.599615 0.131502
vt 0.610581 0.131502
vt 0.610581 0.138925
vt 0.652964 0.138925
vt 0.652964 0.131502
vt 0.477814 0.362095
vt 0.487615 0.362095
vt 0.487615 0.364825
vt 0.477814 0.364825
vt 0.468592 0.364825
vt 0.477814 0.496962
vt 0.468592 0.496962
vt 0.551432 0.362095
vt 0.560654 0.362095
vt 0.560654 0.364825
vt 0.551432 0.364825
vt 0.468592 0.362095
vt 0.541631 0.362095
vt 0.541631 0.364825
vt 0.610581 0.362095
vt 0.621729 0.362095
vt 0.621729 0.364825
vt 0.610581 0.364825
vt 0.662186 0.362095
vt 0.671657 0.362095
vt 0.671657 0.364825
vt 0.662186 0.364825
vt 0.531164 0.362095
vt 0.531164 0.364825
vt 0.599615 0.362095
vt 0.599615 0.364825
vt 0.652964 0.362095
vt 0.652964 0.364825
vt 0.520197 0.362095
vt 0.520197 0.364825
vt 0.589148 0.362095
vt 0.589148 0.364825
vt 0.643163 0.362095
vt 0.643163 0.364825
vt 0.509049 0.362095
vt 0.509049 0.364825
vt 0.579346 0.362095
vt 0.579346 0.364825
vt 0.632696 0.362095
vt 0.632696 0.364825
vt 0.498082 0.362095
vt 0.498082 0.364825
vt 0.570125 0.362095
vt 0.570125 0.364825
vt 0.610581 0.359188
vt 0.621729 0.359188
vt 0.621729 0.361088
vt 0.610581 0.361088
vt 0.599615 0.359188
vt 0.599615 0.361088
vt 0.589148 0.359188
vt 0.589148 0.361088
vt 0.579346 0.359188
vt 0.579346 0.361088
vt 0.570125 0.359188
vt 0.570125 0.361088
vt 0.560654 0.359188
vt 0.560654 0.361088
vt 0.551432 0.359188
vt 0.551432 0.361088
vt 0.541631 0.359188
vt 0.541631 0.361088
vt 0.531164 0.359188
vt 0.531164 0.361088
vt 0.520197 0.359188
vt 0.520197 0.361088
vt 0.509049 0.359188
vt 0.509049 0.361088
vt 0.498082 0.359188
vt 0.498082 0.361088
vt 0.487615 0.359188
vt 0.487615 0.361088
vt 0.477814 0.359188
vt 0.477814 0.361088
vt 0.468592 0.359188
vt 0.468592 0.361088
vt 0.662186 0.359188
vt 0.671657 0.359188
vt 0.671657 0.361088
vt 0.662186 0.361088
vt 0.652964 0.359188
vt 0.652964 0.361088
vt 0.643163 0.359188
vt 0.643163 0.361088
vt 0.632696 0.359188
vt 0.632696 0.361088
vt 0.551432 0.496962
vt 0.541631 0.496962
vt 0.621729 0.496962
vt 0.610581 0.496962
vt 0.671657 0.496962
vt 0.662186 0.496962
vt 0.531164 0.496962
vt 0.599615 0.496962
vt 0.652964 0.496962
vt 0.520197 0.496962
vt 0.589148 0.496962
vt 0.643163 0.496962
vt 0.509049 0.496962
vt 0.579346 0.496962
vt 0.632696 0.496962
vt 0.498082 0.496962
vt 0.570125 0.496962
vt 0.487615 0.496962
vt 0.560654 0.496962
vt 0.926119 0.497984
vt 0.984753 0.497984
vt 0.984753 0.502886
vt 0.926119 0.502886
vt 0.926119 0.481379
vt 0.984753 0.481379
vt 0.984753 0.487209
vt 0.926119 0.487209
vt 0.926119 0.458849
vt 0.984753 0.458849
vt 0.984753 0.464059
vt 0.926119 0.464059
vt 0.926119 0.394938
vt 0.984753 0.394938
vt 0.984753 0.399973
vt 0.926119 0.399973
vt 0.984753 0.469623
vt 0.926119 0.469623
vt 0.926119 0.427405
vt 0.984753 0.427405
vt 0.984753 0.433235
vt 0.926119 0.433235
vt 0.984753 0.404875
vt 0.926119 0.404875
vt 0.984753 0.475453
vt 0.926119 0.475453
vt 0.984753 0.438799
vt 0.926119 0.438799
vt 0.984753 0.410085
vt 0.926119 0.410085
vt 0.984753 0.444010
vt 0.926119 0.444010
vt 0.984753 0.415649
vt 0.926119 0.415649
vt 0.984753 0.448912
vt 0.926119 0.448912
vt 0.984753 0.421479
vt 0.926119 0.421479
vt 0.984753 0.492773
vt 0.926119 0.492773
vt 0.984753 0.453947
vt 0.926119 0.453947
vt 0.995134 0.458849
vt 0.995134 0.464059
vt 0.995134 0.421479
vt 0.995134 0.427405
vt 0.995134 0.394938
vt 0.995134 0.399973
vt 0.995134 0.469623
vt 0.995134 0.433235
vt 0.995134 0.404875
vt 0.995134 0.475453
vt 0.995134 0.438799
vt 0.995134 0.410085
vt 0.995134 0.481379
vt 0.995134 0.444010
vt 0.995134 0.415649
vt 0.995134 0.487209
vt 0.995134 0.448912
vt 0.995134 0.492773
vt 0.995134 0.453947
vt 0.995134 0.497984
vt 0.995134 0.502886
vt 0.910735 0.427405
vt 0.910735 0.421479
vt 0.917997 0.421479
vt 0.917997 0.427405
vt 0.910735 0.433235
vt 0.917997 0.433235
vt 0.910735 0.438799
vt 0.917997 0.438799
vt 0.910735 0.444010
vt 0.917997 0.444010
vt 0.910735 0.448912
vt 0.917997 0.448912
vt 0.910735 0.453947
vt 0.917997 0.453947
vt 0.910735 0.458849
vt 0.917997 0.458849
vt 0.910735 0.464059
vt 0.917997 0.464059
vt 0.910735 0.469623
vt 0.917997 0.469623
vt 0.910735 0.475453
vt 0.917997 0.475453
vt 0.910735 0.481379
vt 0.917997 0.481379
vt 0.910735 0.487209
vt 0.917997 0.487209
vt 0.910735 0.492773
vt 0.917997 0.492773
vt 0.910735 0.497984
vt 0.917997 0.497984
vt 0.910735 0.502886
vt 0.917997 0.502886
vt 0.910735 0.399973
vt 0.910735 0.394938
vt 0.917997 0.394938
vt 0.917997 0.399973
vt 0.910735 0.404875
vt 0.917997 0.404875
vt 0.910735 0.410085
vt 0.917997 0.410085
vt 0.910735 0.415649
vt 0.917997 0.415649
vt 0.920908 0.427405
vt 0.920908 0.421479
vt 0.920908 0.433235
vt 0.920908 0.415649
vt 0.920908 0.438799
vt 0.920908 0.444010
vt 0.920908 0.448912
vt 0.920908 0.453947
vt 0.920908 0.458849
vt 0.920908 0.464059
vt 0.920908 0.469623
vt 0.920908 0.475453
vt 0.920908 0.481379
vt 0.920908 0.487209
vt 0.920908 0.492773
vt 0.920908 0.497984
vt 0.920908 0.502886
vt 0.920908 0.399973
vt 0.920908 0.394938
vt 0.920908 0.404875
vt 0.920908 0.410085
vt 0.905729 0.427405
vt 0.905729 0.421479
vt 0.905729 0.433235
vt 0.905729 0.438799
vt 0.905729 0.444010
vt 0.905729 0.448912
vt 0.905729 0.453947
vt 0.905729 0.458849
vt 0.905729 0.464059
vt 0.905729 0.469623
vt 0.905729 0.475453
vt 0.905729 0.481379
vt 0.905729 0.487209
vt 0.905729 0.492773
vt 0.905729 0.497984
vt 0.905729 0.502886
vt 0.905729 0.399973
vt 0.905729 0.394938
vt 0.905729 0.404875
vt 0.905729 0.410085
vt 0.905729 0.415649
vt 0.418312 0.019827
vt 0.422127 0.013118
vt 0.433468 0.020203
vt 0.432264 0.022904
vt 0.455906 0.010281
vt 0.459919 0.015346
vt 0.447635 0.020768
vt 0.446395 0.018518
vt 0.439402 0.044627
vt 0.433920 0.044023
vt 0.437297 0.033212
vt 0.439621 0.033337
vt 0.451058 0.006986
vt 0.444646 0.016918
vt 0.445542 0.043778
vt 0.442057 0.032678
vt 0.445935 0.005227
vt 0.442559 0.016037
vt 0.451982 0.041028
vt 0.444421 0.031226
vt 0.417761 0.027257
vt 0.431754 0.025767
vt 0.440453 0.004622
vt 0.440234 0.015912
vt 0.457729 0.036131
vt 0.446387 0.029046
vt 0.419936 0.033903
vt 0.432221 0.028481
vt 0.434313 0.005472
vt 0.437798 0.016571
vt 0.461543 0.029422
vt 0.447591 0.026345
vt 0.423949 0.038968
vt 0.433460 0.030731
vt 0.427873 0.008221
vt 0.435434 0.018024
vt 0.462094 0.021992
vt 0.448101 0.023483
vt 0.428797 0.042263
vt 0.435209 0.032331
vt 0.852710 0.427405
vt 0.852710 0.421479
vt 0.859357 0.421479
vt 0.859357 0.427405
vt 0.852710 0.433235
vt 0.859357 0.433235
vt 0.852710 0.438799
vt 0.859357 0.438799
vt 0.852710 0.444010
vt 0.859357 0.444010
vt 0.852710 0.448912
vt 0.859357 0.448912
vt 0.852710 0.453947
vt 0.859357 0.453947
vt 0.852710 0.458849
vt 0.859357 0.458849
vt 0.852710 0.464059
vt 0.859357 0.464059
vt 0.852710 0.469623
vt 0.859357 0.469623
vt 0.852710 0.475453
vt 0.859357 0.475453
vt 0.852710 0.481379
vt 0.859357 0.481379
vt 0.852710 0.487209
vt 0.859357 0.487209
vt 0.852710 0.492773
vt 0.859357 0.492773
vt 0.852710 0.497984
vt 0.859357 0.497984
vt 0.852710 0.502886
vt 0.859357 0.502886
vt 0.852710 0.399973
vt 0.852710 0.394938
vt 0.859357 0.394938
vt 0.859357 0.399973
vt 0.852710 0.404875
vt 0.859357 0.404875
vt 0.852710 0.410085
vt 0.859357 0.410085
vt 0.852710 0.415649
vt 0.859357 0.415649
vt 0.850779 0.433235
vt 0.850779 0.427405
vt 0.850779 0.421479
vt 0.850779 0.415649
vt 0.850779 0.438799
vt 0.850779 0.444010
vt 0.850779 0.448912
vt 0.850779 0.453947
vt 0.850779 0.458849
vt 0.850779 0.464059
vt 0.850779 0.469623
vt 0.850779 0.475453
vt 0.850779 0.481379
vt 0.850779 0.487209
vt 0.850779 0.492773
vt 0.850779 0.497984
vt 0.850779 0.502886
vt 0.850779 0.399973
vt 0.850779 0.394938
vt 0.850779 0.404875
vt 0.850779 0.410085
vt 0.632696 0.006535
vt 0.643163 0.006535
vt 0.643163 0.007977
vt 0.632696 0.007977
vt 0.652964 0.006535
vt 0.662186 0.006535
vt 0.662186 0.007977
vt 0.652964 0.007977
vt 0.468592 0.006535
vt 0.477814 0.006535
vt 0.477814 0.007977
vt 0.468592 0.007977
vt 0.487615 0.006535
vt 0.498082 0.006535
vt 0.498082 0.007977
vt 0.487615 0.007977
vt 0.509049 0.006535
vt 0.520197 0.006535
vt 0.520197 0.007977
vt 0.509049 0.007977
vt 0.531164 0.006535
vt 0.541631 0.006535
vt 0.541631 0.007977
vt 0.531164 0.007977
vt 0.551432 0.006535
vt 0.560654 0.006535
vt 0.560654 0.007977
vt 0.551432 0.007977
vt 0.570125 0.006535
vt 0.579346 0.006535
vt 0.579346 0.007977
vt 0.570125 0.007977
vt 0.589148 0.006535
vt 0.599615 0.006535
vt 0.599615 0.007977
vt 0.589148 0.007977
vt 0.621729 0.006535
vt 0.621729 0.007977
vt 0.610581 0.006535
vt 0.610581 0.007977
vt 0.671657 0.006535
vt 0.671657 0.007977
vt 0.621729 0.004272
vt 0.632696 0.004272
vt 0.632696 0.085879
vt 0.621729 0.085879
vt 0.643163 0.004272
vt 0.643163 0.085879
vt 0.652964 0.085879
vt 0.652964 0.004272
vt 0.662186 0.004272
vt 0.662186 0.085879
vt 0.671657 0.004272
vt 0.671657 0.085879
vt 0.477814 0.085879
vt 0.468592 0.085879
vt 0.468592 0.004272
vt 0.477814 0.004272
vt 0.487615 0.004272
vt 0.487615 0.085879
vt 0.498082 0.085879
vt 0.498082 0.004272
vt 0.509049 0.004272
vt 0.509049 0.085879
vt 0.520197 0.085879
vt 0.520197 0.004272
vt 0.531164 0.085879
vt 0.531164 0.004272
vt 0.541631 0.004272
vt 0.541631 0.085879
vt 0.551432 0.004272
vt 0.551432 0.085879
vt 0.560654 0.085879
vt 0.560654 0.004272
vt 0.570125 0.004272
vt 0.570125 0.085879
vt 0.579346 0.004272
vt 0.579346 0.085879
vt 0.589148 0.085879
vt 0.589148 0.004272
vt 0.599615 0.004272
vt 0.599615 0.085879
vt 0.610581 0.004272
vt 0.610581 0.085879
vt 0.908567 0.273783
vt 0.901193 0.273783
vt 0.901193 0.259001
vt 0.908567 0.259001
vt 0.940066 0.273783
vt 0.931527 0.273783
vt 0.931527 0.259001
vt 0.940066 0.259001
vt 0.973064 0.273783
vt 0.965433 0.273783
vt 0.965433 0.259001
vt 0.973064 0.259001
vt 0.836696 0.273783
vt 0.829516 0.273783
vt 0.829516 0.259001
vt 0.836696 0.259001
vt 0.869694 0.273783
vt 0.861015 0.273783
vt 0.861015 0.259001
vt 0.869694 0.259001
vt 0.980244 0.273783
vt 0.980244 0.259001
vt 0.844327 0.273783
vt 0.844327 0.259001
vt 0.923378 0.273783
vt 0.923378 0.259001
vt 0.878233 0.273783
vt 0.878233 0.259001
vt 0.957284 0.273783
vt 0.948745 0.273783
vt 0.948745 0.259001
vt 0.957284 0.259001
vt 0.886382 0.273783
vt 0.886382 0.259001
vt 0.915747 0.273783
vt 0.915747 0.259001
vt 0.894013 0.273783
vt 0.894013 0.259001
vt 0.987618 0.273783
vt 0.987618 0.259001
vt 0.852476 0.273783
vt 0.852476 0.259001
vt 0.908567 0.252097
vt 0.915747 0.252097
vt 0.886382 0.252097
vt 0.894013 0.252097
vt 0.923378 0.252097
vt 0.980244 0.252097
vt 0.987618 0.252097
vt 0.957284 0.252097
vt 0.965433 0.252097
vt 0.940066 0.252097
vt 0.948745 0.252097
vt 0.844327 0.252097
vt 0.852476 0.252097
vt 0.901193 0.252097
vt 0.861015 0.252097
vt 0.931527 0.252097
vt 0.973064 0.252097
vt 0.829516 0.252097
vt 0.836696 0.252097
vt 0.869694 0.252097
vt 0.878233 0.252097
vt 0.869694 0.224958
vt 0.861015 0.224958
vt 0.861015 0.215701
vt 0.869694 0.215701
vt 0.980244 0.224958
vt 0.973064 0.224958
vt 0.973064 0.215701
vt 0.980244 0.215701
vt 0.844327 0.224958
vt 0.836696 0.224958
vt 0.836696 0.215701
vt 0.844327 0.215701
vt 0.931527 0.224958
vt 0.923378 0.224958
vt 0.923378 0.215701
vt 0.931527 0.215701
vt 0.878233 0.224958
vt 0.878233 0.215701
vt 0.957284 0.224958
vt 0.948745 0.224958
vt 0.948745 0.215701
vt 0.957284 0.215701
vt 0.886382 0.224958
vt 0.886382 0.215701
vt 0.915747 0.224958
vt 0.908567 0.224958
vt 0.908567 0.215701
vt 0.915747 0.215701
vt 0.894013 0.224958
vt 0.894013 0.215701
vt 0.987618 0.224958
vt 0.987618 0.215701
vt 0.965433 0.224958
vt 0.965433 0.215701
vt 0.940066 0.224958
vt 0.940066 0.215701
vt 0.852476 0.224958
vt 0.852476 0.215701
vt 0.901193 0.224958
vt 0.901193 0.215701
vt 0.829516 0.224958
vt 0.829516 0.215701
vt 0.965433 0.170781
vt 0.957284 0.170781
vt 0.957284 0.155807
vt 0.965433 0.155807
vt 0.948745 0.170781
vt 0.940066 0.170781
vt 0.940066 0.155807
vt 0.948745 0.155807
vt 0.852476 0.170781
vt 0.844327 0.170781
vt 0.844327 0.155807
vt 0.852476 0.155807
vt 0.901193 0.170781
vt 0.894013 0.170781
vt 0.894013 0.155807
vt 0.901193 0.155807
vt 0.861015 0.170781
vt 0.861015 0.155807
vt 0.908567 0.170781
vt 0.908567 0.155807
vt 0.931527 0.170781
vt 0.931527 0.155807
vt 0.973064 0.170781
vt 0.973064 0.155807
vt 0.836696 0.170781
vt 0.829516 0.170781
vt 0.829516 0.155807
vt 0.836696 0.155807
vt 0.869694 0.170781
vt 0.869694 0.155807
vt 0.980244 0.170781
vt 0.980244 0.155807
vt 0.923378 0.170781
vt 0.923378 0.155807
vt 0.878233 0.170781
vt 0.878233 0.155807
vt 0.886382 0.170781
vt 0.886382 0.155807
vt 0.915747 0.170781
vt 0.915747 0.155807
vt 0.987618 0.170781
vt 0.987618 0.155807
vt 0.980244 0.200727
vt 0.987618 0.200727
vt 0.980244 0.185754
vt 0.987618 0.185754
vt 0.915747 0.200727
vt 0.923378 0.200727
vt 0.915747 0.185754
vt 0.923378 0.185754
vt 0.886382 0.200727
vt 0.894013 0.200727
vt 0.886382 0.185754
vt 0.894013 0.185754
vt 0.908567 0.200727
vt 0.908567 0.185754
vt 0.878233 0.200727
vt 0.878233 0.185754
vt 0.948745 0.200727
vt 0.957284 0.200727
vt 0.948745 0.185754
vt 0.957284 0.185754
vt 0.869694 0.200727
vt 0.869694 0.185754
vt 0.931527 0.200727
vt 0.931527 0.185754
vt 0.836696 0.200727
vt 0.844327 0.200727
vt 0.836696 0.185754
vt 0.844327 0.185754
vt 0.973064 0.200727
vt 0.973064 0.185754
vt 0.861015 0.200727
vt 0.861015 0.185754
vt 0.829516 0.200727
vt 0.829516 0.185754
vt 0.965433 0.200727
vt 0.965433 0.185754
vt 0.940066 0.200727
vt 0.940066 0.185754
vt 0.901193 0.200727
vt 0.901193 0.185754
vt 0.852476 0.200727
vt 0.852476 0.185754
vt 0.455656 0.084887
vt 0.450530 0.089255
vt 0.446596 0.083551
vt 0.449453 0.081133
vt 0.423791 0.087162
vt 0.421334 0.082754
vt 0.429170 0.079411
vt 0.430729 0.082037
vt 0.438273 0.092997
vt 0.432545 0.092455
vt 0.436041 0.085249
vt 0.439485 0.085648
vt 0.436014 0.059142
vt 0.442193 0.058117
vt 0.440980 0.065467
vt 0.437333 0.066024
vt 0.458896 0.079378
vt 0.451241 0.078069
vt 0.421570 0.071737
vt 0.424810 0.066228
vt 0.431013 0.069982
vt 0.429225 0.073046
vt 0.459979 0.073636
vt 0.451848 0.074801
vt 0.447921 0.058660
vt 0.452853 0.060650
vt 0.447369 0.067130
vt 0.444424 0.065866
vt 0.459132 0.068361
vt 0.451296 0.071703
vt 0.427612 0.090465
vt 0.433096 0.083984
vt 0.420486 0.077479
vt 0.428617 0.076314
vt 0.429935 0.061860
vt 0.433869 0.067563
vt 0.444451 0.091973
vt 0.443133 0.085091
vt 0.456674 0.063953
vt 0.449736 0.069077
vt 0.442887 0.076093
vt 0.443127 0.075274
vt 0.442182 0.073266
vt 0.441412 0.072979
vt 0.443080 0.074477
vt 0.440528 0.072945
vt 0.437709 0.077330
vt 0.438284 0.077848
vt 0.437579 0.075022
vt 0.437339 0.075841
vt 0.438773 0.073617
vt 0.438093 0.074272
vt 0.439937 0.078169
vt 0.440849 0.077952
vt 0.442756 0.073785
vt 0.441692 0.077497
vt 0.439616 0.073163
vt 0.437386 0.076638
vt 0.439054 0.078136
vt 0.442372 0.076843
vt 0.829516 0.243025
vt 0.836696 0.243025
vt 0.829516 0.234030
vt 0.836696 0.234030
vt 0.965433 0.243025
vt 0.973064 0.243025
vt 0.965433 0.234030
vt 0.973064 0.234030
vt 0.931527 0.243025
vt 0.940066 0.243025
vt 0.931527 0.234030
vt 0.940066 0.234030
vt 0.901193 0.243025
vt 0.908567 0.243025
vt 0.901193 0.234030
vt 0.908567 0.234030
vt 0.852476 0.243025
vt 0.861015 0.243025
vt 0.852476 0.234030
vt 0.861015 0.234030
vt 0.894013 0.243025
vt 0.894013 0.234030
vt 0.844327 0.243025
vt 0.844327 0.234030
vt 0.948745 0.243025
vt 0.948745 0.234030
vt 0.957284 0.243025
vt 0.957284 0.234030
vt 0.980244 0.243025
vt 0.987618 0.243025
vt 0.980244 0.234030
vt 0.987618 0.234030
vt 0.915747 0.243025
vt 0.923378 0.243025
vt 0.915747 0.234030
vt 0.923378 0.234030
vt 0.886382 0.243025
vt 0.886382 0.234030
vt 0.878233 0.243025
vt 0.878233 0.234030
vt 0.869694 0.243025
vt 0.869694 0.234030
vt 0.934099 0.004928
vt 0.941673 0.004928
vt 0.941673 0.006207
vt 0.934099 0.006207
vt 0.878780 0.004928
vt 0.885549 0.004928
vt 0.885549 0.006207
vt 0.878780 0.006207
vt 0.948902 0.004928
vt 0.948902 0.006207
vt 0.891918 0.004928
vt 0.891918 0.006207
vt 0.918826 0.004928
vt 0.926400 0.004928
vt 0.926400 0.006207
vt 0.918826 0.006207
vt 0.856278 0.004928
vt 0.863977 0.004928
vt 0.863977 0.006207
vt 0.856278 0.006207
vt 0.834706 0.004928
vt 0.841475 0.004928
vt 0.841475 0.006207
vt 0.834706 0.006207
vt 0.871551 0.004928
vt 0.871551 0.006207
vt 0.898459 0.004928
vt 0.904828 0.004928
vt 0.904828 0.006207
vt 0.898459 0.006207
vt 0.962040 0.004928
vt 0.968581 0.004928
vt 0.968581 0.006207
vt 0.962040 0.006207
vt 0.848704 0.004928
vt 0.848704 0.006207
vt 0.828337 0.004928
vt 0.828337 0.006207
vt 0.955671 0.004928
vt 0.955671 0.006207
vt 0.911597 0.004928
vt 0.911597 0.006207
vt 0.941673 0.003105
vt 0.948902 0.003105
vt 0.934099 0.003105
vt 0.955671 0.003105
vt 0.962040 0.003105
vt 0.968581 0.003105
vt 0.828337 0.003105
vt 0.834706 0.003105
vt 0.841475 0.003105
vt 0.848704 0.003105
vt 0.856278 0.003105
vt 0.863977 0.003105
vt 0.871551 0.003105
vt 0.878780 0.003105
vt 0.885549 0.003105
vt 0.891918 0.003105
vt 0.898459 0.003105
vt 0.904828 0.003105
vt 0.911597 0.003105
vt 0.918826 0.003105
vt 0.926400 0.003105
vt 0.962040 0.148361
vt 0.968581 0.148361
vt 0.968581 0.149859
vt 0.962040 0.149859
vt 0.848704 0.148361
vt 0.856278 0.148361
vt 0.856278 0.149859
vt 0.848704 0.149859
vt 0.898459 0.148361
vt 0.904828 0.148361
vt 0.904828 0.149859
vt 0.898459 0.149859
vt 0.926400 0.148361
vt 0.934099 0.148361
vt 0.934099 0.149859
vt 0.926400 0.149859
vt 0.863977 0.148361
vt 0.871551 0.148361
vt 0.871551 0.149859
vt 0.863977 0.149859
vt 0.911597 0.148361
vt 0.911597 0.149859
vt 0.834706 0.148361
vt 0.841475 0.148361
vt 0.841475 0.149859
vt 0.834706 0.149859
vt 0.918826 0.148361
vt 0.918826 0.149859
vt 0.955671 0.148361
vt 0.955671 0.149859
vt 0.891918 0.148361
vt 0.891918 0.149859
vt 0.885549 0.148361
vt 0.885549 0.149859
vt 0.828337 0.148361
vt 0.828337 0.149859
vt 0.941673 0.148361
vt 0.948902 0.148361
vt 0.948902 0.149859
vt 0.941673 0.149859
vt 0.878780 0.148361
vt 0.878780 0.149859
vt 0.934099 0.151637
vt 0.926400 0.151637
vt 0.941673 0.151637
vt 0.918826 0.151637
vt 0.911597 0.151637
vt 0.904828 0.151637
vt 0.898459 0.151637
vt 0.891918 0.151637
vt 0.885549 0.151637
vt 0.878780 0.151637
vt 0.871551 0.151637
vt 0.863977 0.151637
vt 0.856278 0.151637
vt 0.848704 0.151637
vt 0.841475 0.151637
vt 0.834706 0.151637
vt 0.828337 0.151637
vt 0.968581 0.151637
vt 0.962040 0.151637
vt 0.955671 0.151637
vt 0.948902 0.151637
vt 0.816903 0.425799
vt 0.823762 0.425799
vt 0.823762 0.459966
vt 0.816903 0.459966
vt 0.698054 0.425799
vt 0.705997 0.425799
vt 0.705997 0.459966
vt 0.698054 0.459966
vt 0.729593 0.425799
vt 0.736692 0.425799
vt 0.736692 0.459966
vt 0.729593 0.459966
vt 0.714071 0.425799
vt 0.722013 0.425799
vt 0.722013 0.459966
vt 0.714071 0.459966
vt 0.787603 0.425799
vt 0.795545 0.425799
vt 0.795545 0.459966
vt 0.787603 0.459966
vt 0.743370 0.425799
vt 0.750230 0.425799
vt 0.750230 0.459966
vt 0.743370 0.459966
vt 0.676697 0.425799
vt 0.683375 0.425799
vt 0.683375 0.459966
vt 0.676697 0.459966
vt 0.843698 0.294766
vt 0.852139 0.294766
vt 0.852139 0.299612
vt 0.843698 0.299612
vt 0.756908 0.425799
vt 0.764006 0.425799
vt 0.764006 0.459966
vt 0.756908 0.459966
vt 0.803126 0.425799
vt 0.803126 0.459966
vt 0.902598 0.294766
vt 0.910235 0.294766
vt 0.910235 0.299612
vt 0.902598 0.299612
vt 0.690474 0.425799
vt 0.690474 0.459966
vt 0.895161 0.294766
vt 0.895161 0.299612
vt 0.917672 0.294766
vt 0.925576 0.294766
vt 0.925576 0.299612
vt 0.917672 0.299612
vt 0.810224 0.425799
vt 0.810224 0.459966
vt 0.835794 0.294766
vt 0.835794 0.299612
vt 0.771587 0.425799
vt 0.779530 0.425799
vt 0.779530 0.459966
vt 0.771587 0.459966
vt 0.951850 0.294766
vt 0.960694 0.294766
vt 0.960694 0.299612
vt 0.951850 0.299612
vt 0.714071 0.200526
vt 0.722013 0.200526
vt 0.722013 0.250126
vt 0.714071 0.250126
vt 0.705997 0.256844
vt 0.714071 0.256844
vt 0.714071 0.306444
vt 0.705997 0.306444
vt 0.705997 0.200526
vt 0.705997 0.250126
vt 0.722013 0.256844
vt 0.722013 0.306444
vt 0.705997 0.313163
vt 0.714071 0.313163
vt 0.714071 0.362763
vt 0.705997 0.362763
vt 0.722013 0.313163
vt 0.722013 0.362763
vt 0.714071 0.369481
vt 0.722013 0.369481
vt 0.722013 0.419081
vt 0.714071 0.419081
vt 0.705997 0.369481
vt 0.705997 0.419081
vt 0.690474 0.369481
vt 0.698054 0.369481
vt 0.698054 0.419081
vt 0.690474 0.419081
vt 0.698054 0.313163
vt 0.698054 0.362763
vt 0.690474 0.313163
vt 0.690474 0.362763
vt 0.698054 0.256844
vt 0.698054 0.306444
vt 0.690474 0.256844
vt 0.690474 0.306444
vt 0.690474 0.200526
vt 0.698054 0.200526
vt 0.698054 0.250126
vt 0.690474 0.250126
vt 0.698054 0.144208
vt 0.705997 0.144208
vt 0.705997 0.193808
vt 0.698054 0.193808
vt 0.690474 0.144208
vt 0.690474 0.193808
vt 0.698054 0.087890
vt 0.705997 0.087890
vt 0.705997 0.137490
vt 0.698054 0.137490
vt 0.690474 0.087890
vt 0.690474 0.137490
vt 0.690474 0.031571
vt 0.698054 0.031571
vt 0.698054 0.081172
vt 0.690474 0.081172
vt 0.705997 0.031571
vt 0.705997 0.081172
vt 0.683375 0.031571
vt 0.683375 0.081172
vt 0.683375 0.087890
vt 0.683375 0.137490
vt 0.683375 0.144208
vt 0.683375 0.193808
vt 0.683375 0.200526
vt 0.683375 0.250126
vt 0.683375 0.256844
vt 0.683375 0.306444
vt 0.683375 0.313163
vt 0.683375 0.362763
vt 0.683375 0.369481
vt 0.683375 0.419081
vt 0.714071 0.144208
vt 0.722013 0.144208
vt 0.722013 0.193808
vt 0.714071 0.193808
vt 0.714071 0.087890
vt 0.722013 0.087890
vt 0.722013 0.137490
vt 0.714071 0.137490
vt 0.714071 0.031571
vt 0.722013 0.031571
vt 0.722013 0.081172
vt 0.714071 0.081172
vt 0.729593 0.031571
vt 0.729593 0.081172
vt 0.729593 0.087890
vt 0.729593 0.137490
vt 0.729593 0.144208
vt 0.729593 0.193808
vt 0.729593 0.200526
vt 0.729593 0.250126
vt 0.729593 0.256844
vt 0.729593 0.306444
vt 0.729593 0.313163
vt 0.729593 0.362763
vt 0.729593 0.369481
vt 0.729593 0.419081
vt 0.676697 0.369481
vt 0.676697 0.419081
vt 0.816903 0.369481
vt 0.823762 0.369481
vt 0.823762 0.419081
vt 0.816903 0.419081
vt 0.676697 0.313163
vt 0.676697 0.362763
vt 0.816903 0.313163
vt 0.823762 0.313163
vt 0.823762 0.362763
vt 0.816903 0.362763
vt 0.676697 0.256844
vt 0.676697 0.306444
vt 0.816903 0.256844
vt 0.823762 0.256844
vt 0.823762 0.306444
vt 0.816903 0.306444
vt 0.676697 0.200526
vt 0.676697 0.250126
vt 0.816903 0.200526
vt 0.823762 0.200526
vt 0.823762 0.250126
vt 0.816903 0.250126
vt 0.676697 0.144208
vt 0.676697 0.193808
vt 0.816903 0.144208
vt 0.823762 0.144208
vt 0.823762 0.193808
vt 0.816903 0.193808
vt 0.676697 0.087890
vt 0.676697 0.137490
vt 0.816903 0.087890
vt 0.823762 0.087890
vt 0.823762 0.137490
vt 0.816903 0.137490
vt 0.676697 0.031571
vt 0.676697 0.081172
vt 0.816903 0.031571
vt 0.823762 0.031571
vt 0.823762 0.081172
vt 0.816903 0.081172
vt 0.736692 0.369481
vt 0.743370 0.369481
vt 0.743370 0.419081
vt 0.736692 0.419081
vt 0.736692 0.313163
vt 0.743370 0.313163
vt 0.743370 0.362763
vt 0.736692 0.362763
vt 0.736692 0.256844
vt 0.743370 0.256844
vt 0.743370 0.306444
vt 0.736692 0.306444
vt 0.736692 0.200526
vt 0.743370 0.200526
vt 0.743370 0.250126
vt 0.736692 0.250126
vt 0.736692 0.144208
vt 0.743370 0.144208
vt 0.743370 0.193808
vt 0.736692 0.193808
vt 0.736692 0.087890
vt 0.743370 0.087890
vt 0.743370 0.137490
vt 0.736692 0.137490
vt 0.736692 0.031571
vt 0.743370 0.031571
vt 0.743370 0.081172
vt 0.736692 0.081172
vt 0.984475 0.294766
vt 0.992113 0.294766
vt 0.992113 0.299612
vt 0.984475 0.299612
vt 0.887257 0.294766
vt 0.887257 0.299612
vt 0.750230 0.031571
vt 0.750230 0.081172
vt 0.750230 0.087890
vt 0.750230 0.137490
vt 0.750230 0.144208
vt 0.750230 0.193808
vt 0.750230 0.200526
vt 0.750230 0.250126
vt 0.750230 0.256844
vt 0.750230 0.306444
vt 0.750230 0.313163
vt 0.750230 0.362763
vt 0.750230 0.369481
vt 0.750230 0.419081
vt 0.771587 0.369481
vt 0.779530 0.369481
vt 0.779530 0.419081
vt 0.771587 0.419081
vt 0.764006 0.369481
vt 0.764006 0.419081
vt 0.771587 0.313163
vt 0.779530 0.313163
vt 0.779530 0.362763
vt 0.771587 0.362763
vt 0.764006 0.313163
vt 0.764006 0.362763
vt 0.771587 0.256844
vt 0.779530 0.256844
vt 0.779530 0.306444
vt 0.771587 0.306444
vt 0.764006 0.256844
vt 0.764006 0.306444
vt 0.771587 0.200526
vt 0.779530 0.200526
vt 0.779530 0.250126
vt 0.771587 0.250126
vt 0.764006 0.200526
vt 0.764006 0.250126
vt 0.771587 0.144208
vt 0.779530 0.144208
vt 0.779530 0.193808
vt 0.771587 0.193808
vt 0.764006 0.144208
vt 0.764006 0.193808
vt 0.771587 0.087890
vt 0.779530 0.087890
vt 0.779530 0.137490
vt 0.771587 0.137490
vt 0.764006 0.087890
vt 0.764006 0.137490
vt 0.771587 0.031571
vt 0.779530 0.031571
vt 0.779530 0.081172
vt 0.771587 0.081172
vt 0.764006 0.031571
vt 0.764006 0.081172
vt 0.787603 0.031571
vt 0.787603 0.081172
vt 0.787603 0.087890
vt 0.787603 0.137490
vt 0.787603 0.144208
vt 0.787603 0.193808
vt 0.787603 0.200526
vt 0.787603 0.250126
vt 0.787603 0.256844
vt 0.787603 0.306444
vt 0.787603 0.313163
vt 0.787603 0.362763
vt 0.787603 0.369481
vt 0.787603 0.419081
vt 0.795545 0.031571
vt 0.795545 0.081172
vt 0.795545 0.087890
vt 0.795545 0.137490
vt 0.795545 0.144208
vt 0.795545 0.193808
vt 0.795545 0.200526
vt 0.795545 0.250126
vt 0.795545 0.256844
vt 0.795545 0.306444
vt 0.795545 0.313163
vt 0.795545 0.362763
vt 0.795545 0.369481
vt 0.795545 0.419081
vt 0.803126 0.369481
vt 0.803126 0.419081
vt 0.803126 0.313163
vt 0.803126 0.362763
vt 0.803126 0.256844
vt 0.803126 0.306444
vt 0.803126 0.200526
vt 0.803126 0.250126
vt 0.803126 0.144208
vt 0.803126 0.193808
vt 0.803126 0.087890
vt 0.803126 0.137490
vt 0.803126 0.031571
vt 0.803126 0.081172
vt 0.810224 0.031571
vt 0.810224 0.081172
vt 0.810224 0.087890
vt 0.810224 0.137490
vt 0.810224 0.144208
vt 0.810224 0.193808
vt 0.810224 0.200526
vt 0.810224 0.250126
vt 0.810224 0.256844
vt 0.810224 0.306444
vt 0.810224 0.313163
vt 0.810224 0.362763
vt 0.810224 0.369481
vt 0.810224 0.419081
vt 0.756908 0.031571
vt 0.756908 0.081172
vt 0.756908 0.087890
vt 0.756908 0.137490
vt 0.756908 0.144208
vt 0.756908 0.193808
vt 0.756908 0.200526
vt 0.756908 0.250126
vt 0.756908 0.256844
vt 0.756908 0.306444
vt 0.756908 0.313163
vt 0.756908 0.362763
vt 0.756908 0.369481
vt 0.756908 0.419081
vt 0.969135 0.294766
vt 0.969135 0.299612
vt 0.810224 0.027049
vt 0.816903 0.027049
vt 0.816903 0.029376
vt 0.810224 0.029376
vt 0.810224 0.083367
vt 0.816903 0.083367
vt 0.816903 0.085694
vt 0.810224 0.085694
vt 0.810224 0.139685
vt 0.816903 0.139685
vt 0.816903 0.142012
vt 0.810224 0.142012
vt 0.810224 0.196004
vt 0.816903 0.196004
vt 0.816903 0.198331
vt 0.810224 0.198331
vt 0.810224 0.252322
vt 0.816903 0.252322
vt 0.816903 0.254649
vt 0.810224 0.254649
vt 0.810224 0.308640
vt 0.816903 0.308640
vt 0.816903 0.310967
vt 0.810224 0.310967
vt 0.810224 0.364958
vt 0.816903 0.364958
vt 0.816903 0.367285
vt 0.810224 0.367285
vt 0.810224 0.421276
vt 0.816903 0.421276
vt 0.816903 0.423603
vt 0.810224 0.423603
vt 0.823762 0.027049
vt 0.823762 0.029376
vt 0.823762 0.083367
vt 0.823762 0.085694
vt 0.823762 0.139685
vt 0.823762 0.142012
vt 0.823762 0.196004
vt 0.823762 0.198331
vt 0.823762 0.252322
vt 0.823762 0.254649
vt 0.823762 0.308640
vt 0.823762 0.310967
vt 0.823762 0.364958
vt 0.823762 0.367285
vt 0.823762 0.421276
vt 0.823762 0.423603
vt 0.756908 0.027049
vt 0.764006 0.027049
vt 0.764006 0.029376
vt 0.756908 0.029376
vt 0.756908 0.083367
vt 0.764006 0.083367
vt 0.764006 0.085694
vt 0.756908 0.085694
vt 0.756908 0.139685
vt 0.764006 0.139685
vt 0.764006 0.142012
vt 0.756908 0.142012
vt 0.756908 0.196004
vt 0.764006 0.196004
vt 0.764006 0.198331
vt 0.756908 0.198331
vt 0.756908 0.252322
vt 0.764006 0.252322
vt 0.764006 0.254649
vt 0.756908 0.254649
vt 0.756908 0.308640
vt 0.764006 0.308640
vt 0.764006 0.310967
vt 0.756908 0.310967
vt 0.756908 0.364958
vt 0.764006 0.364958
vt 0.764006 0.367285
vt 0.756908 0.367285
vt 0.756908 0.421276
vt 0.764006 0.421276
vt 0.764006 0.423603
vt 0.756908 0.423603
vt 0.787603 0.027049
vt 0.795545 0.027049
vt 0.795545 0.029376
vt 0.787603 0.029376
vt 0.787603 0.083367
vt 0.795545 0.083367
vt 0.795545 0.085694
vt 0.787603 0.085694
vt 0.787603 0.139685
vt 0.795545 0.139685
vt 0.795545 0.142012
vt 0.787603 0.142012
vt 0.787603 0.196004
vt 0.795545 0.196004
vt 0.795545 0.198331
vt 0.787603 0.198331
vt 0.787603 0.252322
vt 0.795545 0.252322
vt 0.795545 0.254649
vt 0.787603 0.254649
vt 0.787603 0.308640
vt 0.795545 0.308640
vt 0.795545 0.310967
vt 0.787603 0.310967
vt 0.787603 0.364958
vt 0.795545 0.364958
vt 0.795545 0.367285
vt 0.787603 0.367285
vt 0.787603 0.421276
vt 0.795545 0.421276
vt 0.795545 0.423603
vt 0.787603 0.423603
vt 0.698054 0.027049
vt 0.705997 0.027049
vt 0.705997 0.029376
vt 0.698054 0.029376
vt 0.698054 0.083367
vt 0.705997 0.083367
vt 0.705997 0.085694
vt 0.698054 0.085694
vt 0.698054 0.139685
vt 0.705997 0.139685
vt 0.705997 0.142012
vt 0.698054 0.142012
vt 0.698054 0.196004
vt 0.705997 0.196004
vt 0.705997 0.198331
vt 0.698054 0.198331
vt 0.698054 0.252322
vt 0.705997 0.252322
vt 0.705997 0.254649
vt 0.698054 0.254649
vt 0.698054 0.308640
vt 0.705997 0.308640
vt 0.705997 0.310967
vt 0.698054 0.310967
vt 0.698054 0.364958
vt 0.705997 0.364958
vt 0.705997 0.367285
vt 0.698054 0.367285
vt 0.698054 0.421276
vt 0.705997 0.421276
vt 0.705997 0.423603
vt 0.698054 0.423603
vt 0.750230 0.027049
vt 0.750230 0.029376
vt 0.750230 0.083367
vt 0.750230 0.085694
vt 0.750230 0.139685
vt 0.750230 0.142012
vt 0.750230 0.196004
vt 0.750230 0.198331
vt 0.750230 0.252322
vt 0.750230 0.254649
vt 0.750230 0.308640
vt 0.750230 0.310967
vt 0.750230 0.364958
vt 0.750230 0.367285
vt 0.750230 0.421276
vt 0.750230 0.423603
vt 0.771587 0.027049
vt 0.771587 0.029376
vt 0.771587 0.083367
vt 0.771587 0.085694
vt 0.771587 0.139685
vt 0.771587 0.142012
vt 0.771587 0.196004
vt 0.771587 0.198331
vt 0.771587 0.252322
vt 0.771587 0.254649
vt 0.771587 0.308640
vt 0.771587 0.310967
vt 0.771587 0.364958
vt 0.771587 0.367285
vt 0.771587 0.421276
vt 0.771587 0.423603
vt 0.729593 0.027049
vt 0.736692 0.027049
vt 0.736692 0.029376
vt 0.729593 0.029376
vt 0.729593 0.083367
vt 0.736692 0.083367
vt 0.736692 0.085694
vt 0.729593 0.085694
vt 0.729593 0.139685
vt 0.736692 0.139685
vt 0.736692 0.142012
vt 0.729593 0.142012
vt 0.729593 0.196004
vt 0.736692 0.196004
vt 0.736692 0.198331
vt 0.729593 0.198331
vt 0.729593 0.252322
vt 0.736692 0.252322
vt 0.736692 0.254649
vt 0.729593 0.254649
vt 0.729593 0.308640
vt 0.736692 0.308640
vt 0.736692 0.310967
vt 0.729593 0.310967
vt 0.729593 0.364958
vt 0.736692 0.364958
vt 0.736692 0.367285
vt 0.729593 0.367285
vt 0.729593 0.421276
vt 0.736692 0.421276
vt 0.736692 0.423603
vt 0.729593 0.423603
vt 0.683375 0.027049
vt 0.690474 0.027049
vt 0.690474 0.029376
vt 0.683375 0.029376
vt 0.683375 0.083367
vt 0.690474 0.083367
vt 0.690474 0.085694
vt 0.683375 0.085694
vt 0.683375 0.139685
vt 0.690474 0.139685
vt 0.690474 0.142012
vt 0.683375 0.142012
vt 0.683375 0.196004
vt 0.690474 0.196004
vt 0.690474 0.198331
vt 0.683375 0.198331
vt 0.683375 0.252322
vt 0.690474 0.252322
vt 0.690474 0.254649
vt 0.683375 0.254649
vt 0.683375 0.308640
vt 0.690474 0.308640
vt 0.690474 0.310967
vt 0.683375 0.310967
vt 0.683375 0.364958
vt 0.690474 0.364958
vt 0.690474 0.367285
vt 0.683375 0.367285
vt 0.683375 0.421276
vt 0.690474 0.421276
vt 0.690474 0.423603
vt 0.683375 0.423603
vt 0.722013 0.027049
vt 0.722013 0.029376
vt 0.722013 0.083367
vt 0.722013 0.085694
vt 0.722013 0.139685
vt 0.722013 0.142012
vt 0.722013 0.196004
vt 0.722013 0.198331
vt 0.722013 0.252322
vt 0.722013 0.254649
vt 0.722013 0.308640
vt 0.722013 0.310967
vt 0.722013 0.364958
vt 0.722013 0.367285
vt 0.722013 0.421276
vt 0.722013 0.423603
vt 0.714071 0.027049
vt 0.714071 0.029376
vt 0.714071 0.083367
vt 0.714071 0.085694
vt 0.714071 0.139685
vt 0.714071 0.142012
vt 0.714071 0.196004
vt 0.714071 0.198331
vt 0.714071 0.252322
vt 0.714071 0.254649
vt 0.714071 0.308640
vt 0.714071 0.310967
vt 0.714071 0.364958
vt 0.714071 0.367285
vt 0.714071 0.421276
vt 0.714071 0.423603
vt 0.803126 0.027049
vt 0.803126 0.029376
vt 0.803126 0.083367
vt 0.803126 0.085694
vt 0.803126 0.139685
vt 0.803126 0.142012
vt 0.803126 0.196004
vt 0.803126 0.198331
vt 0.803126 0.252322
vt 0.803126 0.254649
vt 0.803126 0.308640
vt 0.803126 0.310967
vt 0.803126 0.364958
vt 0.803126 0.367285
vt 0.803126 0.421276
vt 0.803126 0.423603
vt 0.743370 0.027049
vt 0.743370 0.029376
vt 0.743370 0.083367
vt 0.743370 0.085694
vt 0.743370 0.139685
vt 0.743370 0.142012
vt 0.743370 0.196004
vt 0.743370 0.198331
vt 0.743370 0.252322
vt 0.743370 0.254649
vt 0.743370 0.308640
vt 0.743370 0.310967
vt 0.743370 0.364958
vt 0.743370 0.367285
vt 0.743370 0.421276
vt 0.743370 0.423603
vt 0.779530 0.027049
vt 0.779530 0.029376
vt 0.779530 0.083367
vt 0.779530 0.085694
vt 0.779530 0.139685
vt 0.779530 0.142012
vt 0.779530 0.196004
vt 0.779530 0.198331
vt 0.779530 0.252322
vt 0.779530 0.254649
vt 0.779530 0.308640
vt 0.779530 0.310967
vt 0.779530 0.364958
vt 0.779530 0.367285
vt 0.779530 0.421276
vt 0.779530 0.423603
vt 0.676697 0.027049
vt 0.676697 0.029376
vt 0.676697 0.083367
vt 0.676697 0.085694
vt 0.676697 0.139685
vt 0.676697 0.142012
vt 0.676697 0.196004
vt 0.676697 0.198331
vt 0.676697 0.252322
vt 0.676697 0.254649
vt 0.676697 0.308640
vt 0.676697 0.310967
vt 0.676697 0.364958
vt 0.676697 0.367285
vt 0.676697 0.421276
vt 0.676697 0.423603
vt 0.698054 0.024853
vt 0.705997 0.024853
vt 0.690474 0.024853
vt 0.683375 0.024853
vt 0.714071 0.024853
vt 0.722013 0.024853
vt 0.729593 0.024853
vt 0.816903 0.024853
vt 0.823762 0.024853
vt 0.676697 0.024853
vt 0.736692 0.024853
vt 0.743370 0.024853
vt 0.750230 0.024853
vt 0.764006 0.024853
vt 0.771587 0.024853
vt 0.779530 0.024853
vt 0.787603 0.024853
vt 0.795545 0.024853
vt 0.803126 0.024853
vt 0.810224 0.024853
vt 0.756908 0.024853
vt 0.487615 0.102132
vt 0.498082 0.102132
vt 0.560654 0.102132
vt 0.570125 0.102132
vt 0.477814 0.102132
vt 0.551432 0.102132
vt 0.468592 0.102132
vt 0.541631 0.102132
vt 0.610581 0.102132
vt 0.621729 0.102132
vt 0.662186 0.102132
vt 0.671657 0.102132
vt 0.531164 0.102132
vt 0.599615 0.102132
vt 0.652964 0.102132
vt 0.520197 0.102132
vt 0.589148 0.102132
vt 0.643163 0.102132
vt 0.509049 0.102132
vt 0.579346 0.102132
vt 0.632696 0.102132
vt 0.610581 0.087234
vt 0.621729 0.087234
vt 0.621729 0.088937
vt 0.610581 0.088937
vt 0.599615 0.087234
vt 0.599615 0.088937
vt 0.589148 0.087234
vt 0.589148 0.088937
vt 0.579346 0.087234
vt 0.579346 0.088937
vt 0.570125 0.087234
vt 0.570125 0.088937
vt 0.560654 0.087234
vt 0.560654 0.088937
vt 0.551432 0.087234
vt 0.551432 0.088937
vt 0.541631 0.087234
vt 0.541631 0.088937
vt 0.531164 0.087234
vt 0.531164 0.088937
vt 0.520197 0.087234
vt 0.520197 0.088937
vt 0.509049 0.087234
vt 0.509049 0.088937
vt 0.498082 0.087234
vt 0.498082 0.088937
vt 0.487615 0.087234
vt 0.487615 0.088937
vt 0.477814 0.087234
vt 0.477814 0.088937
vt 0.468592 0.087234
vt 0.468592 0.088937
vt 0.662186 0.087234
vt 0.671657 0.087234
vt 0.671657 0.088937
vt 0.662186 0.088937
vt 0.652964 0.087234
vt 0.652964 0.088937
vt 0.643163 0.087234
vt 0.643163 0.088937
vt 0.632696 0.087234
vt 0.632696 0.088937
vt 0.878816 0.294766
vt 0.878816 0.299612
vt 0.828358 0.294766
vt 0.828358 0.299612
vt 0.860983 0.294766
vt 0.860983 0.299612
vt 0.869972 0.294766
vt 0.869972 0.299612
vt 0.942860 0.294766
vt 0.942860 0.299612
vt 0.977039 0.294766
vt 0.977039 0.299612
vt 0.934017 0.294766
vt 0.934017 0.299612
vt 0.750230 0.006948
vt 0.756908 0.006948
vt 0.910235 0.278639
vt 0.917672 0.278639
vt 0.764006 0.006948
vt 0.925576 0.278639
vt 0.690474 0.006948
vt 0.698054 0.006948
vt 0.835794 0.278639
vt 0.843698 0.278639
vt 0.852139 0.278639
vt 0.683375 0.006948
vt 0.705997 0.006948
vt 0.860983 0.278639
vt 0.795545 0.006948
vt 0.803126 0.006948
vt 0.960694 0.278639
vt 0.969135 0.278639
vt 0.810224 0.006948
vt 0.977039 0.278639
vt 0.714071 0.006948
vt 0.722013 0.006948
vt 0.869972 0.278639
vt 0.878816 0.278639
vt 0.816903 0.006948
vt 0.984475 0.278639
vt 0.779530 0.006948
vt 0.787603 0.006948
vt 0.942860 0.278639
vt 0.951850 0.278639
vt 0.771587 0.006948
vt 0.934017 0.278639
vt 0.729593 0.006948
vt 0.887257 0.278639
vt 0.736692 0.006948
vt 0.743370 0.006948
vt 0.895161 0.278639
vt 0.902598 0.278639
vt 0.676697 0.006948
vt 0.828358 0.278639
vt 0.992113 0.278639
vt 0.823762 0.006948
vt 0.942860 0.307077
vt 0.934017 0.307077
vt 0.942860 0.328075
vt 0.934017 0.328075
vt 0.942860 0.352119
vt 0.934017 0.352119
vt 0.942860 0.370294
vt 0.934017 0.370294
vt 0.992113 0.307077
vt 0.984475 0.307077
vt 0.992113 0.328075
vt 0.984475 0.328075
vt 0.992113 0.352119
vt 0.984475 0.352119
vt 0.992113 0.370294
vt 0.984475 0.370294
vt 0.902598 0.307077
vt 0.895161 0.307077
vt 0.902598 0.328075
vt 0.895161 0.328075
vt 0.902598 0.352119
vt 0.895161 0.352119
vt 0.902598 0.370294
vt 0.895161 0.370294
vt 0.969135 0.307077
vt 0.960694 0.307077
vt 0.969135 0.328075
vt 0.960694 0.328075
vt 0.969135 0.352119
vt 0.960694 0.352119
vt 0.969135 0.370294
vt 0.960694 0.370294
vt 0.977039 0.307077
vt 0.977039 0.328075
vt 0.977039 0.352119
vt 0.977039 0.370294
vt 0.925576 0.307077
vt 0.917672 0.307077
vt 0.925576 0.328075
vt 0.917672 0.328075
vt 0.925576 0.352119
vt 0.917672 0.352119
vt 0.925576 0.370294
vt 0.917672 0.370294
vt 0.835794 0.307077
vt 0.828358 0.307077
vt 0.835794 0.328075
vt 0.828358 0.328075
vt 0.835794 0.352119
vt 0.828358 0.352119
vt 0.835794 0.370294
vt 0.828358 0.370294
vt 0.887257 0.307077
vt 0.887257 0.328075
vt 0.887257 0.352119
vt 0.887257 0.370294
vt 0.951850 0.307077
vt 0.951850 0.328075
vt 0.951850 0.352119
vt 0.951850 0.370294
vt 0.860983 0.307077
vt 0.852139 0.307077
vt 0.860983 0.328075
vt 0.852139 0.328075
vt 0.860983 0.352119
vt 0.852139 0.352119
vt 0.860983 0.370294
vt 0.852139 0.370294
vt 0.878816 0.307077
vt 0.878816 0.328075
vt 0.878816 0.352119
vt 0.878816 0.370294
vt 0.843698 0.307077
vt 0.843698 0.328075
vt 0.843698 0.352119
vt 0.843698 0.370294
vt 0.869972 0.307077
vt 0.869972 0.328075
vt 0.869972 0.352119
vt 0.869972 0.370294
vt 0.910235 0.307077
vt 0.910235 0.328075
vt 0.910235 0.352119
vt 0.910235 0.370294
vt 0.902598 0.385711
vt 0.895161 0.385711
vt 0.895161 0.382454
vt 0.902598 0.382454
vt 0.917672 0.385711
vt 0.910235 0.385711
vt 0.910235 0.382454
vt 0.917672 0.382454
vt 0.969135 0.385711
vt 0.960694 0.385711
vt 0.960694 0.382454
vt 0.969135 0.382454
vt 0.925576 0.385711
vt 0.925576 0.382454
vt 0.984475 0.385711
vt 0.977039 0.385711
vt 0.977039 0.382454
vt 0.984475 0.382454
vt 0.843698 0.385711
vt 0.835794 0.385711
vt 0.835794 0.382454
vt 0.843698 0.382454
vt 0.992113 0.385711
vt 0.992113 0.382454
vt 0.860983 0.385711
vt 0.852139 0.385711
vt 0.852139 0.382454
vt 0.860983 0.382454
vt 0.887257 0.385711
vt 0.887257 0.382454
vt 0.869972 0.385711
vt 0.869972 0.382454
vt 0.951850 0.385711
vt 0.942860 0.385711
vt 0.942860 0.382454
vt 0.951850 0.382454
vt 0.934017 0.385711
vt 0.934017 0.382454
vt 0.878816 0.385711
vt 0.878816 0.382454
vt 0.828358 0.385711
vt 0.828358 0.382454
vt 0.951850 0.388017
vt 0.942860 0.388017
vt 0.934017 0.388017
vt 0.925576 0.388017
vt 0.902598 0.388017
vt 0.895161 0.388017
vt 0.910235 0.388017
vt 0.887257 0.388017
vt 0.843698 0.388017
vt 0.835794 0.388017
vt 0.828358 0.388017
vt 0.992113 0.388017
vt 0.984475 0.388017
vt 0.878816 0.388017
vt 0.869972 0.388017
vt 0.860983 0.388017
vt 0.852139 0.388017
vt 0.960694 0.388017
vt 0.969135 0.388017
vt 0.977039 0.388017
vt 0.917672 0.388017
vt 0.878780 0.065513
vt 0.885549 0.065513
vt 0.885549 0.071693
vt 0.878780 0.071693
vt 0.871551 0.065513
vt 0.871551 0.071693
vt 0.863977 0.065513
vt 0.863977 0.071693
vt 0.856278 0.065513
vt 0.856278 0.071693
vt 0.848704 0.065513
vt 0.848704 0.071693
vt 0.841475 0.065513
vt 0.841475 0.071693
vt 0.834706 0.065513
vt 0.834706 0.071693
vt 0.828337 0.065513
vt 0.828337 0.071693
vt 0.962040 0.065513
vt 0.968581 0.065513
vt 0.968581 0.071693
vt 0.962040 0.071693
vt 0.955671 0.065513
vt 0.955671 0.071693
vt 0.948902 0.065513
vt 0.948902 0.071693
vt 0.941673 0.065513
vt 0.941673 0.071693
vt 0.841475 0.063381
vt 0.848704 0.063381
vt 0.904828 0.111744
vt 0.898459 0.111744
vt 0.898459 0.109613
vt 0.904828 0.109613
vt 0.834706 0.101300
vt 0.841475 0.101300
vt 0.841475 0.103432
vt 0.834706 0.103432
vt 0.955671 0.073825
vt 0.948902 0.073825
vt 0.871551 0.063381
vt 0.878780 0.063381
vt 0.863977 0.101300
vt 0.871551 0.101300
vt 0.871551 0.103432
vt 0.863977 0.103432
vt 0.948902 0.063381
vt 0.955671 0.063381
vt 0.871551 0.111744
vt 0.863977 0.111744
vt 0.863977 0.109613
vt 0.871551 0.109613
vt 0.941673 0.073825
vt 0.934099 0.073825
vt 0.934099 0.071693
vt 0.891918 0.101300
vt 0.898459 0.101300
vt 0.898459 0.103432
vt 0.891918 0.103432
vt 0.926400 0.065513
vt 0.934099 0.065513
vt 0.926400 0.071693
vt 0.926400 0.109613
vt 0.918826 0.109613
vt 0.918826 0.103432
vt 0.926400 0.103432
vt 0.918826 0.065513
vt 0.918826 0.071693
vt 0.911597 0.109613
vt 0.911597 0.103432
vt 0.911597 0.065513
vt 0.911597 0.071693
vt 0.904828 0.103432
vt 0.904828 0.065513
vt 0.904828 0.071693
vt 0.898459 0.065513
vt 0.898459 0.071693
vt 0.891918 0.109613
vt 0.891918 0.065513
vt 0.891918 0.071693
vt 0.885549 0.109613
vt 0.885549 0.103432
vt 0.878780 0.109613
vt 0.878780 0.103432
vt 0.856278 0.109613
vt 0.856278 0.103432
vt 0.848704 0.109613
vt 0.848704 0.103432
vt 0.841475 0.109613
vt 0.834706 0.109613
vt 0.828337 0.109613
vt 0.828337 0.103432
vt 0.968581 0.109613
vt 0.962040 0.109613
vt 0.962040 0.103432
vt 0.968581 0.103432
vt 0.955671 0.109613
vt 0.955671 0.103432
vt 0.948902 0.109613
vt 0.948902 0.103432
vt 0.941673 0.109613
vt 0.941673 0.103432
vt 0.955671 0.111744
vt 0.948902 0.111744
vt 0.878780 0.073825
vt 0.871551 0.073825
vt 0.926400 0.063381
vt 0.934099 0.063381
vt 0.934099 0.101300
vt 0.941673 0.101300
vt 0.934099 0.103432
vt 0.841475 0.111744
vt 0.834706 0.111744
vt 0.904828 0.073825
vt 0.898459 0.073825
vt 0.941673 0.111744
vt 0.934099 0.111744
vt 0.934099 0.109613
vt 0.841475 0.073825
vt 0.834706 0.073825
vt 0.898459 0.063381
vt 0.904828 0.063381
vt 0.948902 0.101300
vt 0.941673 0.063381
vt 0.834706 0.063381
vt 0.863977 0.073825
vt 0.891918 0.111744
vt 0.828337 0.101300
vt 0.918826 0.101300
vt 0.926400 0.101300
vt 0.828337 0.111744
vt 0.863977 0.063381
vt 0.891918 0.073825
vt 0.926400 0.111744
vt 0.918826 0.111744
vt 0.856278 0.101300
vt 0.828337 0.073825
vt 0.856278 0.111744
vt 0.891918 0.063381
vt 0.926400 0.073825
vt 0.918826 0.073825
vt 0.885549 0.101300
vt 0.828337 0.063381
vt 0.856278 0.073825
vt 0.885549 0.111744
vt 0.918826 0.063381
vt 0.962040 0.101300
vt 0.968581 0.101300
vt 0.911597 0.101300
vt 0.968581 0.111744
vt 0.962040 0.111744
vt 0.856278 0.063381
vt 0.885549 0.073825
vt 0.911597 0.111744
vt 0.848704 0.101300
vt 0.968581 0.073825
vt 0.962040 0.073825
vt 0.848704 0.111744
vt 0.885549 0.063381
vt 0.911597 0.073825
vt 0.878780 0.101300
vt 0.962040 0.063381
vt 0.968581 0.063381
vt 0.848704 0.073825
vt 0.878780 0.111744
vt 0.911597 0.063381
vt 0.955671 0.101300
vt 0.904828 0.101300
vt 0.604698 0.763904
vt 0.620287 0.766053
vt 0.618213 0.781106
vt 0.609638 0.779925
vt 0.573166 0.940241
vt 0.596733 0.769223
vt 0.588313 0.934669
vt 0.596888 0.935851
vt 0.553726 0.948418
vt 0.580473 0.754336
vt 0.612309 0.743213
vt 0.623227 0.744718
vt 0.635876 0.768201
vt 0.626788 0.782288
vt 0.618538 0.946494
vt 0.605463 0.937033
vt 0.642106 0.775476
vt 0.635041 0.959624
vt 0.661787 0.765542
vt 0.634145 0.746223
vt 0.294526 0.122700
vt 0.295549 0.029913
vt 0.311496 0.021326
vt 0.309172 0.122602
vt 0.317909 0.112554
vt 0.317895 0.018618
vt 0.328057 0.017861
vt 0.328072 0.112553
vt 0.293050 0.123071
vt 0.273074 0.122624
vt 0.273876 0.022982
vt 0.293007 0.031782
vt 0.264140 0.112561
vt 0.253978 0.112553
vt 0.254055 0.017861
vt 0.264218 0.018625
vt 0.236135 0.010836
vt 0.224101 0.024372
vt 0.218832 0.020796
vt 0.232443 0.004727
vt 0.358396 0.024385
vt 0.351540 0.011442
vt 0.351514 0.004717
vt 0.363372 0.020799
vt 0.253274 0.010710
vt 0.243083 0.010785
vt 0.243038 0.004652
vt 0.253228 0.004577
vt 0.338228 0.011747
vt 0.338088 0.005615
vt 0.328068 0.011980
vt 0.327927 0.005848
vt 0.361785 0.122700
vt 0.347137 0.122565
vt 0.344620 0.021321
vt 0.360576 0.029892
vt 0.338235 0.112551
vt 0.338220 0.018615
vt 0.214723 0.123071
vt 0.215075 0.031704
vt 0.234226 0.022949
vt 0.234703 0.122549
vt 0.243815 0.112544
vt 0.243892 0.018608
vt 0.270412 0.010584
vt 0.274014 0.004421
vt 0.287860 0.020287
vt 0.282644 0.023941
vt 0.298235 0.025755
vt 0.293099 0.022395
vt 0.304238 0.005800
vt 0.304512 0.012519
vt 0.263419 0.004502
vt 0.263464 0.010635
vt 0.317767 0.006081
vt 0.317908 0.012212
vt 0.517358 0.668877
vt 0.474506 0.651373
vt 0.436813 0.580069
vt 0.446882 0.539498
vt 0.477006 0.944301
vt 0.495958 0.813786
vt 0.505788 0.821347
vt 0.480084 0.994102
vt 0.463157 0.911589
vt 0.449612 0.913130
vt 0.422970 0.581560
vt 0.443162 0.505888
vt 0.528441 0.665862
vt 0.479381 0.797871
vt 0.465547 0.799612
vt 0.455652 0.740641
vt 0.441963 0.741912
vt 0.460453 0.653340
vt 0.505859 0.750852
vt 0.516547 0.752785
vt 0.434008 0.821684
vt 0.363328 0.950952
vt 0.353323 0.910365
vt 0.391129 0.839120
vt 0.394092 0.546197
vt 0.397249 0.496400
vt 0.422679 0.669196
vt 0.412838 0.676741
vt 0.380192 0.578887
vt 0.366649 0.577324
vt 0.359554 0.984556
vt 0.339482 0.908852
vt 0.445086 0.824717
vt 0.396236 0.692631
vt 0.382405 0.690868
vt 0.372415 0.749822
vt 0.358729 0.748531
vt 0.377078 0.837132
vt 0.433330 0.737776
vt 0.422639 0.739692
vt 0.881954 0.599590
vt 0.884409 0.612902
vt 0.775179 0.523995
vt 0.788840 0.523398
vt 0.936624 0.602368
vt 0.941573 0.596433
vt 0.955936 0.608411
vt 0.952017 0.613111
vt 0.881493 0.616482
vt 0.772264 0.527576
vt 0.978666 0.635333
vt 0.982585 0.630634
vt 0.995805 0.641658
vt 0.994747 0.642926
vt 0.831394 0.516376
vt 0.837209 0.509403
vt 0.897772 0.559908
vt 0.891957 0.566881
vt 0.811411 0.499712
vt 0.817226 0.492739
vt 0.918703 0.640879
vt 0.915819 0.644421
vt 0.921709 0.626736
vt 0.890831 0.600914
vt 0.926888 0.599163
vt 0.902876 0.577951
vt 0.804359 0.488013
vt 0.807312 0.484472
vt 0.875435 0.574675
vt 0.814880 0.524026
vt 0.959602 0.629191
vt 0.962961 0.663846
vt 0.945470 0.647816
vt 0.945794 0.616282
vt 0.964205 0.681678
vt 0.944947 0.663958
vt 0.963164 0.682957
vt 0.942906 0.666468
vt 0.922185 0.580265
vt 0.916370 0.587238
vt 0.865047 0.620361
vt 0.771539 0.544654
vt 0.769350 0.531156
vt 0.878580 0.620063
vt 0.946521 0.590499
vt 0.959856 0.603712
vt 0.986504 0.625934
vt 0.996863 0.640390
vt 0.843024 0.502430
vt 0.903587 0.552934
vt 0.823041 0.485766
vt 0.912937 0.647964
vt 0.899698 0.653778
vt 0.868145 0.628785
vt 0.873751 0.664447
vt 0.848106 0.645241
vt 0.810266 0.480930
vt 0.839327 0.619036
vt 0.777440 0.570025
vt 0.909795 0.690384
vt 0.894352 0.679485
vt 0.925163 0.672765
vt 0.944410 0.686638
vt 0.940863 0.668976
vt 0.962123 0.684236
vt 0.927999 0.573292
vt 0.393058 0.467772
vt 0.364600 0.423328
vt 0.373675 0.417518
vt 0.402132 0.461962
vt 0.359568 0.420765
vt 0.345777 0.393452
vt 0.354634 0.387781
vt 0.371047 0.413415
vt 0.390609 0.472861
vt 0.380090 0.501594
vt 0.351633 0.457150
vt 0.362152 0.428417
vt 0.404759 0.466065
vt 0.421173 0.491700
vt 0.412316 0.497370
vt 0.393280 0.473415
vt 0.411206 0.456152
vt 0.382749 0.411708
vt 0.382527 0.406065
vt 0.363491 0.382110
vt 0.416852 0.456058
vt 0.388395 0.411613
vt 0.418893 0.414083
vt 0.447350 0.458527
vt 0.416238 0.458715
vt 0.430029 0.486029
vt 0.311811 0.444019
vt 0.317891 0.444019
vt 0.319335 0.450176
vt 0.311811 0.450176
vt 0.319150 0.460070
vt 0.316300 0.462637
vt 0.311811 0.462637
vt 0.311811 0.460070
vt 0.301845 0.568977
vt 0.305986 0.464378
vt 0.312066 0.464378
vt 0.312066 0.568977
vt 0.276217 0.554271
vt 0.291922 0.456301
vt 0.300452 0.461320
vt 0.291736 0.563416
vt 0.270765 0.551473
vt 0.288460 0.454652
vt 0.262542 0.549628
vt 0.284080 0.453669
vt 0.304287 0.450176
vt 0.305730 0.444019
vt 0.304472 0.460070
vt 0.307321 0.462637
vt 0.322288 0.568977
vt 0.318147 0.464378
vt 0.347916 0.554271
vt 0.332397 0.563416
vt 0.323681 0.461320
vt 0.332210 0.456301
vt 0.353368 0.551473
vt 0.335673 0.454652
vt 0.361591 0.549628
vt 0.340053 0.453669
vt 0.333628 0.341253
vt 0.317181 0.248381
vt 0.332945 0.225835
vt 0.356461 0.335777
vt 0.393203 0.370892
vt 0.379634 0.373830
vt 0.370646 0.332316
vt 0.384215 0.329378
vt 0.293542 0.348107
vt 0.308109 0.348107
vt 0.308109 0.358958
vt 0.293542 0.358958
vt 0.344668 0.212333
vt 0.314225 0.385036
vt 0.293542 0.385036
vt 0.316003 0.200834
vt 0.313996 0.228272
vt 0.293542 0.228272
vt 0.293542 0.200834
vt 0.358237 0.209395
vt 0.293542 0.185145
vt 0.307426 0.185145
vt 0.364337 0.372599
vt 0.311971 0.364711
vt 0.310672 0.353938
vt 0.338471 0.368602
vt 0.293542 0.322590
vt 0.314173 0.322590
vt 0.316460 0.411113
vt 0.307426 0.423518
vt 0.293542 0.423518
vt 0.293542 0.411113
vt 0.435184 0.319265
vt 0.412130 0.323723
vt 0.388064 0.213901
vt 0.411743 0.227907
vt 0.397785 0.326440
vt 0.406773 0.367954
vt 0.278975 0.358958
vt 0.278975 0.348107
vt 0.371807 0.206458
vt 0.272859 0.385036
vt 0.271081 0.200834
vt 0.273088 0.228272
vt 0.279658 0.185145
vt 0.420191 0.360506
vt 0.464604 0.331664
vt 0.442087 0.346168
vt 0.461331 0.321318
vt 0.272911 0.322590
vt 0.270624 0.411113
vt 0.279658 0.423518
vt 0.008610 0.097015
vt 0.156117 0.090357
vt 0.194193 0.124587
vt 0.025920 0.136785
vt 0.206612 0.098829
vt 0.155138 0.068656
vt 0.205148 0.066398
vt 0.007631 0.075314
vt 0.006651 0.053613
vt 0.020307 0.012446
vt 0.188995 0.009432
vt 0.154158 0.046954
vt 0.203684 0.033967
vt 0.385756 0.187240
vt 0.411763 0.172410
vt 0.456583 0.210424
vt 0.428158 0.223169
vt 0.461387 0.218570
vt 0.434723 0.234298
vt 0.380696 0.175352
vt 0.408060 0.163707
vt 0.375637 0.163463
vt 0.379147 0.107997
vt 0.408039 0.096351
vt 0.404356 0.155005
vt 0.375679 0.095550
vt 0.405501 0.087241
s 1
usemtl Material_Vulcan
f 7/1/1 8/2/1 9/3/1 13/4/1
f 9/3/2 8/2/3 1/5/3 5/6/4
f 6/7/5 10/8/6 3/9/7 2/10/5
f 14/11/8 11/12/9 4/13/10 15/14/11
f 11/12/9 9/3/2 5/6/4 4/13/10
f 16/15/12 17/16/12 6/7/12 2/10/12
f 17/16/13 14/11/14 10/8/15 6/7/15
f 13/4/1 9/3/1 11/12/16 12/17/17
f 12/17/17 11/12/16 14/11/14 17/16/13
f 10/8/6 14/11/8 15/14/11 3/9/7
f 19/18/18 25/19/18 21/20/18 20/21/18
f 21/20/19 5/22/20 1/23/21 20/21/21
f 18/24/22 2/25/22 3/26/23 22/27/24
f 26/28/25 15/29/26 4/30/27 23/31/28
f 23/31/28 4/30/27 5/22/20 21/20/19
f 16/32/29 2/25/29 18/24/29 27/33/29
f 27/33/30 18/24/31 22/27/31 26/28/32
f 25/19/18 24/34/33 23/31/34 21/20/18
f 24/34/33 27/33/30 26/28/35 23/31/34
f 22/27/24 3/26/23 15/29/26 26/28/25
f 34/1/1 40/4/1 36/3/1 35/2/1
f 36/3/36 32/6/37 28/5/38 35/2/38
f 33/7/39 29/10/39 30/9/40 37/8/41
f 41/11/42 42/14/43 31/13/44 38/12/45
f 38/12/45 31/13/44 32/6/37 36/3/36
f 43/15/46 29/10/46 33/7/46 44/16/46
f 44/16/47 33/7/48 37/8/48 41/11/49
f 40/4/1 39/17/50 38/12/16 36/3/1
f 39/17/50 44/16/51 41/11/49 38/12/16
f 37/8/41 30/9/40 42/14/43 41/11/42
f 46/18/18 47/21/18 48/20/18 52/19/18
f 48/20/52 47/21/53 28/23/53 32/22/54
f 45/24/55 49/27/56 30/26/57 29/25/55
f 53/28/58 50/31/59 31/30/60 42/29/61
f 50/31/59 48/20/52 32/22/54 31/30/60
f 43/32/62 54/33/62 45/24/62 29/25/62
f 54/33/63 53/28/64 49/27/65 45/24/65
f 52/19/18 48/20/18 50/31/34 51/34/66
f 51/34/66 50/31/34 53/28/64 54/33/63
f 49/27/56 53/28/58 42/29/61 30/26/57
f 55/35/67 56/36/67 59/37/67 57/38/67
f 75/39/68 72/40/69 73/41/70 76/42/71
f 76/42/71 73/41/70 71/43/72 74/44/73
f 74/45/74 65/46/75 67/47/76 76/48/77
f 76/48/77 67/47/76 66/49/78 75/50/79
f 65/51/80 69/52/81 70/53/81 67/54/82
f 67/54/82 70/53/81 68/55/83 66/56/84
f 65/46/75 74/45/74 56/36/85 55/35/85
f 61/57/86 66/56/84 68/55/83 62/58/86
f 65/51/80 55/59/87 57/60/88 69/52/81
f 61/61/89 64/62/89 75/50/79 66/49/78
f 75/39/68 64/63/90 63/64/90 72/40/69
f 56/65/91 74/44/73 71/43/72 59/66/92
f 77/67/93 80/68/93 79/69/93 78/70/93
f 77/71/86 78/72/86 81/73/86 58/74/86
f 80/68/94 77/67/94 58/75/94 60/76/94
f 78/70/89 79/69/89 64/62/89 61/61/89
f 81/73/86 78/72/86 61/57/86 62/58/86
f 82/77/95 57/38/95 59/37/95 83/78/95
f 90/79/96 91/80/97 73/41/70 72/40/69
f 91/80/97 89/81/98 71/43/72 73/41/70
f 89/82/99 91/83/100 88/84/101 86/85/102
f 91/83/100 90/86/103 87/87/104 88/84/101
f 86/88/105 88/89/106 70/53/81 69/52/81
f 88/89/106 87/90/107 68/55/83 70/53/81
f 86/85/102 82/77/108 83/78/108 89/82/99
f 84/91/86 62/58/86 68/55/83 87/90/107
f 86/88/105 69/52/81 57/60/88 82/92/109
f 84/93/110 87/87/104 90/86/103 85/94/110
f 90/79/96 72/40/69 63/64/90 85/95/90
f 83/96/111 59/66/92 71/43/72 89/81/98
f 92/97/112 93/98/112 94/99/112 95/100/112
f 92/101/86 58/74/86 81/73/86 93/102/86
f 95/100/94 60/103/94 58/104/94 92/97/94
f 93/98/110 84/93/110 85/94/110 94/99/110
f 81/73/86 62/58/86 84/91/86 93/102/86
f 96/35/113 98/38/113 100/37/113 97/36/113
f 116/39/114 117/42/115 114/41/116 113/40/117
f 117/42/115 115/44/118 112/43/119 114/41/116
f 115/45/120 117/48/121 108/47/122 106/46/123
f 117/48/121 116/50/124 107/49/125 108/47/122
f 106/51/126 108/54/127 111/53/128 110/52/128
f 108/54/127 107/56/129 109/55/130 111/53/128
f 106/46/123 96/35/131 97/36/131 115/45/120
f 102/57/132 103/58/132 109/55/130 107/56/129
f 106/51/126 110/52/128 98/60/133 96/59/134
f 102/61/135 107/49/125 116/50/124 105/62/135
f 116/39/114 113/40/117 104/64/136 105/63/136
f 97/65/137 100/66/138 112/43/119 115/44/118
f 118/67/139 119/70/139 120/69/139 121/68/139
f 118/71/132 99/74/132 122/73/132 119/72/132
f 121/68/140 101/76/140 99/75/140 118/67/140
f 119/70/135 102/61/135 105/62/135 120/69/135
f 122/73/132 103/58/132 102/57/132 119/72/132
f 123/77/141 124/78/141 100/37/141 98/38/141
f 131/79/142 113/40/117 114/41/116 132/80/143
f 132/80/143 114/41/116 112/43/119 130/81/144
f 130/82/145 127/85/146 129/84/147 132/83/148
f 132/83/148 129/84/147 128/87/149 131/86/150
f 127/88/151 110/52/128 111/53/128 129/89/152
f 129/89/152 111/53/128 109/55/130 128/90/153
f 127/85/146 130/82/145 124/78/154 123/77/154
f 125/91/132 128/90/153 109/55/130 103/58/132
f 127/88/151 123/92/155 98/60/133 110/52/128
f 125/93/156 126/94/156 131/86/150 128/87/149
f 131/79/142 126/95/136 104/64/136 113/40/117
f 124/96/157 130/81/144 112/43/119 100/66/138
f 133/97/158 136/100/158 135/99/158 134/98/158
f 133/101/132 134/102/132 122/73/132 99/74/132
f 136/100/140 133/97/140 99/104/140 101/103/140
f 134/98/156 135/99/156 126/94/156 125/93/156
f 122/73/132 134/102/132 125/91/132 103/58/132
f 160/105/159 157/106/159 139/107/159 146/108/159
f 145/109/160 147/110/160 141/111/160 137/112/160
f 158/113/161 159/114/161 142/115/161 138/116/161
f 139/117/162 143/118/162 148/119/162 146/120/162
f 161/121/163 162/122/163 150/123/163 149/124/163
f 149/125/164 150/126/164 153/127/164 154/128/164
f 151/129/165 152/130/166 155/131/166 156/132/167
f 138/133/168 142/134/169 153/127/169 150/126/168
f 158/113/163 162/122/163 151/135/163 140/136/163
f 149/125/170 154/128/170 147/110/170 145/109/170
f 161/121/163 160/105/163 146/108/163 152/137/163
f 146/120/166 148/119/166 155/131/166 152/130/166
f 151/129/165 156/132/167 144/138/171 140/139/172
f 149/124/163 145/140/163 160/105/163 161/121/163
f 138/116/163 150/123/163 162/122/163 158/113/163
f 152/137/163 151/135/163 162/122/163 161/121/163
f 140/136/161 144/141/161 159/114/161 158/113/161
f 145/140/159 137/142/159 157/106/159 160/105/159
f 175/143/173 168/144/173 165/145/173 173/146/173
f 167/147/160 163/148/160 141/111/160 147/110/160
f 174/149/174 164/150/174 142/115/174 159/114/174
f 165/151/162 168/152/162 148/119/162 143/118/162
f 176/153/175 169/154/175 170/155/175 177/156/175
f 169/157/164 154/128/164 153/127/164 170/158/164
f 171/159/176 156/132/167 155/131/166 172/160/166
f 164/161/177 170/158/177 153/127/169 142/134/169
f 174/149/175 166/162/175 171/163/175 177/156/175
f 169/157/170 167/147/170 147/110/170 154/128/170
f 176/153/175 172/164/175 168/144/175 175/143/175
f 168/152/166 172/160/166 155/131/166 148/119/166
f 171/159/176 166/165/178 144/138/171 156/132/167
f 169/154/175 176/153/175 175/143/175 167/166/175
f 164/150/175 174/149/175 177/156/175 170/155/175
f 172/164/175 176/153/175 177/156/175 171/163/175
f 166/162/174 174/149/174 159/114/174 144/141/174
f 167/166/173 175/143/173 173/146/173 163/167/173
f 201/105/179 187/108/179 180/107/179 198/106/179
f 186/109/180 178/112/180 182/111/180 188/110/180
f 199/113/181 179/116/181 183/115/181 200/114/181
f 180/117/182 187/120/182 189/119/182 184/118/182
f 202/121/183 190/124/183 191/123/183 203/122/183
f 190/125/184 195/128/184 194/127/184 191/126/184
f 192/129/185 197/132/186 196/131/187 193/130/187
f 179/133/188 191/126/188 194/127/189 183/134/189
f 199/113/183 181/136/183 192/135/183 203/122/183
f 190/125/190 186/109/190 188/110/190 195/128/190
f 202/121/183 193/137/183 187/108/183 201/105/183
f 187/120/187 193/130/187 196/131/187 189/119/187
f 192/129/185 181/139/191 185/138/192 197/132/186
f 190/124/183 202/121/183 201/105/183 186/140/183
f 179/116/183 199/113/183 203/122/183 191/123/183
f 193/137/183 202/121/183 203/122/183 192/135/183
f 181/136/181 199/113/181 200/114/181 185/141/181
f 186/140/179 201/105/179 198/106/179 178/142/179
f 216/143/193 214/146/193 206/145/193 209/144/193
f 208/147/180 188/110/180 182/111/180 204/148/180
f 215/149/194 200/114/194 183/115/194 205/150/194
f 206/151/182 184/118/182 189/119/182 209/152/182
f 217/153/195 218/156/195 211/155/195 210/154/195
f 210/157/184 211/158/184 194/127/184 195/128/184
f 212/159/196 213/160/187 196/131/187 197/132/186
f 205/161/197 183/134/189 194/127/189 211/158/197
f 215/149/195 218/156/195 212/163/195 207/162/195
f 210/157/190 195/128/190 188/110/190 208/147/190
f 217/153/195 216/143/195 209/144/195 213/164/195
f 209/152/187 189/119/187 196/131/187 213/160/187
f 212/159/196 197/132/186 185/138/192 207/165/198
f 210/154/195 208/166/195 216/143/195 217/153/195
f 205/150/195 211/155/195 218/156/195 215/149/195
f 213/164/195 212/163/195 218/156/195 217/153/195
f 207/162/194 185/141/194 200/114/194 215/149/194
f 208/166/193 204/167/193 214/146/193 216/143/193
f 224/168/199 225/169/199 226/170/199 223/171/199
f 228/172/200 229/173/200 230/174/200 227/175/200
f 229/173/201 226/170/201 225/169/201 230/174/201
f 223/171/202 228/172/202 227/175/202 224/168/202
f 225/169/203 224/168/203 219/176/203 220/177/203
f 226/170/1 229/173/1 228/172/1 223/171/1
f 224/168/204 227/175/204 221/178/204 219/179/204
f 230/174/205 225/169/205 220/180/205 222/181/205
f 227/175/206 230/174/206 222/182/206 221/183/206
f 236/168/207 235/171/207 238/170/207 237/169/207
f 240/172/208 239/175/208 242/174/208 241/173/208
f 241/173/209 242/174/209 237/169/209 238/170/209
f 235/171/210 236/168/210 239/175/210 240/172/210
f 237/169/211 232/177/211 231/176/211 236/168/211
f 238/170/1 235/171/1 240/172/1 241/173/1
f 236/168/212 231/179/212 233/178/212 239/175/212
f 242/174/213 234/181/213 232/180/213 237/169/213
f 239/175/214 233/183/214 234/182/214 242/174/214
f 248/168/215 247/171/215 250/170/215 249/169/215
f 252/172/216 251/175/216 254/174/216 253/173/216
f 253/173/217 254/174/217 249/169/217 250/170/217
f 247/171/218 248/168/218 251/175/218 252/172/218
f 249/169/203 244/177/203 243/176/203 248/168/203
f 250/170/18 247/171/18 252/172/18 253/173/18
f 248/168/204 243/179/204 245/178/204 251/175/204
f 254/174/205 246/181/205 244/180/205 249/169/205
f 251/175/206 245/183/206 246/182/206 254/174/206
f 260/168/219 261/169/219 262/170/219 259/171/219
f 264/172/220 265/173/220 266/174/220 263/175/220
f 265/173/221 262/170/221 261/169/221 266/174/221
f 259/171/222 264/172/222 263/175/222 260/168/222
f 261/169/211 260/168/211 255/176/211 256/177/211
f 262/170/18 265/173/18 264/172/18 259/171/18
f 260/168/212 263/175/212 257/178/212 255/179/212
f 266/174/213 261/169/213 256/180/213 258/181/213
f 263/175/214 266/174/214 258/182/214 257/183/214
f 270/184/223 278/185/223 277/186/223 269/187/223
f 268/188/224 276/189/225 275/190/225 267/191/224
f 269/187/226 277/186/226 276/189/226 268/188/226
f 279/192/227 280/193/227 282/194/227 281/195/227
f 281/195/228 282/194/228 284/196/228 283/197/228
f 283/197/229 284/196/229 285/198/229 286/199/229
f 281/195/230 272/200/230 271/201/230 279/192/230
f 284/196/231 268/188/232 267/191/233 285/198/233
f 283/197/234 273/202/234 272/200/234 281/195/234
f 286/199/235 274/203/235 273/202/235 283/197/235
f 267/191/236 275/204/237 274/205/237 286/206/236 285/198/236
f 282/194/1 269/187/1 268/188/232 284/196/231
f 280/193/1 270/184/1 269/187/1 282/194/1
f 290/207/223 289/208/223 277/209/223 278/210/223
f 288/211/238 287/212/238 275/213/225 276/214/225
f 289/208/226 288/211/226 276/214/226 277/209/226
f 291/215/239 293/216/239 294/217/239 292/218/239
f 293/216/240 295/219/240 296/220/240 294/217/240
f 295/219/241 298/221/241 297/222/241 296/220/241
f 293/216/230 291/215/230 271/223/230 272/224/230
f 296/220/242 297/222/243 287/212/243 288/211/244
f 295/219/234 293/216/234 272/224/234 273/225/234
f 298/221/235 295/219/235 273/225/235 274/226/235
f 287/212/245 297/222/245 298/227/245 274/228/237 275/229/237
f 294/217/18 296/220/242 288/211/244 289/208/18
f 292/218/18 294/217/18 289/208/18 290/207/18
f 302/184/246 301/187/246 309/186/246 310/185/246
f 300/188/247 299/191/247 307/190/248 308/189/248
f 301/187/249 300/188/249 308/189/249 309/186/249
f 311/192/250 313/195/250 314/194/250 312/193/250
f 313/195/251 315/197/251 316/196/251 314/194/251
f 315/197/252 318/199/252 317/198/252 316/196/252
f 313/195/253 311/192/253 303/201/253 304/200/253
f 316/196/254 317/198/255 299/191/255 300/188/256
f 315/197/257 313/195/257 304/200/257 305/202/257
f 318/199/258 315/197/258 305/202/258 306/203/258
f 299/191/259 317/198/259 318/206/259 306/205/260 307/204/260
f 314/194/1 316/196/254 300/188/256 301/187/1
f 312/193/1 314/194/1 301/187/1 302/184/1
f 322/207/246 310/210/246 309/209/246 321/208/246
f 320/211/261 308/214/248 307/213/248 319/212/261
f 321/208/249 309/209/249 308/214/249 320/211/249
f 323/215/262 324/218/262 326/217/262 325/216/262
f 325/216/263 326/217/263 328/220/263 327/219/263
f 327/219/264 328/220/264 329/222/264 330/221/264
f 325/216/253 304/224/253 303/223/253 323/215/253
f 328/220/265 320/211/266 319/212/267 329/222/267
f 327/219/257 305/225/257 304/224/257 325/216/257
f 330/221/258 306/226/258 305/225/258 327/219/258
f 319/212/268 307/229/260 306/228/260 330/227/268 329/222/268
f 326/217/18 321/208/18 320/211/266 328/220/265
f 324/218/18 322/207/18 321/208/18 326/217/18
f 382/230/269 1772/231/270 1771/232/271 381/233/271
f 375/234/272 1765/235/273 1764/236/274 374/237/275
f 390/238/276 1780/239/277 1779/240/278 389/241/279
f 383/242/280 1773/243/281 1772/231/270 382/230/269
f 376/244/282 1766/245/282 1765/235/273 375/234/272
f 371/246/283 1762/247/283 1780/239/277 390/238/276
f 384/248/284 1774/249/285 1773/243/281 383/242/280
f 377/250/286 1767/251/287 1766/245/282 376/244/282
f 385/252/288 1775/253/289 1774/249/285 384/248/284
f 378/254/290 1768/255/291 1767/251/287 377/250/286
f 386/256/292 1776/257/292 1775/253/289 385/252/288
f 379/258/293 1769/259/294 1768/255/291 378/254/290
f 387/260/295 1777/261/296 1776/262/292 386/263/292
f 380/264/297 1770/265/298 1769/259/294 379/258/293
f 373/266/299 1763/267/300 1761/268/301 372/269/302
f 388/270/303 1778/271/304 1777/261/296 387/260/295
f 381/233/271 1771/232/271 1770/265/298 380/264/297
f 374/237/275 1764/236/274 1763/267/300 373/266/299
f 389/241/279 1779/240/278 1778/271/304 388/270/303
f 405/272/305 404/273/306 424/274/307 425/275/308
f 426/276/309 425/275/310 485/277/310 486/278/309
f 398/279/311 397/280/312 417/281/313 418/282/314
f 406/283/315 405/272/305 425/275/308 426/276/315
f 399/284/316 398/279/311 418/282/314 419/285/317
f 392/286/318 391/287/319 412/288/319 411/289/320
f 407/290/321 406/291/315 426/292/315 427/293/322
f 400/294/323 399/284/316 419/285/317 420/295/324
f 393/296/325 392/286/318 411/289/320 413/297/326
f 408/298/327 407/290/321 427/293/322 428/299/328
f 401/300/329 400/294/323 420/295/324 421/301/329
f 394/302/330 393/296/325 413/297/326 414/303/331
f 409/304/332 408/298/327 428/299/328 429/305/333
f 402/306/334 401/300/329 421/301/329 422/307/335
f 395/308/336 394/302/330 414/303/331 415/309/337
f 410/310/338 409/304/332 429/305/333 430/311/339
f 403/312/340 402/306/334 422/307/335 423/313/341
f 396/314/342 395/308/336 415/309/337 416/315/342
f 391/287/319 410/310/338 430/311/339 412/288/319
f 404/273/306 403/312/340 423/313/341 424/274/307
f 397/280/312 396/314/342 416/315/342 417/281/313
f 432/316/343 433/317/344 434/318/344 431/319/343
f 436/320/345 432/316/343 431/319/343 435/321/345
f 438/322/346 436/320/345 435/321/345 437/323/346
f 440/324/347 438/322/346 437/323/346 439/325/347
f 442/326/348 440/324/347 439/325/347 441/327/348
f 444/328/349 442/326/348 441/327/348 443/329/349
f 446/330/350 444/328/349 443/329/349 445/331/350
f 448/332/351 446/330/350 445/331/350 447/333/351
f 450/334/352 448/332/351 447/333/351 449/335/352
f 452/336/353 450/334/352 449/335/352 451/337/353
f 454/338/354 452/336/353 451/337/353 453/339/354
f 456/340/355 454/338/354 453/339/354 455/341/355
f 458/342/356 456/340/355 455/341/355 457/343/356
f 460/344/357 458/342/356 457/343/356 459/345/357
f 462/346/358 460/344/357 459/345/357 461/347/358
f 464/348/359 462/349/358 461/350/358 463/351/359
f 466/352/360 464/348/359 463/351/359 465/353/360
f 468/354/361 466/352/360 465/353/360 467/355/361
f 470/356/362 468/354/361 467/355/361 469/357/362
f 433/317/344 470/356/362 469/357/362 434/318/344
f 391/287/363 392/286/363 431/319/363 434/318/363
f 373/266/364 372/269/365 432/316/365 436/320/364
f 372/269/365 371/246/18 433/317/18 432/316/365
f 392/286/363 393/296/363 435/321/363 431/319/363
f 410/310/363 391/287/363 434/318/363 469/357/363
f 371/246/18 390/238/366 470/356/366 433/317/18
f 374/237/367 373/266/364 436/320/364 438/322/367
f 393/296/363 394/302/363 437/323/363 435/321/363
f 375/234/368 374/237/367 438/322/367 440/324/368
f 394/302/363 395/308/363 439/325/363 437/323/363
f 376/244/369 375/234/368 440/324/368 442/326/369
f 395/308/363 396/314/363 441/327/363 439/325/363
f 377/250/370 376/244/369 442/326/369 444/328/370
f 396/314/363 397/280/363 443/329/363 441/327/363
f 378/254/371 377/250/370 444/328/370 446/330/371
f 397/280/363 398/279/363 445/331/363 443/329/363
f 379/258/372 378/254/371 446/330/371 448/332/372
f 398/279/363 399/284/363 447/333/363 445/331/363
f 380/264/373 379/258/372 448/332/372 450/334/373
f 399/284/363 400/294/363 449/335/363 447/333/363
f 381/233/1 380/264/373 450/334/373 452/336/1
f 400/294/363 401/300/363 451/337/363 449/335/363
f 382/230/374 381/233/1 452/336/1 454/338/374
f 401/300/363 402/306/363 453/339/363 451/337/363
f 383/242/375 382/230/374 454/338/374 456/340/375
f 402/306/363 403/312/363 455/341/363 453/339/363
f 384/248/376 383/242/375 456/340/375 458/342/376
f 403/312/363 404/273/363 457/343/363 455/341/363
f 385/252/310 384/248/376 458/342/376 460/344/310
f 404/273/363 405/272/363 459/345/363 457/343/363
f 386/256/309 385/252/310 460/344/310 462/346/309
f 405/272/363 406/283/363 461/347/363 459/345/363
f 387/260/377 386/263/309 462/349/309 464/348/377
f 406/291/363 407/290/363 463/351/363 461/350/363
f 388/270/378 387/260/377 464/348/377 466/352/378
f 407/290/363 408/298/363 465/353/363 463/351/363
f 389/241/379 388/270/378 466/352/378 468/354/379
f 408/298/363 409/304/363 467/355/363 465/353/363
f 390/238/366 389/241/379 468/354/379 470/356/366
f 409/304/363 410/310/363 469/357/363 467/355/363
f 419/285/372 418/282/371 478/358/371 479/359/372
f 411/289/365 412/288/18 472/360/18 471/361/365
f 427/293/377 426/292/309 486/362/309 487/363/377
f 420/295/373 419/285/372 479/359/372 480/364/373
f 413/297/364 411/289/365 471/361/365 473/365/364
f 428/299/378 427/293/377 487/363/377 488/366/378
f 421/301/1 420/295/373 480/364/373 481/367/1
f 414/303/367 413/297/364 473/365/364 474/368/367
f 429/305/379 428/299/378 488/366/378 489/369/379
f 422/307/374 421/301/1 481/367/1 482/370/374
f 415/309/368 414/303/367 474/368/367 475/371/368
f 430/311/366 429/305/379 489/369/379 490/372/366
f 423/313/375 422/307/374 482/370/374 483/373/375
f 416/315/369 415/309/368 475/371/368 476/374/369
f 412/288/18 430/311/366 490/372/366 472/360/18
f 424/274/376 423/313/375 483/373/375 484/375/376
f 417/281/370 416/315/369 476/374/369 477/376/370
f 425/275/310 424/274/376 484/375/376 485/277/310
f 418/282/371 417/281/370 477/376/370 478/358/371
f 505/377/380 525/378/381 526/379/382 506/380/382
f 502/381/383 522/382/384 523/383/385 503/384/386
f 498/385/387 518/386/388 519/387/389 499/388/390
f 506/389/382 526/390/382 527/391/391 507/392/392
f 499/388/390 519/387/389 520/393/393 500/394/394
f 491/395/395 511/396/396 513/397/397 493/398/398
f 507/392/392 527/391/391 528/399/399 508/400/400
f 500/394/394 520/393/393 521/401/401 501/402/401
f 493/398/398 513/397/397 514/403/402 494/404/403
f 508/400/400 528/399/399 529/405/404 509/406/405
f 502/381/383 501/402/401 521/401/401 522/382/384
f 494/404/403 514/403/402 515/407/406 495/408/407
f 509/406/405 529/405/404 530/409/408 510/410/409
f 495/408/407 515/407/406 516/411/410 496/412/410
f 510/410/409 530/409/408 512/413/411 492/414/411
f 503/384/386 523/383/385 524/415/412 504/416/413
f 496/412/410 516/411/410 517/417/414 497/418/415
f 504/416/413 524/415/412 525/378/381 505/377/380
f 497/418/415 517/417/414 518/386/388 498/385/387
f 519/387/416 518/386/417 538/419/418 539/420/419
f 511/396/420 512/413/421 532/421/421 531/422/422
f 527/391/423 526/390/424 546/423/424 547/424/425
f 520/393/426 519/387/416 539/420/419 540/425/427
f 513/397/428 511/396/420 531/422/422 533/426/429
f 528/399/430 527/391/423 547/424/425 548/427/431
f 521/401/432 520/393/426 540/425/427 541/428/432
f 514/403/433 513/397/428 533/426/429 534/429/434
f 529/405/435 528/399/430 548/427/431 549/430/436
f 522/382/437 521/401/432 541/428/432 542/431/438
f 515/407/439 514/403/433 534/429/434 535/432/440
f 530/409/441 529/405/435 549/430/436 550/433/442
f 523/383/443 522/382/437 542/431/438 543/434/444
f 516/411/445 515/407/439 535/432/440 536/435/445
f 512/413/421 530/409/441 550/433/442 532/421/421
f 524/415/446 523/383/443 543/434/444 544/436/447
f 517/417/448 516/411/445 536/435/445 537/437/449
f 525/378/450 524/415/446 544/436/447 545/438/451
f 518/386/417 517/417/448 537/437/449 538/419/418
f 526/379/424 525/378/450 545/438/451 546/439/424
f 492/414/411 512/413/411 511/396/396 491/395/395
f 591/440/452 553/441/453 593/442/453 594/443/454
f 595/444/455 591/440/452 594/443/454 596/445/456
f 597/446/457 595/444/455 596/445/456 598/447/458
f 599/448/459 597/446/457 598/447/458 600/449/460
f 601/450/461 599/448/459 600/449/460 602/451/461
f 603/452/462 601/450/461 602/451/461 604/453/463
f 605/454/464 603/452/462 604/453/463 606/455/465
f 607/456/466 605/454/464 606/455/465 608/457/467
f 609/458/468 607/456/466 608/457/467 610/459/469
f 611/460/470 609/458/468 610/459/469 612/461/470
f 613/462/471 611/460/470 612/461/470 614/463/472
f 615/464/473 613/462/471 614/463/472 616/465/474
f 617/466/475 615/464/473 616/465/474 618/467/476
f 619/468/477 617/466/475 618/467/476 620/469/478
f 621/470/479 619/468/477 620/469/478 622/471/479
f 623/472/480 621/473/479 622/474/479 624/475/481
f 625/476/482 623/472/480 624/475/481 626/477/483
f 627/478/484 625/476/482 626/477/483 628/479/485
f 629/480/486 627/478/484 628/479/485 630/481/487
f 553/441/453 629/480/486 630/481/487 593/442/453
f 551/482/488 554/483/489 492/414/489 491/395/490
f 555/484/491 551/482/488 491/395/490 493/398/492
f 554/483/489 589/485/493 510/410/494 492/414/489
f 557/486/495 555/484/491 493/398/492 494/404/496
f 559/487/497 557/486/495 494/404/496 495/408/498
f 561/488/499 559/487/497 495/408/498 496/412/499
f 563/489/500 561/488/499 496/412/499 497/418/501
f 565/490/502 563/489/500 497/418/501 498/385/503
f 567/491/504 565/490/502 498/385/503 499/388/505
f 569/492/506 567/491/504 499/388/505 500/394/507
f 571/493/508 569/492/506 500/394/507 501/402/508
f 573/494/509 571/493/508 501/402/508 502/381/510
f 575/495/511 573/494/509 502/381/510 503/384/512
f 577/496/513 575/495/511 503/384/512 504/416/514
f 579/497/515 577/496/513 504/416/514 505/377/516
f 581/498/517 579/497/515 505/377/516 506/380/517
f 583/499/518 581/500/517 506/389/517 507/392/519
f 585/501/520 583/499/518 507/392/519 508/400/521
f 587/502/522 585/501/520 508/400/521 509/406/523
f 589/485/493 587/502/522 509/406/523 510/410/494
f 553/441/524 591/440/525 552/503/526 592/504/524
f 594/443/527 593/442/528 554/483/528 551/482/529
f 591/440/525 595/444/530 556/505/531 552/503/526
f 596/445/532 594/443/527 551/482/529 555/484/533
f 595/444/530 597/446/534 558/506/535 556/505/531
f 598/447/536 596/445/532 555/484/533 557/486/537
f 597/446/534 599/448/538 560/507/539 558/506/535
f 600/449/540 598/447/536 557/486/537 559/487/541
f 599/448/538 601/450/542 562/508/542 560/507/539
f 602/451/543 600/449/540 559/487/541 561/488/543
f 601/450/542 603/452/544 564/509/545 562/508/542
f 604/453/546 602/451/543 561/488/543 563/489/547
f 603/452/544 605/454/548 566/510/549 564/509/545
f 606/455/550 604/453/546 563/489/547 565/490/551
f 605/454/548 607/456/552 568/511/553 566/510/549
f 608/457/554 606/455/550 565/490/551 567/491/555
f 607/456/552 609/458/556 570/512/557 568/511/553
f 610/459/558 608/457/554 567/491/555 569/492/559
f 609/458/556 611/460/560 572/513/560 570/512/557
f 612/461/561 610/459/558 569/492/559 571/493/561
f 611/460/560 613/462/562 574/514/563 572/513/560
f 614/463/564 612/461/561 571/493/561 573/494/565
f 613/462/562 615/464/566 576/515/567 574/514/563
f 616/465/568 614/463/564 573/494/565 575/495/569
f 615/464/566 617/466/570 578/516/571 576/515/567
f 618/467/572 616/465/568 575/495/569 577/496/573
f 617/466/570 619/468/574 580/517/575 578/516/571
f 620/469/576 618/467/572 577/496/573 579/497/577
f 619/468/574 621/470/578 582/518/578 580/517/575
f 622/471/579 620/469/576 579/497/577 581/498/579
f 621/473/578 623/472/580 584/519/581 582/520/578
f 624/475/582 622/474/579 581/500/579 583/499/583
f 623/472/580 625/476/584 586/521/585 584/519/581
f 626/477/586 624/475/582 583/499/583 585/501/587
f 625/476/584 627/478/588 588/522/589 586/521/585
f 628/479/590 626/477/586 585/501/587 587/502/591
f 627/478/588 629/480/592 590/523/593 588/522/589
f 630/481/594 628/479/590 587/502/591 589/485/595
f 629/480/592 553/441/524 592/504/524 590/523/593
f 593/442/528 630/481/594 589/485/595 554/483/528
f 532/524/596 550/525/597 650/526/598 632/527/596
f 544/528/599 543/529/600 643/530/601 644/531/602
f 537/532/603 536/533/604 636/534/604 637/535/605
f 545/536/606 544/528/599 644/531/602 645/537/607
f 538/538/608 537/532/603 637/535/605 638/539/609
f 546/540/610 545/536/606 645/537/607 646/541/610
f 539/542/611 538/538/608 638/539/609 639/543/612
f 531/544/613 532/524/596 632/527/596 631/545/614
f 547/546/615 546/540/610 646/541/610 647/547/616
f 540/548/617 539/542/611 639/543/612 640/549/618
f 533/550/619 531/544/613 631/545/614 633/551/620
f 548/552/621 547/546/615 647/547/616 648/553/622
f 541/554/623 540/548/617 640/549/618 641/555/623
f 534/556/624 533/550/619 633/551/620 634/557/625
f 549/558/626 548/552/621 648/553/622 649/559/627
f 542/560/628 541/554/623 641/555/623 642/561/629
f 535/562/630 534/556/624 634/557/625 635/563/631
f 550/525/597 549/558/626 649/559/627 650/526/598
f 543/529/600 542/560/628 642/561/629 643/530/601
f 536/533/604 535/562/630 635/563/631 636/534/604
f 647/547/363 646/541/363 645/537/363 648/553/363
f 648/553/363 645/537/363 644/531/363 649/559/363
f 649/559/363 644/531/363 643/530/363 650/526/363
f 650/526/363 643/530/363 642/561/363 632/527/363
f 632/527/363 642/561/363 641/555/363 631/545/363
f 631/545/363 641/555/363 640/549/363 633/551/363
f 633/551/363 640/549/363 639/543/363 634/557/363
f 634/557/363 639/543/363 638/539/363 635/563/363
f 635/563/363 638/539/363 637/535/363 636/534/363
f 652/564/632 653/565/633 654/566/633 651/567/634
f 656/568/635 652/564/632 651/567/634 655/569/636
f 658/570/637 656/568/635 655/569/636 657/571/638
f 660/572/639 658/570/637 657/571/638 659/573/640
f 662/574/641 660/572/639 659/573/640 661/575/641
f 664/576/642 662/574/641 661/575/641 663/577/643
f 666/578/644 664/576/642 663/577/643 665/579/645
f 668/580/646 666/578/644 665/579/645 667/581/647
f 670/582/648 668/580/646 667/581/647 669/583/649
f 672/584/650 670/582/648 669/583/649 671/585/650
f 674/586/651 672/584/650 671/585/650 673/587/652
f 676/588/653 674/586/651 673/587/652 675/589/654
f 678/590/655 676/588/653 675/589/654 677/591/656
f 680/592/657 678/590/655 677/591/656 679/593/658
f 682/594/659 680/592/657 679/593/658 681/595/659
f 684/596/660 682/597/659 681/598/659 683/599/661
f 686/600/662 684/596/660 683/599/661 685/601/663
f 688/602/664 686/600/662 685/601/663 687/603/665
f 690/604/666 688/602/664 687/603/665 689/605/667
f 653/565/633 690/604/666 689/605/667 654/566/633
f 651/567/668 654/566/669 592/504/669 552/503/670
f 473/606/671 471/607/672 652/564/672 656/568/673
f 471/607/672 472/608/674 653/565/674 652/564/672
f 655/569/675 651/567/668 552/503/670 556/505/676
f 654/566/669 689/605/677 590/523/678 592/504/669
f 472/608/674 490/609/679 690/604/679 653/565/674
f 474/610/680 473/606/671 656/568/673 658/570/681
f 657/571/682 655/569/675 556/505/676 558/506/683
f 475/611/684 474/610/680 658/570/681 660/572/684
f 659/573/685 657/571/682 558/506/683 560/507/685
f 476/612/686 475/611/684 660/572/684 662/574/686
f 661/575/687 659/573/685 560/507/685 562/508/687
f 477/613/688 476/612/686 662/574/686 664/576/689
f 663/577/690 661/575/687 562/508/687 564/509/690
f 478/614/691 477/613/688 664/576/689 666/578/692
f 665/579/693 663/577/690 564/509/690 566/510/694
f 479/615/695 478/614/691 666/578/692 668/580/696
f 667/581/697 665/579/693 566/510/694 568/511/698
f 480/616/699 479/615/695 668/580/696 670/582/699
f 669/583/700 667/581/697 568/511/698 570/512/701
f 481/617/702 480/616/699 670/582/699 672/584/702
f 671/585/703 669/583/700 570/512/701 572/513/703
f 482/618/704 481/617/702 672/584/702 674/586/704
f 673/587/705 671/585/703 572/513/703 574/514/706
f 483/619/707 482/618/704 674/586/704 676/588/708
f 675/589/709 673/587/705 574/514/706 576/515/710
f 484/620/711 483/619/707 676/588/708 678/590/712
f 677/591/713 675/589/709 576/515/710 578/516/714
f 485/621/715 484/620/711 678/590/712 680/592/715
f 679/593/716 677/591/713 578/516/714 580/517/716
f 486/622/717 485/621/715 680/592/715 682/594/717
f 681/595/718 679/593/716 580/517/716 582/518/718
f 487/623/719 486/624/717 682/597/717 684/596/719
f 683/599/720 681/598/718 582/520/718 584/519/720
f 488/625/721 487/623/719 684/596/719 686/600/722
f 685/601/723 683/599/720 584/519/720 586/521/724
f 489/626/725 488/625/721 686/600/722 688/602/726
f 687/603/727 685/601/723 586/521/724 588/522/728
f 490/609/679 489/626/725 688/602/726 690/604/679
f 689/605/677 687/603/727 588/522/728 590/523/678
f 692/627/729 693/628/730 694/629/731 691/630/732
f 696/631/733 697/632/734 698/633/735 695/634/736
f 700/635/737 701/636/738 702/637/739 699/638/737
f 704/639/740 705/640/741 706/641/742 703/642/743
f 708/643/744 709/644/745 710/645/745 707/646/746
f 712/647/747 713/648/748 714/649/749 711/650/750
f 716/651/751 717/652/752 718/653/753 715/654/754
f 720/655/755 721/656/756 722/657/757 719/658/755
f 724/659/758 725/660/759 726/661/760 723/662/761
f 713/648/748 716/651/751 715/654/754 714/649/749
f 717/652/752 720/655/755 719/658/755 718/653/753
f 730/663/762 692/627/729 691/630/732 729/664/762
f 721/656/756 724/659/758 723/662/761 722/657/757
f 693/628/730 696/631/733 695/634/736 694/629/731
f 725/660/759 727/665/763 728/666/764 726/661/760
f 697/632/734 700/667/737 699/668/737 698/633/735
f 727/665/763 730/663/762 729/664/762 728/666/764
f 701/636/738 704/639/740 703/642/743 702/637/739
f 705/640/741 708/643/744 707/646/746 706/641/742
f 709/644/745 712/647/747 711/650/750 710/645/745
f 692/627/765 730/663/765 351/669/765 370/670/765
f 1721/671/766 1722/672/767 729/664/767 691/630/766
f 693/628/765 692/627/765 370/670/765 369/673/765
f 1723/674/768 1721/671/766 691/630/766 694/629/769
f 1724/675/770 1723/674/768 694/629/769 695/634/771
f 696/631/765 693/628/765 369/673/765 368/676/765
f 697/632/765 696/631/765 368/676/765 367/677/765
f 1725/678/772 1724/675/770 695/634/771 698/633/773
f 700/667/765 697/632/765 367/677/765 366/679/765
f 1726/680/774 1725/678/772 698/633/773 699/668/774
f 1727/681/775 1726/682/774 699/638/774 702/637/776
f 701/636/765 700/635/765 366/683/765 365/684/765
f 704/639/765 701/636/765 365/684/765 364/685/765
f 1728/686/777 1727/681/775 702/637/776 703/642/778
f 1729/687/779 1728/686/777 703/642/778 706/641/780
f 705/640/765 704/639/765 364/685/765 363/688/765
f 708/643/765 705/640/765 363/688/765 362/689/765
f 1730/690/781 1729/687/779 706/641/780 707/646/781
f 1731/691/782 1730/690/781 707/646/781 710/645/782
f 709/644/765 708/643/765 362/689/765 361/692/765
f 1732/693/783 1731/691/782 710/645/782 711/650/783
f 712/647/765 709/644/765 361/692/765 360/694/765
f 713/648/765 712/647/765 360/694/765 359/695/765
f 1733/696/784 1732/693/783 711/650/783 714/649/785
f 716/651/765 713/648/765 359/695/765 358/697/765
f 1734/698/786 1733/696/784 714/649/785 715/654/787
f 1735/699/788 1734/698/786 715/654/787 718/653/789
f 717/652/765 716/651/765 358/697/765 357/700/765
f 720/655/765 717/652/765 357/700/765 356/701/765
f 1736/702/790 1735/699/788 718/653/789 719/658/790
f 721/656/765 720/655/765 356/701/765 355/703/765
f 1737/704/791 1736/702/790 719/658/790 722/657/792
f 1738/705/793 1737/704/791 722/657/792 723/662/794
f 724/659/765 721/656/765 355/703/765 354/706/765
f 725/660/765 724/659/765 354/706/765 353/707/765
f 1739/708/795 1738/705/793 723/662/794 726/661/796
f 727/665/765 725/660/765 353/707/765 352/709/765
f 1740/710/797 1739/708/795 726/661/796 728/666/797
f 730/663/765 727/665/765 352/709/765 351/669/765
f 1722/672/767 1740/710/797 728/666/797 729/664/767
f 745/711/369 744/712/370 764/713/370 765/714/369
f 749/715/365 748/716/364 768/717/364 769/718/365
f 733/719/378 732/720/379 752/721/379 753/722/378
f 736/723/310 735/724/309 755/725/309 756/726/310
f 740/727/1 739/728/374 759/729/374 760/730/1
f 734/731/377 733/719/378 753/722/378 754/732/377
f 737/733/376 736/723/310 756/726/310 757/734/376
f 748/716/364 747/735/367 767/736/367 768/717/364
f 741/737/373 740/727/1 760/730/1 761/738/373
f 731/739/366 750/740/18 770/741/18 751/742/366
f 742/743/372 741/737/373 761/738/373 762/744/372
f 746/745/368 745/711/369 765/714/369 766/746/368
f 743/747/371 742/743/372 762/744/372 763/748/371
f 747/735/367 746/745/368 766/746/368 767/736/367
f 735/749/309 734/731/377 754/732/377 755/750/309
f 732/720/379 731/739/366 751/742/366 752/721/379
f 750/740/18 749/715/365 769/718/365 770/741/18
f 738/751/375 737/733/376 757/734/376 758/752/375
f 744/712/370 743/747/371 763/748/371 764/713/370
f 739/728/374 738/751/375 758/752/375 759/729/374
f 766/746/798 765/714/799 785/753/799 786/754/800
f 763/748/801 762/744/802 782/755/803 783/756/804
f 767/736/805 766/746/798 786/754/800 787/757/806
f 755/750/807 754/732/808 774/758/809 775/759/807
f 752/721/810 751/742/811 771/760/812 772/761/813
f 770/741/814 769/718/815 789/762/816 790/763/814
f 758/752/817 757/734/818 777/764/819 778/765/820
f 764/713/821 763/748/801 783/756/804 784/766/822
f 759/729/823 758/752/817 778/765/820 779/767/824
f 765/714/799 764/713/821 784/766/822 785/753/799
f 769/718/815 768/717/825 788/768/826 789/762/816
f 753/722/827 752/721/810 772/761/813 773/769/828
f 756/726/829 755/725/807 775/770/807 776/771/830
f 760/730/831 759/729/823 779/767/824 780/772/831
f 754/732/808 753/722/827 773/769/828 774/758/809
f 757/734/818 756/726/829 776/771/830 777/764/819
f 768/717/825 767/736/805 787/757/806 788/768/826
f 761/738/832 760/730/831 780/772/831 781/773/833
f 751/742/811 770/741/814 790/763/814 771/760/812
f 762/744/802 761/738/832 781/773/833 782/755/803
f 934/774/834 933/775/835 799/776/836 800/777/837
f 940/778/838 939/779/839 793/780/840 794/781/841
f 946/782/842 945/783/843 796/784/844 797/785/845
f 952/786/846 951/787/847 807/788/848 808/789/849
f 955/790/850 934/774/834 800/777/837 801/791/851
f 961/792/852 960/793/853 810/794/854 791/795/855
f 964/796/856 955/790/850 801/791/851 802/797/857
f 970/798/858 969/799/859 805/800/860 806/801/861
f 973/802/862 964/796/856 802/797/857 803/803/863
f 951/787/847 970/798/858 806/801/861 807/788/848
f 976/804/864 940/778/838 794/781/841 795/805/865
f 979/806/866 961/792/852 791/795/855 792/807/867
f 960/793/853 984/808/868 809/809/869 810/794/854
f 985/810/870 946/782/842 797/785/845 798/811/871
f 988/812/872 973/802/862 803/803/863 804/813/873
f 933/775/835 985/810/870 798/811/871 799/776/836
f 969/799/859 988/812/872 804/813/873 805/800/860
f 984/808/868 952/786/846 808/789/849 809/809/869
f 939/779/839 979/806/866 792/807/867 793/780/840
f 945/783/843 976/814/864 795/815/865 796/784/844
f 834/816/874 833/817/875 811/818/876 812/819/877
f 840/820/878 839/821/879 829/822/880 830/823/878
f 846/824/881 845/825/882 817/826/883 818/827/884
f 852/828/885 851/829/886 823/830/887 824/831/888
f 855/832/889 846/824/881 818/827/884 819/833/890
f 858/834/891 852/828/885 824/831/888 825/835/891
f 839/821/879 863/836/892 828/837/893 829/822/880
f 864/838/894 834/816/874 812/819/877 813/839/895
f 870/840/896 869/841/897 815/842/897 816/843/898
f 873/844/899 855/832/889 819/833/890 820/845/899
f 876/846/900 864/838/894 813/839/895 814/847/901
f 845/825/882 870/840/896 816/843/898 817/826/883
f 863/836/892 881/848/902 827/849/903 828/837/893
f 882/850/904 873/844/899 820/845/899 821/851/905
f 833/817/875 840/820/878 830/823/878 811/818/876
f 885/852/906 882/850/904 821/851/905 822/853/907
f 888/854/908 858/834/891 825/835/891 826/855/909
f 851/829/886 885/852/906 822/853/907 823/830/887
f 881/848/902 888/854/908 826/855/909 827/849/903
f 869/856/897 876/846/900 814/847/901 815/857/897
f 795/805/897 794/781/910 878/858/900 867/859/897
f 867/859/897 878/858/900 877/860/900 868/861/897
f 868/861/897 877/860/900 876/846/900 869/856/897
f 807/788/911 806/801/912 890/862/908 879/863/902
f 879/863/902 890/862/908 889/864/908 880/865/902
f 880/865/902 889/864/908 888/854/908 881/848/902
f 803/803/913 802/797/914 887/866/906 849/867/886
f 849/867/886 887/866/906 886/868/906 850/869/886
f 850/869/886 886/868/906 885/852/906 851/829/886
f 806/801/912 805/800/891 860/870/891 890/862/908
f 890/862/908 860/870/891 859/871/891 889/864/908
f 889/864/908 859/871/891 858/834/891 888/854/908
f 802/797/914 801/791/915 884/872/904 887/866/906
f 887/866/906 884/872/904 883/873/904 886/868/906
f 886/868/906 883/873/904 882/850/904 885/852/906
f 791/795/916 810/794/878 842/874/878 831/875/875
f 831/875/875 842/874/878 841/876/878 832/877/875
f 832/877/875 841/876/878 840/820/878 833/817/875
f 801/791/915 800/777/899 875/878/899 884/872/904
f 884/872/904 875/878/899 874/879/899 883/873/904
f 883/873/904 874/879/899 873/844/899 882/850/904
f 808/789/917 807/788/911 879/863/902 861/880/892
f 861/880/892 879/863/902 880/865/902 862/881/892
f 862/881/892 880/865/902 881/848/902 863/836/892
f 797/785/918 796/784/919 872/882/896 843/883/882
f 843/883/882 872/882/896 871/884/896 844/885/882
f 844/885/882 871/884/896 870/840/896 845/825/882
f 794/781/910 793/780/920 866/886/894 878/858/900
f 878/858/900 866/886/894 865/887/894 877/860/900
f 877/860/900 865/887/894 864/838/894 876/846/900
f 800/777/899 799/776/921 857/888/889 875/878/899
f 875/878/899 857/888/889 856/889/889 874/879/899
f 874/879/899 856/889/889 855/832/889 873/844/899
f 796/784/919 795/815/897 867/890/897 872/882/896
f 872/882/896 867/890/897 868/891/897 871/884/896
f 871/884/896 868/891/897 869/841/897 870/840/896
f 793/780/920 792/807/922 836/892/874 866/886/894
f 866/886/894 836/892/874 835/893/874 865/887/894
f 865/887/894 835/893/874 834/816/874 864/838/894
f 809/809/923 808/789/917 861/880/892 837/894/879
f 837/894/879 861/880/892 862/881/892 838/895/879
f 838/895/879 862/881/892 863/836/892 839/821/879
f 805/800/891 804/813/924 854/896/885 860/870/891
f 860/870/891 854/896/885 853/897/885 859/871/891
f 859/871/891 853/897/885 852/828/885 858/834/891
f 799/776/921 798/811/925 848/898/881 857/888/889
f 857/888/889 848/898/881 847/899/881 856/889/889
f 856/889/889 847/899/881 846/824/881 855/832/889
f 804/813/924 803/803/913 849/867/886 854/896/885
f 854/896/885 849/867/886 850/869/886 853/897/885
f 853/897/885 850/869/886 851/829/886 852/828/885
f 798/811/925 797/785/918 843/883/882 848/898/881
f 848/898/881 843/883/882 844/885/882 847/899/881
f 847/899/881 844/885/882 845/825/882 846/824/881
f 810/794/878 809/809/923 837/894/879 842/874/878
f 842/874/878 837/894/879 838/895/879 841/876/878
f 841/876/878 838/895/879 839/821/879 840/820/878
f 792/807/922 791/795/916 831/875/875 836/892/874
f 836/892/874 831/875/875 832/877/875 835/893/874
f 835/893/874 832/877/875 833/817/875 834/816/874
f 820/900/765 819/901/765 899/902/765 900/903/765
f 814/904/926 813/905/765 893/906/765 894/907/926
f 817/908/765 816/909/765 896/910/765 897/911/765
f 828/912/765 827/913/765 907/914/765 908/915/765
f 821/916/765 820/900/765 900/903/765 901/917/765
f 811/918/765 830/919/765 910/920/765 891/921/765
f 822/922/765 821/916/765 901/917/765 902/923/765
f 826/924/765 825/925/765 905/926/765 906/927/765
f 823/928/765 822/922/765 902/923/765 903/929/765
f 827/913/765 826/924/765 906/927/765 907/914/765
f 815/930/765 814/904/926 894/907/926 895/931/765
f 812/932/765 811/918/765 891/921/765 892/933/765
f 830/919/765 829/934/765 909/935/765 910/920/765
f 818/936/765 817/908/765 897/911/765 898/937/765
f 824/938/765 823/928/765 903/929/765 904/939/765
f 819/901/765 818/936/765 898/937/765 899/902/765
f 825/925/765 824/938/765 904/939/765 905/926/765
f 829/934/765 828/912/765 908/915/765 909/935/765
f 813/905/765 812/932/765 892/933/765 893/906/765
f 816/909/765 815/930/765 895/931/765 896/910/765
f 902/923/927 901/917/928 921/940/929 922/941/930
f 906/927/931 905/926/932 925/942/932 926/943/933
f 903/929/934 902/923/927 922/941/930 923/944/935
f 907/914/936 906/927/931 926/943/933 927/945/937
f 895/931/938 894/907/939 914/946/940 915/947/938
f 892/933/941 891/921/942 911/948/943 912/949/944
f 910/920/945 909/935/946 929/950/947 930/951/945
f 898/937/948 897/911/949 917/952/950 918/953/951
f 904/939/952 903/929/934 923/944/935 924/954/953
f 899/902/954 898/937/948 918/953/951 919/955/955
f 905/926/932 904/939/952 924/954/953 925/942/932
f 909/935/946 908/915/956 928/956/957 929/950/947
f 893/906/958 892/933/941 912/949/944 913/957/959
f 896/910/960 895/931/938 915/947/938 916/958/961
f 900/903/962 899/902/954 919/955/955 920/959/962
f 894/907/939 893/906/958 913/957/959 914/946/940
f 897/911/949 896/910/960 916/958/961 917/952/950
f 908/915/956 907/914/936 927/945/937 928/956/957
f 901/917/928 900/903/962 920/959/962 921/940/929
f 891/921/942 910/920/945 930/951/945 911/948/943
f 914/946/963 913/957/964 916/958/964 915/947/963
f 913/957/964 912/949/926 917/952/926 916/958/964
f 912/949/926 911/948/765 918/953/926 917/952/926
f 911/948/765 930/951/765 919/955/765 918/953/926
f 930/951/765 929/950/765 920/959/765 919/955/765
f 929/950/765 928/956/765 921/940/765 920/959/765
f 928/956/765 927/945/964 922/941/964 921/940/765
f 927/945/964 926/943/765 923/944/765 922/941/964
f 926/943/765 925/942/964 924/954/964 923/944/765
f 776/771/965 775/770/966 978/960/967 943/961/968
f 943/961/968 978/960/967 977/962/969 944/963/970
f 944/963/970 977/962/969 976/814/864 945/783/843
f 773/769/971 772/761/972 981/964/973 937/965/974
f 937/965/974 981/964/973 980/966/975 938/967/976
f 938/967/976 980/966/975 979/806/866 939/779/839
f 789/762/977 788/768/978 954/968/979 982/969/980
f 982/969/980 954/968/979 953/970/981 983/971/982
f 983/971/982 953/970/981 952/786/846 984/808/868
f 785/753/983 784/766/984 990/972/985 967/973/986
f 967/973/986 990/972/985 989/974/987 968/975/988
f 968/975/988 989/974/987 988/812/872 969/799/859
f 779/767/989 778/765/990 987/976/991 931/977/992
f 931/977/992 987/976/991 986/978/993 932/979/994
f 932/979/994 986/978/993 985/810/870 933/775/835
f 784/766/984 783/756/995 975/980/996 990/972/985
f 990/972/985 975/980/996 974/981/997 989/974/987
f 989/974/987 974/981/997 973/802/862 988/812/872
f 778/765/990 777/764/998 948/982/999 987/976/991
f 987/976/991 948/982/999 947/983/1000 986/978/993
f 986/978/993 947/983/1000 946/782/842 985/810/870
f 790/763/1001 789/762/977 982/969/980 958/984/1002
f 958/984/1002 982/969/980 983/971/982 959/985/1003
f 959/985/1003 983/971/982 984/808/868 960/793/853
f 772/761/972 771/760/1004 963/986/1005 981/964/973
f 981/964/973 963/986/1005 962/987/1006 980/966/975
f 980/966/975 962/987/1006 961/792/852 979/806/866
f 775/759/966 774/758/1007 942/988/1008 978/989/967
f 978/989/967 942/988/1008 941/990/1009 977/991/969
f 977/991/969 941/990/1009 940/778/838 976/804/864
f 787/757/1010 786/754/1011 972/992/1012 949/993/1013
f 949/993/1013 972/992/1012 971/994/1014 950/995/1015
f 950/995/1015 971/994/1014 970/798/858 951/787/847
f 783/756/995 782/755/1016 966/996/1017 975/980/996
f 975/980/996 966/996/1017 965/997/1018 974/981/997
f 974/981/997 965/997/1018 964/796/856 973/802/862
f 786/754/1011 785/753/983 967/973/986 972/992/1012
f 972/992/1012 967/973/986 968/975/988 971/994/1014
f 971/994/1014 968/975/988 969/799/859 970/798/858
f 782/755/1016 781/773/1019 957/998/1020 966/996/1017
f 966/996/1017 957/998/1020 956/999/1021 965/997/1018
f 965/997/1018 956/999/1021 955/790/850 964/796/856
f 771/760/1004 790/763/1001 958/984/1002 963/986/1005
f 963/986/1005 958/984/1002 959/985/1003 962/987/1006
f 962/987/1006 959/985/1003 960/793/853 961/792/852
f 781/773/1019 780/772/1022 936/1000/1023 957/998/1020
f 957/998/1020 936/1000/1023 935/1001/1024 956/999/1021
f 956/999/1021 935/1001/1024 934/774/834 955/790/850
f 788/768/978 787/757/1010 949/993/1013 954/968/979
f 954/968/979 949/993/1013 950/995/1015 953/970/981
f 953/970/981 950/995/1015 951/787/847 952/786/846
f 777/764/998 776/771/965 943/961/968 948/982/999
f 948/982/999 943/961/968 944/963/970 947/983/1000
f 947/983/1000 944/963/970 945/783/843 946/782/842
f 774/758/1007 773/769/971 937/965/974 942/988/1008
f 942/988/1008 937/965/974 938/967/976 941/990/1009
f 941/990/1009 938/967/976 939/779/839 940/778/838
f 780/772/1022 779/767/989 931/977/992 936/1000/1023
f 936/1000/1023 931/977/992 932/979/994 935/1001/1024
f 935/1001/1024 932/979/994 933/775/835 934/774/834
f 1030/1002/1025 991/1003/1026 992/1004/1027 1029/1005/1025
f 1014/1006/1028 1015/1007/1029 1016/1008/1030 1013/1009/1031
f 991/1003/1026 993/1010/1032 994/1011/1033 992/1004/1027
f 1015/1007/1029 1017/1012/1034 1018/1013/1035 1016/1008/1030
f 1026/1014/1036 1027/1015/1037 1028/1016/1038 1025/1017/1039
f 1008/1018/1040 1009/1019/1041 1010/1020/1041 1007/1021/1042
f 1002/1022/1043 1003/1023/1044 1004/1024/1045 1001/1025/1046
f 1009/1019/1041 1011/1026/1047 1012/1027/1048 1010/1020/1041
f 1020/1028/1049 1021/1029/1050 1022/1030/1051 1019/1031/1049
f 998/1032/1052 999/1033/1053 1000/1034/1053 997/1035/1054
f 1003/1023/1044 1005/1036/1055 1006/1037/1056 1004/1024/1045
f 1017/1012/1034 1020/1028/1049 1019/1031/1049 1018/1013/1035
f 999/1038/1053 1002/1022/1043 1001/1025/1046 1000/1039/1053
f 996/1040/1057 998/1032/1052 997/1035/1054 995/1041/1058
f 1024/1042/1059 1026/1014/1036 1025/1017/1039 1023/1043/1060
f 1011/1026/1047 1014/1006/1028 1013/1009/1031 1012/1027/1048
f 1021/1029/1050 1024/1042/1059 1023/1043/1060 1022/1030/1051
f 1027/1015/1037 1030/1002/1025 1029/1005/1025 1028/1016/1038
f 1005/1036/1055 1008/1018/1040 1007/1021/1042 1006/1037/1056
f 993/1010/1032 996/1040/1057 995/1041/1058 994/1011/1033
f 993/1010/765 991/1003/765 731/1044/765 732/1045/765
f 991/1003/765 1030/1002/765 750/1046/765 731/1044/765
f 996/1040/765 993/1010/765 732/1045/765 733/1047/765
f 998/1032/765 996/1040/765 733/1047/765 734/1048/765
f 999/1033/765 998/1032/765 734/1048/765 735/1049/765
f 1002/1022/765 999/1038/765 735/1050/765 736/1051/765
f 1003/1023/765 1002/1022/765 736/1051/765 737/1052/765
f 1005/1036/765 1003/1023/765 737/1052/765 738/1053/765
f 1008/1018/765 1005/1036/765 738/1053/765 739/1054/765
f 1009/1019/765 1008/1018/765 739/1054/765 740/1055/765
f 1011/1026/765 1009/1019/765 740/1055/765 741/1056/765
f 1014/1006/765 1011/1026/765 741/1056/765 742/1057/765
f 1015/1007/765 1014/1006/765 742/1057/765 743/1058/765
f 1017/1012/765 1015/1007/765 743/1058/765 744/1059/765
f 1020/1028/765 1017/1012/765 744/1059/765 745/1060/765
f 1021/1029/765 1020/1028/765 745/1060/765 746/1061/765
f 1024/1042/765 1021/1029/765 746/1061/765 747/1062/765
f 1026/1014/765 1024/1042/765 747/1062/765 748/1063/765
f 1027/1015/765 1026/1014/765 748/1063/765 749/1064/765
f 1030/1002/765 1027/1015/765 749/1064/765 750/1046/765
f 1064/1065/1061 1061/1066/1062 1062/1067/1062 1063/1068/1063
f 1056/1069/1064 1053/1070/1065 1054/1071/1066 1055/1072/1067
f 1042/1073/1068 1039/1074/1069 1040/1075/1070 1041/1076/1068
f 1034/1077/1071 1031/1078/1072 1032/1079/1072 1033/1080/1073
f 1052/1081/1074 1049/1082/1075 1050/1083/1076 1051/1084/1074
f 1039/1074/1069 1037/1085/1077 1038/1086/1078 1040/1075/1070
f 1060/1087/1079 1057/1088/1080 1058/1089/1081 1059/1090/1082
f 1037/1085/1077 1035/1091/1083 1036/1092/1084 1038/1086/1078
f 1053/1070/1065 1052/1081/1074 1051/1084/1074 1054/1071/1066
f 1066/1093/1085 1064/1065/1061 1063/1068/1063 1065/1094/1086
f 1035/1091/1083 1034/1077/1071 1033/1080/1073 1036/1092/1084
f 1044/1095/1087 1042/1073/1068 1041/1076/1068 1043/1096/1088
f 1046/1097/1089 1044/1095/1087 1043/1096/1088 1045/1098/1090
f 1061/1099/1062 1060/1087/1079 1059/1090/1082 1062/1100/1062
f 1070/1101/1091 1067/1102/1092 1068/1103/1093 1069/1104/1094
f 1067/1102/1092 1066/1093/1085 1065/1094/1086 1068/1103/1093
f 1048/1105/1095 1046/1097/1089 1045/1098/1090 1047/1106/1096
f 1049/1082/1075 1048/1105/1095 1047/1106/1096 1050/1083/1076
f 1057/1088/1080 1056/1069/1064 1055/1072/1067 1058/1089/1081
f 1031/1078/1072 1070/1101/1091 1069/1104/1094 1032/1079/1072
f 350/1107/363 349/1108/363 1033/1080/363 1032/1079/363
f 331/1109/363 350/1107/363 1032/1079/363 1069/1104/363
f 349/1108/363 348/1110/363 1036/1092/363 1033/1080/363
f 348/1110/363 347/1111/363 1038/1086/363 1036/1092/363
f 347/1111/363 346/1112/363 1040/1075/363 1038/1086/363
f 346/1112/363 345/1113/363 1041/1076/363 1040/1075/363
f 345/1113/363 344/1114/363 1043/1096/363 1041/1076/363
f 344/1114/363 343/1115/363 1045/1098/363 1043/1096/363
f 343/1115/363 342/1116/363 1047/1106/363 1045/1098/363
f 342/1116/363 341/1117/363 1050/1083/363 1047/1106/363
f 341/1117/363 340/1118/363 1051/1084/363 1050/1083/363
f 340/1118/363 339/1119/363 1054/1071/363 1051/1084/363
f 339/1119/363 338/1120/363 1055/1072/363 1054/1071/363
f 338/1120/363 337/1121/363 1058/1089/363 1055/1072/363
f 337/1121/363 336/1122/363 1059/1090/363 1058/1089/363
f 336/1122/363 335/1123/363 1062/1100/363 1059/1090/363
f 335/1124/363 334/1125/363 1063/1068/363 1062/1067/363
f 334/1125/363 333/1126/363 1065/1094/363 1063/1068/363
f 333/1126/363 332/1127/363 1068/1103/363 1065/1094/363
f 332/1127/363 331/1109/363 1069/1104/363 1068/1103/363
f 1386/1128/377 1146/1129/309 366/1130/309 367/1131/377
f 1089/1132/375 1322/1133/374 362/1134/374 363/1135/375
f 1351/1136/372 1178/1137/371 358/1138/371 359/1139/372
f 1088/1140/1 1143/1141/373 360/1142/373 361/1143/1
f 1255/1144/18 1258/1145/366 370/1146/366 351/1147/18
f 1322/1133/374 1088/1140/1 361/1143/1 362/1134/374
f 1207/1148/370 1303/1149/369 356/1150/369 357/1151/370
f 1143/1141/373 1351/1136/372 359/1139/372 360/1142/373
f 1146/1152/309 1175/1153/310 365/1154/310 366/1155/309
f 1824/1156/765 1825/1157/765 1079/1158/765 1080/1159/765
f 1383/1160/368 1354/1161/367 354/1162/367 355/1163/368
f 1258/1145/366 1287/1164/379 369/1165/379 370/1146/366
f 1839/1166/765 1845/1167/765 1864/1168/765 1073/1169/765
f 1303/1149/369 1383/1160/368 355/1163/368 356/1150/369
f 1175/1153/310 1120/1170/376 364/1171/376 365/1154/310
f 1854/1172/765 1839/1166/765 1073/1169/765 1074/1173/765
f 1821/1174/765 1836/1175/765 1868/1176/765 1869/1177/765
f 1287/1164/379 1319/1178/378 368/1179/378 369/1165/379
f 1847/1180/765 1824/1156/765 1080/1159/765 1075/1181/765
f 1210/1182/364 1239/1183/365 352/1184/365 353/1185/364
f 1239/1183/365 1255/1144/18 351/1147/18 352/1184/365
f 1354/1161/367 1210/1182/364 353/1185/364 354/1162/367
f 1833/1186/765 1858/1187/765 1862/1188/765 1861/1189/765
f 1178/1137/371 1207/1148/370 357/1151/370 358/1138/371
f 1319/1178/378 1386/1128/377 367/1131/377 368/1179/378
f 1122/1190/1 1135/1191/373 1138/1192/373 1081/1193/1
f 1328/1194/374 1082/1195/1 1083/1196/1 1325/1197/374
f 1330/1198/374 1122/1190/1 1081/1193/1 1327/1199/374
f 1082/1195/1 1137/1200/373 1140/1201/373 1083/1196/1
f 1326/1202/374 1084/1203/1 1085/1204/1 1323/1205/374
f 1084/1203/1 1139/1206/373 1142/1207/373 1085/1204/1
f 1086/1208/1 1141/1209/373 1144/1210/373 1087/1211/1
f 1324/1212/374 1086/1208/1 1087/1211/1 1321/1213/374
f 1118/1214/376 1091/1215/375 1090/1216/375 1119/1217/376
f 1091/1215/375 1324/1212/374 1321/1213/374 1090/1216/375
f 1093/1218/375 1326/1202/374 1323/1205/374 1092/1219/375
f 1116/1220/376 1093/1218/375 1092/1219/375 1117/1221/376
f 1095/1222/375 1328/1194/374 1325/1197/374 1094/1223/375
f 1114/1224/376 1095/1222/375 1094/1223/375 1115/1225/376
f 1112/1226/376 1097/1227/375 1096/1228/375 1113/1229/376
f 1097/1227/375 1330/1198/374 1327/1199/374 1096/1228/375
f 1099/1230/375 1332/1231/374 1329/1232/374 1098/1233/375
f 1110/1234/376 1099/1230/375 1098/1233/375 1111/1235/376
f 1101/1236/375 1334/1237/374 1331/1238/374 1100/1239/375
f 1108/1240/376 1101/1236/375 1100/1239/375 1109/1241/376
f 1106/1242/376 1103/1243/375 1102/1244/375 1107/1245/376
f 1103/1243/375 1336/1246/374 1333/1247/374 1102/1244/375
f 1161/1248/310 1106/1242/376 1107/1245/376 1164/1249/310
f 1163/1250/310 1108/1240/376 1109/1241/376 1166/1251/310
f 1165/1252/310 1110/1234/376 1111/1235/376 1168/1253/310
f 1167/1254/310 1112/1226/376 1113/1229/376 1170/1255/310
f 1169/1256/310 1114/1224/376 1115/1225/376 1172/1257/310
f 1171/1258/310 1116/1220/376 1117/1221/376 1174/1259/310
f 1173/1260/310 1118/1214/376 1119/1217/376 1176/1261/310
f 1124/1262/1 1133/1263/373 1136/1264/373 1121/1265/1
f 1332/1231/374 1124/1262/1 1121/1265/1 1329/1232/374
f 1126/1266/1 1131/1267/373 1134/1268/373 1123/1269/1
f 1334/1237/374 1126/1266/1 1123/1269/1 1331/1238/374
f 1128/1270/1 1129/1271/373 1132/1272/373 1125/1273/1
f 1336/1246/374 1128/1270/1 1125/1273/1 1333/1247/374
f 1129/1271/373 1337/1274/372 1340/1275/372 1132/1272/373
f 1131/1267/373 1339/1276/372 1342/1277/372 1134/1268/373
f 1133/1263/373 1341/1278/372 1344/1279/372 1136/1264/373
f 1135/1191/373 1343/1280/372 1346/1281/372 1138/1192/373
f 1137/1200/373 1345/1282/372 1348/1283/372 1140/1201/373
f 1139/1206/373 1347/1284/372 1350/1285/372 1142/1207/373
f 1141/1209/373 1349/1286/372 1352/1287/372 1144/1210/373
f 1148/1288/309 1173/1260/310 1176/1261/310 1145/1289/309
f 1388/1290/377 1148/1291/309 1145/1292/309 1385/1293/377
f 1150/1294/309 1171/1258/310 1174/1259/310 1147/1295/309
f 1390/1296/377 1150/1297/309 1147/1298/309 1387/1299/377
f 1152/1300/309 1169/1256/310 1172/1257/310 1149/1301/309
f 1392/1302/377 1152/1303/309 1149/1304/309 1389/1305/377
f 1154/1306/309 1167/1254/310 1170/1255/310 1151/1307/309
f 1394/1308/377 1154/1309/309 1151/1310/309 1391/1311/377
f 1156/1312/309 1165/1252/310 1168/1253/310 1153/1313/309
f 1396/1314/377 1156/1315/309 1153/1316/309 1393/1317/377
f 1158/1318/309 1163/1250/310 1166/1251/310 1155/1319/309
f 1398/1320/377 1158/1321/309 1155/1322/309 1395/1323/377
f 1160/1324/309 1161/1248/310 1164/1249/310 1157/1325/309
f 1400/1326/377 1160/1327/309 1157/1328/309 1397/1329/377
f 1180/1330/371 1205/1331/370 1208/1332/370 1177/1333/371
f 1349/1286/372 1180/1330/371 1177/1333/371 1352/1287/372
f 1182/1334/371 1203/1335/370 1206/1336/370 1179/1337/371
f 1347/1284/372 1182/1334/371 1179/1337/371 1350/1285/372
f 1184/1338/371 1201/1339/370 1204/1340/370 1181/1341/371
f 1345/1282/372 1184/1338/371 1181/1341/371 1348/1283/372
f 1186/1342/371 1199/1343/370 1202/1344/370 1183/1345/371
f 1343/1280/372 1186/1342/371 1183/1345/371 1346/1281/372
f 1188/1346/371 1197/1347/370 1200/1348/370 1185/1349/371
f 1341/1278/372 1188/1346/371 1185/1349/371 1344/1279/372
f 1190/1350/371 1195/1351/370 1198/1352/370 1187/1353/371
f 1339/1276/372 1190/1350/371 1187/1353/371 1342/1277/372
f 1192/1354/371 1193/1355/370 1196/1356/370 1189/1357/371
f 1337/1274/372 1192/1354/371 1189/1357/371 1340/1275/372
f 1856/1358/765 1850/1359/765 1076/1360/765 1870/1361/765
f 1843/1362/765 1854/1172/765 1074/1173/765 1867/1363/765
f 1193/1355/370 1289/1364/369 1292/1365/369 1196/1356/370
f 1195/1351/370 1291/1366/369 1294/1367/369 1198/1352/370
f 1197/1347/370 1293/1368/369 1296/1369/369 1200/1348/370
f 1199/1343/370 1295/1370/369 1298/1371/369 1202/1344/370
f 1201/1339/370 1297/1372/369 1300/1373/369 1204/1340/370
f 1203/1335/370 1299/1374/369 1302/1375/369 1206/1336/370
f 1205/1331/370 1301/1376/369 1304/1377/369 1208/1332/370
f 1212/1378/364 1237/1379/365 1240/1380/365 1209/1381/364
f 1356/1382/367 1212/1378/364 1209/1381/364 1353/1383/367
f 1214/1384/364 1235/1385/365 1238/1386/365 1211/1387/364
f 1358/1388/367 1214/1384/364 1211/1387/364 1355/1389/367
f 1216/1390/364 1233/1391/365 1236/1392/365 1213/1393/364
f 1360/1394/367 1216/1390/364 1213/1393/364 1357/1395/367
f 1218/1396/364 1231/1397/365 1234/1398/365 1215/1399/364
f 1362/1400/367 1218/1396/364 1215/1399/364 1359/1401/367
f 1220/1402/364 1229/1403/365 1232/1404/365 1217/1405/364
f 1364/1406/367 1220/1402/364 1217/1405/364 1361/1407/367
f 1222/1408/364 1227/1409/365 1230/1410/365 1219/1411/364
f 1366/1412/367 1222/1408/364 1219/1411/364 1363/1413/367
f 1224/1414/364 1225/1415/365 1228/1416/365 1221/1417/364
f 1368/1418/367 1224/1414/364 1221/1417/364 1365/1419/367
f 1225/1415/365 1241/1420/18 1244/1421/18 1228/1416/365
f 1227/1409/365 1243/1422/18 1246/1423/18 1230/1410/365
f 1229/1403/365 1245/1424/18 1248/1425/18 1232/1404/365
f 1231/1397/365 1247/1426/18 1250/1427/18 1234/1398/365
f 1233/1391/365 1249/1428/18 1252/1429/18 1236/1392/365
f 1235/1385/365 1251/1430/18 1254/1431/18 1238/1386/365
f 1237/1379/365 1253/1432/18 1256/1433/18 1240/1380/365
f 1241/1420/18 1272/1434/366 1269/1435/366 1244/1421/18
f 1243/1422/18 1270/1436/366 1267/1437/366 1246/1423/18
f 1245/1424/18 1268/1438/366 1265/1439/366 1248/1425/18
f 1247/1426/18 1266/1440/366 1263/1441/366 1250/1427/18
f 1249/1428/18 1264/1442/366 1261/1443/366 1252/1429/18
f 1251/1430/18 1262/1444/366 1259/1445/366 1254/1431/18
f 1253/1432/18 1260/1446/366 1257/1447/366 1256/1433/18
f 1260/1446/366 1285/1448/379 1288/1449/379 1257/1447/366
f 1262/1444/366 1283/1450/379 1286/1451/379 1259/1445/366
f 1264/1442/366 1281/1452/379 1284/1453/379 1261/1443/366
f 1266/1440/366 1279/1454/379 1282/1455/379 1263/1441/366
f 1268/1438/366 1277/1456/379 1280/1457/379 1265/1439/366
f 1270/1436/366 1275/1458/379 1278/1459/379 1267/1437/366
f 1272/1434/366 1273/1460/379 1276/1461/379 1269/1435/366
f 1273/1460/379 1305/1462/378 1308/1463/378 1276/1461/379
f 1275/1458/379 1307/1464/378 1310/1465/378 1278/1459/379
f 1277/1456/379 1309/1466/378 1312/1467/378 1280/1457/379
f 1279/1454/379 1311/1468/378 1314/1469/378 1282/1455/379
f 1281/1452/379 1313/1470/378 1316/1471/378 1284/1453/379
f 1283/1450/379 1315/1472/378 1318/1473/378 1286/1451/379
f 1285/1448/379 1317/1474/378 1320/1475/378 1288/1449/379
f 1289/1364/369 1369/1476/368 1372/1477/368 1292/1365/369
f 1291/1366/369 1371/1478/368 1374/1479/368 1294/1367/369
f 1293/1368/369 1373/1480/368 1376/1481/368 1296/1369/369
f 1295/1370/369 1375/1482/368 1378/1483/368 1298/1371/369
f 1297/1372/369 1377/1484/368 1380/1485/368 1300/1373/369
f 1299/1374/369 1379/1486/368 1382/1487/368 1302/1375/369
f 1301/1376/369 1381/1488/368 1384/1489/368 1304/1377/369
f 1305/1462/378 1400/1326/377 1397/1329/377 1308/1463/378
f 1307/1464/378 1398/1320/377 1395/1323/377 1310/1465/378
f 1309/1466/378 1396/1314/377 1393/1317/377 1312/1467/378
f 1311/1468/378 1394/1308/377 1391/1311/377 1314/1469/378
f 1313/1470/378 1392/1302/377 1389/1305/377 1316/1471/378
f 1315/1472/378 1390/1296/377 1387/1299/377 1318/1473/378
f 1317/1474/378 1388/1290/377 1385/1293/377 1320/1475/378
f 1381/1488/368 1356/1382/367 1353/1383/367 1384/1489/368
f 1379/1486/368 1358/1388/367 1355/1389/367 1382/1487/368
f 1377/1484/368 1360/1394/367 1357/1395/367 1380/1485/368
f 1375/1482/368 1362/1400/367 1359/1401/367 1378/1483/368
f 1373/1480/368 1364/1406/367 1361/1407/367 1376/1481/368
f 1371/1478/368 1366/1412/367 1363/1413/367 1374/1479/368
f 1369/1476/368 1368/1418/367 1365/1419/367 1372/1477/368
f 1858/1187/765 1827/1490/765 1863/1491/765 1862/1188/765
f 1626/1492/1097 1719/1493/1098 1720/1494/1098 1625/1495/1097
f 1628/1496/1097 1717/1497/1098 1718/1498/1098 1627/1499/1097
f 1630/1500/1097 1715/1501/1098 1716/1502/1098 1629/1503/1097
f 1632/1504/1097 1713/1505/1098 1714/1506/1098 1631/1507/1097
f 1634/1508/1097 1711/1509/1098 1712/1510/1098 1633/1511/1097
f 1636/1512/1097 1709/1513/1098 1710/1514/1098 1635/1515/1097
f 1638/1516/1097 1707/1517/1098 1708/1518/1098 1637/1519/1097
f 1640/1520/1097 1705/1521/1098 1706/1522/1098 1639/1523/1097
f 1719/1493/1098 1479/1524/309 1480/1525/309 1720/1494/1098
f 1717/1497/1098 1477/1526/309 1478/1527/309 1718/1498/1098
f 1715/1501/1098 1475/1528/309 1476/1529/309 1716/1502/1098
f 1713/1505/1098 1473/1530/309 1474/1531/309 1714/1506/1098
f 1711/1509/1098 1471/1532/309 1472/1533/309 1712/1510/1098
f 1709/1513/1098 1469/1534/309 1470/1535/309 1710/1514/1098
f 1707/1517/1098 1467/1536/309 1468/1537/309 1708/1518/1098
f 1705/1521/1098 1465/1538/309 1466/1539/309 1706/1522/1098
f 1690/1540/1099 1687/1541/1100 1688/1542/1100 1689/1543/1099
f 1692/1544/1099 1685/1545/1100 1686/1546/1100 1691/1547/1099
f 1694/1548/1099 1683/1549/1100 1684/1550/1100 1693/1551/1099
f 1696/1552/1099 1681/1553/1100 1682/1554/1100 1695/1555/1099
f 1698/1556/1099 1679/1557/1100 1680/1558/1100 1697/1559/1099
f 1700/1560/1099 1677/1561/1100 1678/1562/1100 1699/1563/1099
f 1702/1564/1099 1675/1565/1100 1676/1566/1100 1701/1567/1099
f 1704/1568/1099 1673/1569/1100 1674/1570/1100 1703/1571/1099
f 1562/1572/18 1591/1573/1101 1592/1574/1101 1561/1575/18
f 1564/1576/18 1589/1577/1101 1590/1578/1101 1563/1579/18
f 1566/1580/18 1587/1581/1101 1588/1582/1101 1565/1583/18
f 1568/1584/18 1585/1585/1101 1586/1586/1101 1567/1587/18
f 1570/1588/18 1583/1589/1101 1584/1590/1101 1569/1591/18
f 1572/1592/18 1581/1593/1101 1582/1594/1101 1571/1595/18
f 1574/1596/18 1579/1597/1101 1580/1598/1101 1573/1599/18
f 1576/1600/18 1577/1601/1101 1578/1602/1101 1575/1603/18
f 1424/1604/1102 1655/1605/1103 1656/1606/1103 1423/1607/1102
f 1422/1608/1102 1653/1609/1103 1654/1610/1103 1421/1611/1102
f 1420/1612/1102 1651/1613/1103 1652/1614/1103 1419/1615/1102
f 1418/1616/1102 1649/1617/1103 1650/1618/1103 1417/1619/1102
f 1416/1620/1102 1647/1621/1103 1648/1622/1103 1415/1623/1102
f 1414/1624/1102 1645/1625/1103 1646/1626/1103 1413/1627/1102
f 1412/1628/1102 1643/1629/1103 1644/1630/1103 1411/1631/1102
f 1410/1632/1102 1641/1633/1103 1642/1634/1103 1409/1635/1102
f 1610/1636/369 1690/1540/1099 1689/1543/1099 1609/1637/369
f 1612/1638/369 1692/1544/1099 1691/1547/1099 1611/1639/369
f 1614/1640/369 1694/1548/1099 1693/1551/1099 1613/1641/369
f 1616/1642/369 1696/1552/1099 1695/1555/1099 1615/1643/369
f 1618/1644/369 1698/1556/1099 1697/1559/1099 1617/1645/369
f 1620/1646/369 1700/1560/1099 1699/1563/1099 1619/1647/369
f 1622/1648/369 1702/1564/1099 1701/1567/1099 1621/1649/369
f 1624/1650/369 1704/1568/1099 1703/1571/1099 1623/1651/369
f 1687/1541/1100 1543/1652/1104 1544/1653/1104 1688/1542/1100
f 1685/1545/1100 1541/1654/1104 1542/1655/1104 1686/1546/1100
f 1683/1549/1100 1539/1656/1104 1540/1657/1104 1684/1550/1100
f 1681/1553/1100 1537/1658/1104 1538/1659/1104 1682/1554/1100
f 1679/1557/1100 1535/1660/1104 1536/1661/1104 1680/1558/1100
f 1677/1561/1100 1533/1662/1104 1534/1663/1104 1678/1562/1100
f 1675/1565/1100 1531/1664/1104 1532/1665/1104 1676/1566/1100
f 1673/1569/1100 1529/1666/1104 1530/1667/1104 1674/1570/1100
f 1658/1668/1105 1511/1669/1106 1512/1670/1106 1657/1671/1105
f 1660/1672/1105 1509/1673/1106 1510/1674/1106 1659/1675/1105
f 1662/1676/1105 1507/1677/1106 1508/1678/1106 1661/1679/1105
f 1664/1680/1105 1505/1681/1106 1506/1682/1106 1663/1683/1105
f 1666/1684/1105 1503/1685/1106 1504/1686/1106 1665/1687/1105
f 1668/1688/1105 1501/1689/1106 1502/1690/1106 1667/1691/1105
f 1670/1692/1105 1499/1693/1106 1500/1694/1106 1669/1695/1105
f 1672/1696/1105 1497/1697/1106 1498/1698/1106 1671/1699/1105
f 1482/1700/1107 1425/1701/1108 1426/1702/1108 1481/1703/1107
f 1484/1704/1107 1427/1705/1108 1428/1706/1108 1483/1707/1107
f 1486/1708/1107 1429/1709/1108 1430/1710/1108 1485/1711/1107
f 1488/1712/1107 1431/1713/1108 1432/1714/1108 1487/1715/1107
f 1490/1716/1107 1433/1717/1108 1434/1718/1108 1489/1719/1107
f 1492/1720/1107 1435/1721/1108 1436/1722/1108 1491/1723/1107
f 1494/1724/1107 1437/1725/1108 1438/1726/1108 1493/1727/1107
f 1496/1728/1107 1439/1729/1108 1440/1730/1108 1495/1731/1107
f 1450/1732/1109 1658/1668/1105 1657/1671/1105 1449/1733/1109
f 1452/1734/1109 1660/1672/1105 1659/1675/1105 1451/1735/1109
f 1454/1736/1109 1662/1676/1105 1661/1679/1105 1453/1737/1109
f 1456/1738/1109 1664/1680/1105 1663/1683/1105 1455/1739/1109
f 1458/1740/1109 1666/1684/1105 1665/1687/1105 1457/1741/1109
f 1460/1742/1109 1668/1688/1105 1667/1691/1105 1459/1743/1109
f 1462/1744/1109 1670/1692/1105 1669/1695/1105 1461/1745/1109
f 1464/1746/1109 1672/1696/1105 1671/1699/1105 1463/1747/1109
f 1655/1605/1103 1447/1748/1 1448/1749/1 1656/1606/1103
f 1653/1609/1103 1445/1750/1 1446/1751/1 1654/1610/1103
f 1651/1613/1103 1443/1752/1 1444/1753/1 1652/1614/1103
f 1649/1617/1103 1441/1754/1 1442/1755/1 1650/1618/1103
f 1647/1621/1103 1401/1756/1 1402/1757/1 1648/1622/1103
f 1645/1625/1103 1403/1758/1 1404/1759/1 1646/1626/1103
f 1643/1629/1103 1405/1760/1 1406/1761/1 1644/1630/1103
f 1641/1633/1103 1407/1762/1 1408/1763/1 1642/1634/1103
f 1594/1764/1110 1626/1492/1097 1625/1495/1097 1593/1765/1110
f 1596/1766/1110 1628/1496/1097 1627/1499/1097 1595/1767/1110
f 1598/1768/1110 1630/1500/1097 1629/1503/1097 1597/1769/1110
f 1600/1770/1110 1632/1504/1097 1631/1507/1097 1599/1771/1110
f 1602/1772/1110 1634/1508/1097 1633/1511/1097 1601/1773/1110
f 1604/1774/1110 1636/1512/1097 1635/1515/1097 1603/1775/1110
f 1606/1776/1110 1638/1516/1097 1637/1519/1097 1605/1777/1110
f 1608/1778/1110 1640/1520/1097 1639/1523/1097 1607/1779/1110
f 1514/1780/1111 1610/1636/369 1609/1637/369 1513/1781/1111
f 1516/1782/1111 1612/1638/369 1611/1639/369 1515/1783/1111
f 1518/1784/1111 1614/1640/369 1613/1641/369 1517/1785/1111
f 1520/1786/1111 1616/1642/369 1615/1643/369 1519/1787/1111
f 1522/1788/1111 1618/1644/369 1617/1645/369 1521/1789/1111
f 1524/1790/1111 1620/1646/369 1619/1647/369 1523/1791/1111
f 1526/1792/1111 1622/1648/369 1621/1649/369 1525/1793/1111
f 1528/1794/1111 1624/1650/369 1623/1651/369 1527/1795/1111
f 1591/1573/1101 1594/1764/1110 1593/1765/1110 1592/1574/1101
f 1589/1577/1101 1596/1766/1110 1595/1767/1110 1590/1578/1101
f 1587/1581/1101 1598/1768/1110 1597/1769/1110 1588/1582/1101
f 1585/1585/1101 1600/1770/1110 1599/1771/1110 1586/1586/1101
f 1583/1589/1101 1602/1772/1110 1601/1773/1110 1584/1590/1101
f 1581/1593/1101 1604/1774/1110 1603/1775/1110 1582/1594/1101
f 1579/1597/1101 1606/1776/1110 1605/1777/1110 1580/1598/1101
f 1577/1601/1101 1608/1778/1110 1607/1779/1110 1578/1602/1101
f 1546/1796/1112 1562/1572/18 1561/1575/18 1545/1797/1112
f 1548/1798/1112 1564/1576/18 1563/1579/18 1547/1799/1112
f 1550/1800/1112 1566/1580/18 1565/1583/18 1549/1801/1112
f 1552/1802/1112 1568/1584/18 1567/1587/18 1551/1803/1112
f 1554/1804/1112 1570/1588/18 1569/1591/18 1553/1805/1112
f 1556/1806/1112 1572/1592/18 1571/1595/18 1555/1807/1112
f 1558/1808/1112 1574/1596/18 1573/1599/18 1557/1809/1112
f 1560/1810/1112 1576/1600/18 1575/1603/18 1559/1811/1112
f 1543/1652/1104 1546/1796/1112 1545/1797/1112 1544/1653/1104
f 1541/1654/1104 1548/1798/1112 1547/1799/1112 1542/1655/1104
f 1539/1656/1104 1550/1800/1112 1549/1801/1112 1540/1657/1104
f 1537/1658/1104 1552/1802/1112 1551/1803/1112 1538/1659/1104
f 1535/1660/1104 1554/1804/1112 1553/1805/1112 1536/1661/1104
f 1533/1662/1104 1556/1806/1112 1555/1807/1112 1534/1663/1104
f 1531/1664/1104 1558/1808/1112 1557/1809/1112 1532/1665/1104
f 1529/1666/1104 1560/1810/1112 1559/1811/1112 1530/1667/1104
f 1511/1669/1106 1514/1780/1111 1513/1781/1111 1512/1670/1106
f 1509/1673/1106 1516/1782/1111 1515/1783/1111 1510/1674/1106
f 1507/1677/1106 1518/1784/1111 1517/1785/1111 1508/1678/1106
f 1505/1681/1106 1520/1786/1111 1519/1787/1111 1506/1682/1106
f 1503/1685/1106 1522/1788/1111 1521/1789/1111 1504/1686/1106
f 1501/1689/1106 1524/1790/1111 1523/1791/1111 1502/1690/1106
f 1499/1693/1106 1526/1792/1111 1525/1793/1111 1500/1694/1106
f 1497/1697/1106 1528/1794/1111 1527/1795/1111 1498/1698/1106
f 1479/1812/309 1482/1700/1107 1481/1703/1107 1480/1813/309
f 1477/1814/309 1484/1704/1107 1483/1707/1107 1478/1815/309
f 1475/1816/309 1486/1708/1107 1485/1711/1107 1476/1817/309
f 1473/1818/309 1488/1712/1107 1487/1715/1107 1474/1819/309
f 1471/1820/309 1490/1716/1107 1489/1719/1107 1472/1821/309
f 1469/1822/309 1492/1720/1107 1491/1723/1107 1470/1823/309
f 1467/1824/309 1494/1724/1107 1493/1727/1107 1468/1825/309
f 1465/1826/309 1496/1728/1107 1495/1731/1107 1466/1827/309
f 1447/1748/1 1450/1732/1109 1449/1733/1109 1448/1749/1
f 1445/1750/1 1452/1734/1109 1451/1735/1109 1446/1751/1
f 1443/1752/1 1454/1736/1109 1453/1737/1109 1444/1753/1
f 1441/1754/1 1456/1738/1109 1455/1739/1109 1442/1755/1
f 1401/1756/1 1458/1740/1109 1457/1741/1109 1402/1757/1
f 1403/1758/1 1460/1742/1109 1459/1743/1109 1404/1759/1
f 1405/1760/1 1462/1744/1109 1461/1745/1109 1406/1761/1
f 1407/1762/1 1464/1746/1109 1463/1747/1109 1408/1763/1
f 1425/1701/1108 1424/1604/1102 1423/1607/1102 1426/1702/1108
f 1427/1705/1108 1422/1608/1102 1421/1611/1102 1428/1706/1108
f 1429/1709/1108 1420/1612/1102 1419/1615/1102 1430/1710/1108
f 1431/1713/1108 1418/1616/1102 1417/1619/1102 1432/1714/1108
f 1433/1717/1108 1416/1620/1102 1415/1623/1102 1434/1718/1108
f 1435/1721/1108 1414/1624/1102 1413/1627/1102 1436/1722/1108
f 1437/1725/1108 1412/1628/1102 1411/1631/1102 1438/1726/1108
f 1439/1729/1108 1410/1632/1102 1409/1635/1102 1440/1730/1108
f 1137/1200/1113 1082/1195/1114 1402/1757/1114 1457/1741/1115
f 1082/1195/1114 1328/1194/1116 1648/1622/1117 1402/1757/1114
f 1401/1756/1118 1647/1621/1119 1327/1199/1120 1081/1193/1118
f 1458/1740/1121 1401/1756/1118 1081/1193/1118 1138/1192/1122
f 1139/1206/1113 1084/1203/1114 1404/1759/1114 1459/1743/1115
f 1084/1203/1114 1326/1202/1116 1646/1626/1117 1404/1759/1114
f 1403/1758/1118 1645/1625/1119 1325/1197/1120 1083/1196/1118
f 1460/1742/1121 1403/1758/1118 1083/1196/1118 1140/1201/1122
f 1141/1209/1113 1086/1208/1114 1406/1761/1114 1461/1745/1115
f 1086/1208/1114 1324/1212/1116 1644/1630/1117 1406/1761/1114
f 1405/1760/1118 1643/1629/1119 1323/1205/1120 1085/1204/1118
f 1462/1744/1121 1405/1760/1118 1085/1204/1118 1142/1207/1121
f 1143/1141/1113 1088/1140/1114 1408/1763/1114 1463/1747/1115
f 1088/1140/1114 1322/1133/1116 1642/1634/1117 1408/1763/1114
f 1407/1762/1118 1641/1633/1119 1321/1213/1120 1087/1211/1118
f 1464/1746/1121 1407/1762/1118 1087/1211/1118 1144/1210/1122
f 1089/1132/1123 1120/1170/1124 1440/1730/1125 1409/1635/1126
f 1322/1133/1116 1089/1132/1123 1409/1635/1126 1642/1634/1117
f 1641/1633/1119 1410/1632/1127 1090/1216/1127 1321/1213/1120
f 1410/1632/1127 1439/1729/1128 1119/1217/1129 1090/1216/1127
f 1091/1215/1123 1118/1214/1124 1438/1726/1124 1411/1631/1126
f 1324/1212/1116 1091/1215/1123 1411/1631/1126 1644/1630/1117
f 1643/1629/1119 1412/1628/1127 1092/1219/1130 1323/1205/1120
f 1412/1628/1127 1437/1725/1128 1117/1221/1129 1092/1219/1130
f 1093/1218/1123 1116/1220/1124 1436/1722/1125 1413/1627/1126
f 1326/1202/1116 1093/1218/1123 1413/1627/1126 1646/1626/1117
f 1645/1625/1119 1414/1624/1127 1094/1223/1130 1325/1197/1120
f 1414/1624/1127 1435/1721/1128 1115/1225/1129 1094/1223/1130
f 1095/1222/1123 1114/1224/1124 1434/1718/1125 1415/1623/1126
f 1328/1194/1116 1095/1222/1123 1415/1623/1126 1648/1622/1117
f 1647/1621/1119 1416/1620/1127 1096/1228/1130 1327/1199/1120
f 1416/1620/1127 1433/1717/1128 1113/1229/1129 1096/1228/1130
f 1097/1227/1123 1112/1226/1124 1432/1714/1124 1417/1619/1126
f 1330/1198/1116 1097/1227/1123 1417/1619/1126 1650/1618/1117
f 1649/1617/1119 1418/1616/1127 1098/1233/1130 1329/1232/1120
f 1418/1616/1127 1431/1713/1128 1111/1235/1129 1098/1233/1130
f 1099/1230/1123 1110/1234/1131 1430/1710/1132 1419/1615/1126
f 1332/1231/1116 1099/1230/1123 1419/1615/1126 1652/1614/1117
f 1651/1613/1119 1420/1612/1127 1100/1239/1130 1331/1238/1120
f 1420/1612/1127 1429/1709/1128 1109/1241/1129 1100/1239/1130
f 1101/1236/1123 1108/1240/1133 1428/1706/1132 1421/1611/1126
f 1334/1237/1117 1101/1236/1123 1421/1611/1126 1654/1610/1117
f 1653/1609/1119 1422/1608/1127 1102/1244/1130 1333/1247/1120
f 1422/1608/1127 1427/1705/1134 1107/1245/1135 1102/1244/1130
f 1103/1243/1123 1106/1242/1124 1426/1702/1136 1423/1607/1126
f 1336/1246/1116 1103/1243/1123 1423/1607/1126 1656/1606/1117
f 1655/1605/1119 1424/1604/1127 1104/1828/1127 1335/1829/1120
f 1424/1604/1127 1425/1701/1128 1105/1830/1129 1104/1828/1127
f 1106/1242/1124 1161/1248/1137 1481/1703/1138 1426/1702/1136
f 1425/1701/1128 1482/1700/1139 1162/1831/1140 1105/1830/1129
f 1108/1240/1133 1163/1250/1141 1483/1707/1142 1428/1706/1132
f 1427/1705/1134 1484/1704/1140 1164/1249/1143 1107/1245/1135
f 1110/1234/1131 1165/1252/1138 1485/1711/1138 1430/1710/1132
f 1429/1709/1128 1486/1708/1140 1166/1251/1143 1109/1241/1129
f 1112/1226/1124 1167/1254/1138 1487/1715/1138 1432/1714/1124
f 1431/1713/1128 1488/1712/1139 1168/1253/1140 1111/1235/1129
f 1114/1224/1124 1169/1256/1138 1489/1719/1138 1434/1718/1125
f 1433/1717/1128 1490/1716/1139 1170/1255/1140 1113/1229/1129
f 1116/1220/1124 1171/1258/1138 1491/1723/1138 1436/1722/1125
f 1435/1721/1128 1492/1720/1144 1172/1257/1144 1115/1225/1129
f 1118/1214/1124 1173/1260/1138 1493/1727/1138 1438/1726/1124
f 1437/1725/1128 1494/1724/1140 1174/1259/1140 1117/1221/1129
f 1120/1170/1124 1175/1153/1142 1495/1731/1145 1440/1730/1125
f 1439/1729/1128 1496/1728/1140 1176/1261/1140 1119/1217/1129
f 1135/1191/1113 1122/1190/1146 1442/1755/1146 1455/1739/1115
f 1122/1190/1146 1330/1198/1116 1650/1618/1117 1442/1755/1146
f 1441/1754/1118 1649/1617/1119 1329/1232/1120 1121/1265/1118
f 1456/1738/1121 1441/1754/1118 1121/1265/1118 1136/1264/1122
f 1133/1263/1113 1124/1262/1114 1444/1753/1114 1453/1737/1115
f 1124/1262/1114 1332/1231/1116 1652/1614/1117 1444/1753/1114
f 1443/1752/1118 1651/1613/1119 1331/1238/1120 1123/1269/1118
f 1454/1736/1121 1443/1752/1118 1123/1269/1118 1134/1268/1122
f 1131/1267/1113 1126/1266/1114 1446/1751/1114 1451/1735/1113
f 1126/1266/1114 1334/1237/1117 1654/1610/1117 1446/1751/1114
f 1445/1750/1118 1653/1609/1119 1333/1247/1120 1125/1273/1118
f 1452/1734/1121 1445/1750/1118 1125/1273/1118 1132/1272/1122
f 1129/1271/1113 1128/1270/1114 1448/1749/1114 1449/1733/1115
f 1128/1270/1114 1336/1246/1116 1656/1606/1117 1448/1749/1114
f 1447/1748/1118 1655/1605/1119 1335/1829/1120 1127/1832/1118
f 1450/1732/1121 1447/1748/1118 1127/1832/1118 1130/1833/1122
f 1337/1274/1147 1129/1271/1113 1449/1733/1115 1657/1671/1148
f 1658/1668/1149 1450/1732/1121 1130/1833/1122 1338/1834/1150
f 1339/1276/1147 1131/1267/1113 1451/1735/1113 1659/1675/1148
f 1660/1672/1149 1452/1734/1121 1132/1272/1122 1340/1275/1150
f 1341/1278/1151 1133/1263/1113 1453/1737/1115 1661/1679/1152
f 1662/1676/1149 1454/1736/1121 1134/1268/1122 1342/1277/1150
f 1343/1280/1151 1135/1191/1113 1455/1739/1115 1663/1683/1152
f 1664/1680/1149 1456/1738/1121 1136/1264/1122 1344/1279/1150
f 1345/1282/1151 1137/1200/1113 1457/1741/1115 1665/1687/1152
f 1666/1684/1149 1458/1740/1121 1138/1192/1122 1346/1281/1150
f 1347/1284/1151 1139/1206/1113 1459/1743/1115 1667/1691/1152
f 1668/1688/1149 1460/1742/1121 1140/1201/1122 1348/1283/1150
f 1349/1286/1151 1141/1209/1113 1461/1745/1115 1669/1695/1152
f 1670/1692/1149 1462/1744/1121 1142/1207/1121 1350/1285/1150
f 1351/1136/1151 1143/1141/1113 1463/1747/1115 1671/1699/1152
f 1672/1696/1149 1464/1746/1121 1144/1210/1122 1352/1287/1150
f 1175/1153/1142 1146/1152/1153 1466/1827/1153 1495/1731/1145
f 1146/1129/1153 1386/1128/1154 1706/1522/1155 1466/1539/1153
f 1465/1538/1156 1705/1521/1157 1385/1293/1157 1145/1292/1156
f 1496/1728/1140 1465/1826/1156 1145/1289/1156 1176/1261/1140
f 1173/1260/1138 1148/1288/1158 1468/1825/1158 1493/1727/1138
f 1148/1291/1158 1388/1290/1159 1708/1518/1159 1468/1537/1158
f 1467/1536/1156 1707/1517/1157 1387/1299/1157 1147/1298/1156
f 1494/1724/1140 1467/1824/1156 1147/1295/1156 1174/1259/1140
f 1171/1258/1138 1150/1294/1158 1470/1823/1158 1491/1723/1138
f 1150/1297/1158 1390/1296/1159 1710/1514/1159 1470/1535/1158
f 1469/1534/1156 1709/1513/1160 1389/1305/1160 1149/1304/1156
f 1492/1720/1144 1469/1822/1156 1149/1301/1156 1172/1257/1144
f 1169/1256/1138 1152/1300/1158 1472/1821/1158 1489/1719/1138
f 1152/1303/1158 1392/1302/1159 1712/1510/1159 1472/1533/1158
f 1471/1532/1156 1711/1509/1161 1391/1311/1157 1151/1310/1156
f 1490/1716/1139 1471/1820/1156 1151/1307/1156 1170/1255/1140
f 1167/1254/1138 1154/1306/1158 1474/1819/1158 1487/1715/1138
f 1154/1309/1158 1394/1308/1159 1714/1506/1159 1474/1531/1158
f 1473/1530/1156 1713/1505/1157 1393/1317/1157 1153/1316/1156
f 1488/1712/1139 1473/1818/1156 1153/1313/1156 1168/1253/1140
f 1165/1252/1138 1156/1312/1158 1476/1817/1158 1485/1711/1138
f 1156/1315/1158 1396/1314/1159 1716/1502/1162 1476/1529/1158
f 1475/1528/1156 1715/1501/1157 1395/1323/1163 1155/1322/1156
f 1486/1708/1140 1475/1816/1156 1155/1319/1156 1166/1251/1143
f 1163/1250/1141 1158/1318/1158 1478/1815/1158 1483/1707/1142
f 1158/1321/1158 1398/1320/1164 1718/1498/1159 1478/1527/1158
f 1477/1526/1156 1717/1497/1157 1397/1329/1163 1157/1328/1156
f 1484/1704/1140 1477/1814/1156 1157/1325/1156 1164/1249/1143
f 1161/1248/1137 1160/1324/1158 1480/1813/1158 1481/1703/1138
f 1160/1327/1158 1400/1326/1164 1720/1494/1159 1480/1525/1158
f 1479/1524/1156 1719/1493/1161 1399/1835/1157 1159/1836/1156
f 1482/1700/1139 1479/1812/1156 1159/1837/1156 1162/1831/1140
f 1207/1148/1165 1178/1137/1166 1498/1698/1167 1527/1795/1168
f 1178/1137/1166 1351/1136/1151 1671/1699/1152 1498/1698/1167
f 1497/1697/1169 1672/1696/1149 1352/1287/1150 1177/1333/1169
f 1528/1794/1170 1497/1697/1169 1177/1333/1169 1208/1332/1171
f 1205/1331/1172 1180/1330/1173 1500/1694/1174 1525/1793/1175
f 1180/1330/1173 1349/1286/1151 1669/1695/1152 1500/1694/1174
f 1499/1693/1176 1670/1692/1149 1350/1285/1150 1179/1337/1169
f 1526/1792/1170 1499/1693/1176 1179/1337/1169 1206/1336/1171
f 1203/1335/1165 1182/1334/1173 1502/1690/1174 1523/1791/1165
f 1182/1334/1173 1347/1284/1151 1667/1691/1152 1502/1690/1174
f 1501/1689/1176 1668/1688/1149 1348/1283/1150 1181/1341/1169
f 1524/1790/1170 1501/1689/1176 1181/1341/1169 1204/1340/1171
f 1201/1339/1177 1184/1338/1166 1504/1686/1178 1521/1789/1165
f 1184/1338/1166 1345/1282/1151 1665/1687/1152 1504/1686/1178
f 1503/1685/1176 1666/1684/1149 1346/1281/1150 1183/1345/1169
f 1522/1788/1170 1503/1685/1176 1183/1345/1169 1202/1344/1171
f 1199/1343/1177 1186/1342/1166 1506/1682/1179 1519/1787/1165
f 1186/1342/1166 1343/1280/1151 1663/1683/1152 1506/1682/1179
f 1505/1681/1176 1664/1680/1149 1344/1279/1150 1185/1349/1169
f 1520/1786/1170 1505/1681/1176 1185/1349/1169 1200/1348/1171
f 1197/1347/1177 1188/1346/1166 1508/1678/1179 1517/1785/1165
f 1188/1346/1166 1341/1278/1151 1661/1679/1152 1508/1678/1179
f 1507/1677/1169 1662/1676/1149 1342/1277/1150 1187/1353/1169
f 1518/1784/1170 1507/1677/1169 1187/1353/1169 1198/1352/1171
f 1195/1351/1177 1190/1350/1166 1510/1674/1167 1515/1783/1165
f 1190/1350/1166 1339/1276/1147 1659/1675/1148 1510/1674/1167
f 1509/1673/1176 1660/1672/1149 1340/1275/1150 1189/1357/1169
f 1516/1782/1170 1509/1673/1176 1189/1357/1169 1196/1356/1171
f 1193/1355/1165 1192/1354/1166 1512/1670/1167 1513/1781/1168
f 1192/1354/1166 1337/1274/1147 1657/1671/1148 1512/1670/1167
f 1511/1669/1169 1658/1668/1149 1338/1834/1150 1191/1838/1169
f 1514/1780/1170 1511/1669/1169 1191/1838/1169 1194/1839/1171
f 1289/1364/1180 1193/1355/1165 1513/1781/1168 1609/1637/1180
f 1610/1636/1181 1514/1780/1170 1194/1839/1171 1290/1840/1181
f 1291/1366/1180 1195/1351/1177 1515/1783/1165 1611/1639/1180
f 1612/1638/1181 1516/1782/1170 1196/1356/1171 1292/1365/1181
f 1293/1368/1180 1197/1347/1177 1517/1785/1165 1613/1641/1180
f 1614/1640/1181 1518/1784/1170 1198/1352/1171 1294/1367/1181
f 1295/1370/1180 1199/1343/1177 1519/1787/1165 1615/1643/1180
f 1616/1642/1181 1520/1786/1170 1200/1348/1171 1296/1369/1181
f 1297/1372/1180 1201/1339/1177 1521/1789/1165 1617/1645/1180
f 1618/1644/1181 1522/1788/1170 1202/1344/1171 1298/1371/1181
f 1299/1374/1180 1203/1335/1165 1523/1791/1165 1619/1647/1180
f 1620/1646/1181 1524/1790/1170 1204/1340/1171 1300/1373/1181
f 1301/1376/1182 1205/1331/1172 1525/1793/1175 1621/1649/1182
f 1622/1648/1181 1526/1792/1170 1206/1336/1171 1302/1375/1181
f 1303/1149/1180 1207/1148/1165 1527/1795/1168 1623/1651/1180
f 1624/1650/1181 1528/1794/1170 1208/1332/1171 1304/1377/1181
f 1239/1183/1183 1210/1182/1184 1530/1667/1185 1559/1811/1186
f 1210/1182/1184 1354/1161/1187 1674/1570/1188 1530/1667/1185
f 1529/1666/1189 1673/1569/1190 1353/1383/1191 1209/1381/1192
f 1560/1810/1193 1529/1666/1189 1209/1381/1192 1240/1380/1194
f 1237/1379/1183 1212/1378/1184 1532/1665/1185 1557/1809/1186
f 1212/1378/1184 1356/1382/1187 1676/1566/1195 1532/1665/1185
f 1531/1664/1189 1675/1565/1190 1355/1389/1191 1211/1387/1192
f 1558/1808/1193 1531/1664/1189 1211/1387/1192 1238/1386/1193
f 1235/1385/1183 1214/1384/1184 1534/1663/1185 1555/1807/1186
f 1214/1384/1184 1358/1388/1196 1678/1562/1197 1534/1663/1185
f 1533/1662/1189 1677/1561/1190 1357/1395/1191 1213/1393/1192
f 1556/1806/1193 1533/1662/1189 1213/1393/1192 1236/1392/1194
f 1233/1391/1183 1216/1390/1184 1536/1661/1185 1553/1805/1186
f 1216/1390/1184 1360/1394/1187 1680/1558/1195 1536/1661/1185
f 1535/1660/1189 1679/1557/1198 1359/1401/1191 1215/1399/1192
f 1554/1804/1193 1535/1660/1189 1215/1399/1192 1234/1398/1194
f 1231/1397/1183 1218/1396/1184 1538/1659/1185 1551/1803/1186
f 1218/1396/1184 1362/1400/1187 1682/1554/1187 1538/1659/1185
f 1537/1658/1189 1681/1553/1198 1361/1407/1191 1217/1405/1192
f 1552/1802/1193 1537/1658/1189 1217/1405/1192 1232/1404/1194
f 1229/1403/1183 1220/1402/1184 1540/1657/1185 1549/1801/1186
f 1220/1402/1184 1364/1406/1187 1684/1550/1195 1540/1657/1185
f 1539/1656/1189 1683/1549/1190 1363/1413/1191 1219/1411/1192
f 1550/1800/1193 1539/1656/1189 1219/1411/1192 1230/1410/1194
f 1227/1409/1183 1222/1408/1199 1542/1655/1200 1547/1799/1183
f 1222/1408/1199 1366/1412/1187 1686/1546/1188 1542/1655/1200
f 1541/1654/1189 1685/1545/1201 1365/1419/1191 1221/1417/1192
f 1548/1798/1193 1541/1654/1189 1221/1417/1192 1228/1416/1194
f 1225/1415/1183 1224/1414/1199 1544/1653/1200 1545/1797/1183
f 1224/1414/1199 1368/1418/1187 1688/1542/1188 1544/1653/1200
f 1543/1652/1189 1687/1541/1191 1367/1841/1191 1223/1842/1192
f 1546/1796/1193 1543/1652/1189 1223/1842/1192 1226/1843/1194
f 1241/1420/1202 1225/1415/1183 1545/1797/1183 1561/1575/1202
f 1562/1572/1203 1546/1796/1193 1226/1843/1194 1242/1844/1203
f 1243/1422/1202 1227/1409/1183 1547/1799/1183 1563/1579/1202
f 1564/1576/1203 1548/1798/1193 1228/1416/1194 1244/1421/1203
f 1245/1424/1202 1229/1403/1183 1549/1801/1186 1565/1583/1202
f 1566/1580/1203 1550/1800/1193 1230/1410/1194 1246/1423/1203
f 1247/1426/1202 1231/1397/1183 1551/1803/1186 1567/1587/1202
f 1568/1584/1203 1552/1802/1193 1232/1404/1194 1248/1425/1203
f 1249/1428/1204 1233/1391/1183 1553/1805/1186 1569/1591/1204
f 1570/1588/1203 1554/1804/1193 1234/1398/1194 1250/1427/1203
f 1251/1430/1202 1235/1385/1183 1555/1807/1186 1571/1595/1202
f 1572/1592/1203 1556/1806/1193 1236/1392/1194 1252/1429/1203
f 1253/1432/1202 1237/1379/1183 1557/1809/1186 1573/1599/1202
f 1574/1596/1203 1558/1808/1193 1238/1386/1193 1254/1431/1203
f 1255/1144/1202 1239/1183/1183 1559/1811/1186 1575/1603/1202
f 1576/1600/1203 1560/1810/1193 1240/1380/1194 1256/1433/1203
f 1272/1434/1205 1241/1420/1202 1561/1575/1202 1592/1574/1206
f 1591/1573/1207 1562/1572/1203 1242/1844/1203 1271/1845/1208
f 1270/1436/1205 1243/1422/1202 1563/1579/1202 1590/1578/1206
f 1589/1577/1207 1564/1576/1203 1244/1421/1203 1269/1435/1208
f 1268/1438/1205 1245/1424/1202 1565/1583/1202 1588/1582/1206
f 1587/1581/1207 1566/1580/1203 1246/1423/1203 1267/1437/1208
f 1266/1440/1205 1247/1426/1202 1567/1587/1202 1586/1586/1206
f 1585/1585/1207 1568/1584/1203 1248/1425/1203 1265/1439/1208
f 1264/1442/1205 1249/1428/1204 1569/1591/1204 1584/1590/1206
f 1583/1589/1207 1570/1588/1203 1250/1427/1203 1263/1441/1208
f 1262/1444/1205 1251/1430/1202 1571/1595/1202 1582/1594/1206
f 1581/1593/1207 1572/1592/1203 1252/1429/1203 1261/1443/1208
f 1260/1446/1205 1253/1432/1202 1573/1599/1202 1580/1598/1206
f 1579/1597/1207 1574/1596/1203 1254/1431/1203 1259/1445/1208
f 1258/1145/1205 1255/1144/1202 1575/1603/1202 1578/1602/1206
f 1577/1601/1207 1576/1600/1203 1256/1433/1203 1257/1447/1208
f 1287/1164/1209 1258/1145/1205 1578/1602/1206 1607/1779/1210
f 1608/1778/1211 1577/1601/1207 1257/1447/1208 1288/1449/1212
f 1285/1448/1209 1260/1446/1205 1580/1598/1206 1605/1777/1210
f 1606/1776/1211 1579/1597/1207 1259/1445/1208 1286/1451/1212
f 1283/1450/1209 1262/1444/1205 1582/1594/1206 1603/1775/1210
f 1604/1774/1211 1581/1593/1207 1261/1443/1208 1284/1453/1212
f 1281/1452/1209 1264/1442/1205 1584/1590/1206 1601/1773/1210
f 1602/1772/1211 1583/1589/1207 1263/1441/1208 1282/1455/1212
f 1279/1454/1209 1266/1440/1205 1586/1586/1206 1599/1771/1210
f 1600/1770/1211 1585/1585/1207 1265/1439/1208 1280/1457/1212
f 1277/1456/1209 1268/1438/1205 1588/1582/1206 1597/1769/1210
f 1598/1768/1211 1587/1581/1207 1267/1437/1208 1278/1459/1212
f 1275/1458/1209 1270/1436/1205 1590/1578/1206 1595/1767/1210
f 1596/1766/1211 1589/1577/1207 1269/1435/1208 1276/1461/1212
f 1273/1460/1209 1272/1434/1205 1592/1574/1206 1593/1765/1210
f 1594/1764/1211 1591/1573/1207 1271/1845/1208 1274/1846/1212
f 1305/1462/1213 1273/1460/1209 1593/1765/1210 1625/1495/1214
f 1626/1492/1215 1594/1764/1211 1274/1846/1212 1306/1847/1215
f 1307/1464/1216 1275/1458/1209 1595/1767/1210 1627/1499/1217
f 1628/1496/1218 1596/1766/1211 1276/1461/1212 1308/1463/1219
f 1309/1466/1213 1277/1456/1209 1597/1769/1210 1629/1503/1220
f 1630/1500/1215 1598/1768/1211 1278/1459/1212 1310/1465/1215
f 1311/1468/1213 1279/1454/1209 1599/1771/1210 1631/1507/1220
f 1632/1504/1215 1600/1770/1211 1280/1457/1212 1312/1467/1215
f 1313/1470/1213 1281/1452/1209 1601/1773/1210 1633/1511/1220
f 1634/1508/1221 1602/1772/1211 1282/1455/1212 1314/1469/1215
f 1315/1472/1213 1283/1450/1209 1603/1775/1210 1635/1515/1220
f 1636/1512/1221 1604/1774/1211 1284/1453/1212 1316/1471/1215
f 1317/1474/1213 1285/1448/1209 1605/1777/1210 1637/1519/1213
f 1638/1516/1221 1606/1776/1211 1286/1451/1212 1318/1473/1215
f 1319/1178/1213 1287/1164/1209 1607/1779/1210 1639/1523/1220
f 1640/1520/1221 1608/1778/1211 1288/1449/1212 1320/1475/1215
f 1369/1476/1222 1289/1364/1180 1609/1637/1180 1689/1543/1223
f 1690/1540/1224 1610/1636/1181 1290/1840/1181 1370/1848/1225
f 1371/1478/1222 1291/1366/1180 1611/1639/1180 1691/1547/1222
f 1692/1544/1224 1612/1638/1181 1292/1365/1181 1372/1477/1225
f 1373/1480/1226 1293/1368/1180 1613/1641/1180 1693/1551/1222
f 1694/1548/1224 1614/1640/1181 1294/1367/1181 1374/1479/1225
f 1375/1482/1226 1295/1370/1180 1615/1643/1180 1695/1555/1222
f 1696/1552/1224 1616/1642/1181 1296/1369/1181 1376/1481/1225
f 1377/1484/1226 1297/1372/1180 1617/1645/1180 1697/1559/1222
f 1698/1556/1224 1618/1644/1181 1298/1371/1181 1378/1483/1225
f 1379/1486/1222 1299/1374/1180 1619/1647/1180 1699/1563/1222
f 1700/1560/1224 1620/1646/1181 1300/1373/1181 1380/1485/1225
f 1381/1488/1227 1301/1376/1182 1621/1649/1182 1701/1567/1228
f 1702/1564/1224 1622/1648/1181 1302/1375/1181 1382/1487/1225
f 1383/1160/1222 1303/1149/1180 1623/1651/1180 1703/1571/1222
f 1704/1568/1229 1624/1650/1181 1304/1377/1181 1384/1489/1230
f 1400/1326/1164 1305/1462/1213 1625/1495/1214 1720/1494/1159
f 1719/1493/1161 1626/1492/1215 1306/1847/1215 1399/1835/1157
f 1398/1320/1164 1307/1464/1216 1627/1499/1217 1718/1498/1159
f 1717/1497/1157 1628/1496/1218 1308/1463/1219 1397/1329/1163
f 1396/1314/1159 1309/1466/1213 1629/1503/1220 1716/1502/1162
f 1715/1501/1157 1630/1500/1215 1310/1465/1215 1395/1323/1163
f 1394/1308/1159 1311/1468/1213 1631/1507/1220 1714/1506/1159
f 1713/1505/1157 1632/1504/1215 1312/1467/1215 1393/1317/1157
f 1392/1302/1159 1313/1470/1213 1633/1511/1220 1712/1510/1159
f 1711/1509/1161 1634/1508/1221 1314/1469/1215 1391/1311/1157
f 1390/1296/1159 1315/1472/1213 1635/1515/1220 1710/1514/1159
f 1709/1513/1160 1636/1512/1221 1316/1471/1215 1389/1305/1160
f 1388/1290/1159 1317/1474/1213 1637/1519/1213 1708/1518/1159
f 1707/1517/1157 1638/1516/1221 1318/1473/1215 1387/1299/1157
f 1386/1128/1154 1319/1178/1213 1639/1523/1220 1706/1522/1155
f 1705/1521/1157 1640/1520/1221 1320/1475/1215 1385/1293/1157
f 1354/1161/1187 1383/1160/1222 1703/1571/1222 1674/1570/1188
f 1673/1569/1190 1704/1568/1229 1384/1489/1230 1353/1383/1191
f 1356/1382/1187 1381/1488/1227 1701/1567/1228 1676/1566/1195
f 1675/1565/1190 1702/1564/1224 1382/1487/1225 1355/1389/1191
f 1358/1388/1196 1379/1486/1222 1699/1563/1222 1678/1562/1197
f 1677/1561/1190 1700/1560/1224 1380/1485/1225 1357/1395/1191
f 1360/1394/1187 1377/1484/1226 1697/1559/1222 1680/1558/1195
f 1679/1557/1198 1698/1556/1224 1378/1483/1225 1359/1401/1191
f 1362/1400/1187 1375/1482/1226 1695/1555/1222 1682/1554/1187
f 1681/1553/1198 1696/1552/1224 1376/1481/1225 1361/1407/1191
f 1364/1406/1187 1373/1480/1226 1693/1551/1222 1684/1550/1195
f 1683/1549/1190 1694/1548/1224 1374/1479/1225 1363/1413/1191
f 1366/1412/1187 1371/1478/1222 1691/1547/1222 1686/1546/1188
f 1685/1545/1201 1692/1544/1224 1372/1477/1225 1365/1419/1191
f 1368/1418/1187 1369/1476/1222 1689/1543/1223 1688/1542/1188
f 1687/1541/1191 1690/1540/1224 1370/1848/1225 1367/1841/1191
f 1754/1849/1231 1753/1850/1232 1773/243/1232 1774/249/1233
f 1747/1851/1234 1746/1852/1235 1766/245/1235 1767/251/1236
f 1755/1853/1237 1754/1849/1231 1774/249/1233 1775/253/1238
f 1748/1854/1239 1747/1851/1234 1767/251/1236 1768/255/1240
f 1756/1855/1241 1755/1853/1237 1775/253/1238 1776/257/1241
f 1749/1856/1242 1748/1854/1239 1768/255/1240 1769/259/1242
f 1741/1857/1243 1742/1858/1244 1762/247/1244 1761/268/1243
f 1757/1859/1245 1756/1860/1241 1776/262/1241 1777/261/1246
f 1750/1861/1247 1749/1856/1242 1769/259/1242 1770/265/1247
f 1743/1862/1248 1741/1857/1243 1761/268/1243 1763/267/1248
f 1758/1863/1249 1757/1859/1245 1777/261/1246 1778/271/1250
f 1751/1864/1251 1750/1861/1247 1770/265/1247 1771/232/1251
f 1744/1865/1252 1743/1862/1248 1763/267/1248 1764/236/1253
f 1759/1866/1254 1758/1863/1249 1778/271/1250 1779/240/1254
f 1752/1867/1255 1751/1864/1251 1771/232/1251 1772/231/1255
f 1745/1868/1256 1744/1865/1252 1764/236/1253 1765/235/1257
f 1760/1869/1258 1759/1866/1254 1779/240/1254 1780/239/1258
f 1753/1850/1232 1752/1867/1255 1772/231/1255 1773/243/1232
f 1746/1852/1235 1745/1868/1256 1765/235/1257 1766/245/1235
f 1742/1858/1244 1760/1869/1258 1780/239/1258 1762/247/1244
f 372/269/302 1761/268/301 1762/247/283 371/246/283
f 1818/1870/1259 1819/1871/1260 1820/1872/1260 1817/1873/1261
f 1816/1874/1262 1818/1870/1259 1817/1873/1261 1815/1875/1263
f 1814/1876/1264 1816/1874/1262 1815/1875/1263 1813/1877/1265
f 1812/1878/1266 1814/1876/1264 1813/1877/1265 1811/1879/1267
f 1810/1880/1268 1812/1878/1266 1811/1879/1267 1809/1881/1268
f 1808/1882/1269 1810/1880/1268 1809/1881/1268 1807/1883/1270
f 1806/1884/1271 1808/1882/1269 1807/1883/1270 1805/1885/1272
f 1804/1886/1273 1806/1884/1271 1805/1885/1272 1803/1887/1274
f 1802/1888/1275 1804/1886/1273 1803/1887/1274 1801/1889/1276
f 1800/1890/1277 1802/1888/1275 1801/1889/1276 1799/1891/1277
f 1798/1892/1278 1800/1890/1277 1799/1891/1277 1797/1893/1279
f 1796/1894/1280 1798/1892/1278 1797/1893/1279 1795/1895/1281
f 1794/1896/1282 1796/1894/1280 1795/1895/1281 1793/1897/1283
f 1792/1898/1284 1794/1896/1282 1793/1897/1283 1791/1899/1285
f 1790/1900/1286 1792/1898/1284 1791/1899/1285 1789/1901/1286
f 1788/1902/1287 1790/1903/1286 1789/1904/1286 1787/1905/1288
f 1786/1906/1289 1788/1902/1287 1787/1905/1288 1785/1907/1290
f 1784/1908/1291 1786/1906/1289 1785/1907/1290 1783/1909/1292
f 1782/1910/1293 1784/1908/1291 1783/1909/1292 1781/1911/1294
f 1819/1871/1260 1782/1910/1293 1781/1911/1294 1820/1872/1260
f 1721/671/1295 1723/674/1296 1784/1908/1297 1782/1910/1298
f 1760/1869/1299 1742/1858/1300 1820/1872/1300 1781/1911/1301
f 1759/1866/1302 1760/1869/1299 1781/1911/1301 1783/1909/1303
f 1722/672/1304 1721/671/1295 1782/1910/1298 1819/1871/1304
f 1723/674/1296 1724/675/1305 1786/1906/1306 1784/1908/1297
f 1758/1863/1307 1759/1866/1302 1783/1909/1303 1785/1907/1308
f 1724/675/1305 1725/678/1309 1788/1902/1310 1786/1906/1306
f 1757/1859/1311 1758/1863/1307 1785/1907/1308 1787/1905/1312
f 1725/678/1309 1726/680/1313 1790/1903/1313 1788/1902/1310
f 1756/1860/1314 1757/1859/1311 1787/1905/1312 1789/1904/1314
f 1726/682/1313 1727/681/1315 1792/1898/1316 1790/1900/1313
f 1755/1853/1317 1756/1855/1314 1789/1901/1314 1791/1899/1318
f 1727/681/1315 1728/686/1319 1794/1896/1320 1792/1898/1316
f 1754/1849/1321 1755/1853/1317 1791/1899/1318 1793/1897/1322
f 1728/686/1319 1729/687/1323 1796/1894/1324 1794/1896/1320
f 1753/1850/1325 1754/1849/1321 1793/1897/1322 1795/1895/1326
f 1729/687/1323 1730/690/1327 1798/1892/1328 1796/1894/1324
f 1752/1867/1329 1753/1850/1325 1795/1895/1326 1797/1893/1330
f 1730/690/1327 1731/691/1331 1800/1890/1331 1798/1892/1328
f 1751/1864/1332 1752/1867/1329 1797/1893/1330 1799/1891/1332
f 1731/691/1331 1732/693/1333 1802/1888/1334 1800/1890/1331
f 1750/1861/1335 1751/1864/1332 1799/1891/1332 1801/1889/1336
f 1732/693/1333 1733/696/1337 1804/1886/1338 1802/1888/1334
f 1749/1856/1339 1750/1861/1335 1801/1889/1336 1803/1887/1340
f 1733/696/1337 1734/698/1341 1806/1884/1342 1804/1886/1338
f 1748/1854/1343 1749/1856/1339 1803/1887/1340 1805/1885/1344
f 1734/698/1341 1735/699/1345 1808/1882/1346 1806/1884/1342
f 1747/1851/1347 1748/1854/1343 1805/1885/1344 1807/1883/1348
f 1735/699/1345 1736/702/1349 1810/1880/1349 1808/1882/1346
f 1746/1852/1350 1747/1851/1347 1807/1883/1348 1809/1881/1350
f 1736/702/1349 1737/704/1351 1812/1878/1352 1810/1880/1349
f 1745/1868/1353 1746/1852/1350 1809/1881/1350 1811/1879/1354
f 1737/704/1351 1738/705/1355 1814/1876/1356 1812/1878/1352
f 1744/1865/1357 1745/1868/1353 1811/1879/1354 1813/1877/1358
f 1738/705/1355 1739/708/1359 1816/1874/1360 1814/1876/1356
f 1743/1862/1361 1744/1865/1357 1813/1877/1358 1815/1875/1362
f 1739/708/1359 1740/710/1363 1818/1870/1364 1816/1874/1360
f 1741/1857/1365 1743/1862/1361 1815/1875/1362 1817/1873/1366
f 1740/710/1363 1722/672/1304 1819/1871/1304 1818/1870/1364
f 1742/1858/1300 1741/1857/1365 1817/1873/1366 1820/1872/1300
f 1837/1912/765 1843/1362/765 1867/1363/765 1077/1913/765
f 1850/1914/765 1847/1180/765 1075/1181/765 1076/1915/765
f 1825/1157/765 1852/1916/765 1866/1917/765 1079/1158/765
f 1852/1916/765 1830/1918/765 1078/1919/765 1866/1917/765
f 1841/1920/765 1833/1186/765 1861/1189/765 1071/1921/765
f 1845/1167/765 1821/1174/765 1869/1177/765 1864/1168/765
f 1830/1918/765 1837/1912/765 1077/1913/765 1078/1919/765
f 1831/1922/765 1856/1358/765 1870/1361/765 1865/1923/765
f 1836/1175/765 1860/1924/765 1072/1925/765 1868/1176/765
f 1860/1924/765 1841/1920/765 1071/1921/765 1072/1925/765
f 1827/1490/765 1831/1922/765 1865/1923/765 1863/1491/765
f 1846/1926/369 1822/1927/368 1370/1848/368 1290/1840/369
f 1821/1174/368 1845/1167/369 345/1928/369 346/1929/368
f 1822/1927/368 1835/1930/367 1367/1841/367 1370/1848/368
f 1836/1175/367 1821/1174/368 346/1929/368 347/1931/367
f 1823/1932/376 1826/1933/375 1104/1828/375 1105/1830/376
f 1824/1156/376 1847/1180/310 336/1934/310 337/1935/376
f 1825/1157/375 1824/1156/376 337/1935/376 338/1936/375
f 1848/1937/310 1823/1932/376 1105/1830/376 1162/1831/310
f 1826/1933/375 1851/1938/374 1335/1829/374 1104/1828/375
f 1852/1916/374 1825/1157/375 338/1936/375 339/1939/374
f 1857/1940/366 1828/1941/379 1274/1846/379 1271/1845/366
f 1827/1490/379 1858/1187/366 331/1942/366 332/1943/379
f 1828/1941/379 1832/1944/378 1306/1847/378 1274/1846/379
f 1831/1922/378 1827/1490/379 332/1943/379 333/1945/378
f 1829/1946/1 1838/1947/373 1130/1833/373 1127/1832/1
f 1830/1918/1 1852/1916/374 339/1939/374 340/1948/1
f 1837/1912/373 1830/1918/1 340/1948/1 341/1949/373
f 1851/1938/374 1829/1946/1 1127/1832/1 1335/1829/374
f 1832/1944/378 1855/1950/377 1399/1835/377 1306/1847/378
f 1856/1358/377 1831/1922/378 333/1945/378 334/1951/377
f 1842/1952/365 1834/1953/18 1242/1844/18 1226/1843/365
f 1833/1186/18 1841/1920/365 349/1954/365 350/1955/18
f 1834/1953/18 1857/1940/366 1271/1845/366 1242/1844/18
f 1858/1187/366 1833/1186/18 350/1955/18 331/1942/366
f 1835/1930/367 1859/1956/364 1223/1842/364 1367/1841/367
f 1860/1924/364 1836/1175/367 347/1931/367 348/1957/364
f 1838/1947/373 1844/1958/372 1338/1834/372 1130/1833/373
f 1843/1362/372 1837/1912/373 341/1949/373 342/1959/372
f 1853/1960/371 1840/1961/370 1194/1839/370 1191/1838/371
f 1839/1166/370 1854/1172/371 343/1962/371 344/1963/370
f 1840/1961/370 1846/1926/369 1290/1840/369 1194/1839/370
f 1845/1167/369 1839/1166/370 344/1963/370 345/1928/369
f 1859/1956/364 1842/1952/365 1226/1843/365 1223/1842/364
f 1841/1920/365 1860/1924/364 348/1957/364 349/1954/365
f 1844/1958/372 1853/1960/371 1191/1838/371 1338/1834/372
f 1854/1172/371 1843/1362/372 342/1959/372 343/1962/371
f 1849/1964/309 1848/1937/310 1162/1831/310 1159/1837/309
f 1847/1180/310 1850/1914/309 335/1965/309 336/1934/310
f 1850/1359/309 1856/1358/377 334/1951/377 335/1966/309
f 1855/1950/377 1849/1967/309 1159/1836/309 1399/1835/377
f 1072/1925/1367 1071/1921/1368 1915/1968/1369 1934/1969/1370
f 1934/1969/1371 1915/1968/1372 1916/1970/1373 1933/1971/1374
f 1933/1971/1374 1916/1970/1373 1917/1972/1375 1932/1973/1376
f 1932/1973/1376 1917/1972/1375 1918/1974/1377 1931/1975/1378
f 1870/1361/1379 1076/1360/1380 1910/1976/1380 1874/1977/1381
f 1874/1977/1382 1910/1976/1383 1909/1978/1384 1873/1979/1385
f 1873/1979/1385 1909/1978/1384 1908/1980/1386 1872/1981/1387
f 1872/1981/1387 1908/1980/1386 1907/1982/1388 1871/1983/1389
f 1074/1173/1390 1073/1169/1391 1899/1984/1392 1898/1985/1393
f 1898/1985/1394 1899/1984/1395 1900/1986/1396 1897/1987/1397
f 1897/1987/1397 1900/1986/1396 1901/1988/1398 1896/1989/1399
f 1896/1989/1399 1901/1988/1398 1902/1990/1400 1895/1991/1401
f 1862/1188/1402 1863/1491/1403 1903/1992/1404 1878/1993/1405
f 1878/1993/1406 1903/1992/1407 1904/1994/1408 1877/1995/1409
f 1877/1995/1409 1904/1994/1408 1905/1996/1410 1876/1997/1411
f 1876/1997/1411 1905/1996/1410 1906/1998/1412 1875/1999/1413
f 1863/1491/1403 1865/1923/1414 1943/2000/1415 1903/1992/1404
f 1903/1992/1407 1943/2000/1416 1944/2001/1417 1904/1994/1408
f 1904/1994/1408 1944/2001/1417 1945/2002/1418 1905/1996/1410
f 1905/1996/1410 1945/2002/1418 1946/2003/1419 1906/1998/1412
f 1869/1177/1420 1868/1176/1421 1890/2004/1422 1883/2005/1423
f 1883/2005/1424 1890/2004/1425 1889/2006/1426 1884/2007/1427
f 1884/2007/1427 1889/2006/1426 1888/2008/1428 1885/2009/1429
f 1885/2009/1429 1888/2008/1428 1887/2010/1430 1886/2011/1431
f 1076/1915/1380 1075/1181/1432 1919/2012/1433 1910/2013/1380
f 1910/2013/1383 1919/2012/1434 1920/2014/1435 1909/2015/1384
f 1909/2015/1384 1920/2014/1435 1921/2016/1436 1908/2017/1386
f 1908/2017/1386 1921/2016/1436 1922/2018/1437 1907/2019/1388
f 1867/1363/1438 1074/1173/1390 1898/1985/1393 1879/2020/1439
f 1879/2020/1440 1898/1985/1394 1897/1987/1397 1880/2021/1441
f 1880/2021/1441 1897/1987/1397 1896/1989/1399 1881/2022/1442
f 1881/2022/1442 1896/1989/1399 1895/1991/1401 1882/2023/1443
f 1071/1921/1368 1861/1189/1444 1939/2024/1444 1915/1968/1369
f 1915/1968/1372 1939/2024/1445 1940/2025/1446 1916/1970/1373
f 1916/1970/1373 1940/2025/1446 1941/2026/1447 1917/1972/1375
f 1917/1972/1375 1941/2026/1447 1942/2027/1448 1918/1974/1377
f 1079/1158/1449 1866/1917/1450 1894/2028/1451 1947/2029/1452
f 1947/2029/1453 1894/2028/1454 1893/2030/1455 1948/2031/1456
f 1948/2031/1456 1893/2030/1455 1892/2032/1457 1949/2033/1458
f 1949/2033/1458 1892/2032/1457 1891/2034/1459 1950/2035/1460
f 1865/1923/1414 1870/1361/1379 1874/1977/1381 1943/2000/1415
f 1943/2000/1416 1874/1977/1382 1873/1979/1385 1944/2001/1417
f 1944/2001/1417 1873/1979/1385 1872/1981/1387 1945/2002/1418
f 1945/2002/1418 1872/1981/1387 1871/1983/1389 1946/2003/1419
f 1077/1913/1461 1867/1363/1438 1879/2020/1439 1927/2036/1462
f 1927/2036/1463 1879/2020/1440 1880/2021/1441 1928/2037/1464
f 1928/2037/1464 1880/2021/1441 1881/2022/1442 1929/2038/1465
f 1929/2038/1465 1881/2022/1442 1882/2023/1443 1930/2039/1466
f 1080/1159/1467 1079/1158/1449 1947/2029/1452 1938/2040/1468
f 1938/2040/1469 1947/2029/1453 1948/2031/1456 1937/2041/1470
f 1937/2041/1470 1948/2031/1456 1949/2033/1458 1936/2042/1471
f 1936/2042/1471 1949/2033/1458 1950/2035/1460 1935/2043/1472
f 1078/1919/1473 1077/1913/1461 1927/2036/1462 1926/2044/1473
f 1926/2044/1474 1927/2036/1463 1928/2037/1464 1925/2045/1475
f 1925/2045/1475 1928/2037/1464 1929/2038/1465 1924/2046/1476
f 1924/2046/1476 1929/2038/1465 1930/2039/1466 1923/2047/1477
f 1866/1917/1450 1078/1919/1473 1926/2044/1473 1894/2028/1451
f 1894/2028/1454 1926/2044/1474 1925/2045/1475 1893/2030/1455
f 1893/2030/1455 1925/2045/1475 1924/2046/1476 1892/2032/1457
f 1892/2032/1457 1924/2046/1476 1923/2047/1477 1891/2034/1459
f 1073/1169/1391 1864/1168/1478 1911/2048/1478 1899/1984/1392
f 1899/1984/1395 1911/2048/1479 1912/2049/1480 1900/1986/1396
f 1900/1986/1396 1912/2049/1480 1913/2050/1481 1901/1988/1398
f 1901/1988/1398 1913/2050/1481 1914/2051/1482 1902/1990/1400
f 1075/1181/1432 1080/1159/1467 1938/2040/1468 1919/2012/1433
f 1919/2012/1434 1938/2040/1469 1937/2041/1470 1920/2014/1435
f 1920/2014/1435 1937/2041/1470 1936/2042/1471 1921/2016/1436
f 1921/2016/1436 1936/2042/1471 1935/2043/1472 1922/2018/1437
f 1868/1176/1421 1072/1925/1367 1934/1969/1370 1890/2004/1422
f 1890/2004/1425 1934/1969/1371 1933/1971/1374 1889/2006/1426
f 1889/2006/1426 1933/1971/1374 1932/1973/1376 1888/2008/1428
f 1888/2008/1428 1932/1973/1376 1931/1975/1378 1887/2010/1430
f 1864/1168/1478 1869/1177/1420 1883/2005/1423 1911/2048/1478
f 1911/2048/1479 1883/2005/1424 1884/2007/1427 1912/2049/1480
f 1912/2049/1480 1884/2007/1427 1885/2009/1429 1913/2050/1481
f 1913/2050/1481 1885/2009/1429 1886/2011/1431 1914/2051/1482
f 1861/1189/1444 1862/1188/1402 1878/1993/1405 1939/2024/1444
f 1939/2024/1445 1878/1993/1406 1877/1995/1409 1940/2025/1446
f 1940/2025/1446 1877/1995/1409 1876/1997/1411 1941/2026/1447
f 1941/2026/1447 1876/1997/1411 1875/1999/1413 1942/2027/1448
f 1956/2052/1483 1957/2053/1484 1958/2054/1485 1955/2055/1486
f 1988/2056/1487 1977/2057/1488 1978/2058/1488 1987/2059/1489
f 1976/2060/1490 1973/2061/1491 1974/2062/1491 1975/2063/1490
f 1986/2064/1492 1988/2056/1487 1987/2059/1489 1985/2065/1493
f 1990/2066/1494 1979/2067/1495 1980/2068/1496 1989/2069/1497
f 1970/2070/1498 1959/2071/1499 1960/2072/1500 1969/2073/1498
f 1979/2067/1495 1976/2060/1490 1975/2063/1490 1980/2068/1496
f 1962/2074/1501 1990/2066/1494 1989/2069/1497 1961/2075/1501
f 1982/2076/1502 1967/2077/1503 1968/2078/1503 1981/2079/1504
f 1967/2077/1503 1970/2070/1498 1969/2073/1498 1968/2078/1503
f 1977/2057/1488 1956/2052/1483 1955/2055/1486 1978/2058/1488
f 1957/2053/1484 1983/2080/1505 1984/2081/1505 1958/2054/1485
f 1966/2082/1506 1982/2076/1502 1981/2079/1504 1965/2083/1506
f 1972/2084/1507 1951/2085/1508 1952/2086/1508 1971/2087/1507
f 1951/2085/1508 1953/2088/1509 1954/2089/1509 1952/2086/1508
f 1964/2090/1510 1966/2082/1506 1965/2083/1506 1963/2091/1510
f 1959/2071/1499 1962/2092/1501 1961/2093/1501 1960/2072/1500
f 1973/2061/1491 1972/2084/1507 1971/2087/1507 1974/2062/1491
f 1953/2088/1509 1986/2064/1492 1985/2065/1493 1954/2089/1509
f 1983/2080/1505 1964/2090/1510 1963/2091/1510 1984/2081/1505
f 1834/2094/363 1842/2095/363 1951/2085/363 1972/2084/363
f 1931/1975/1378 1918/1974/1377 1952/2086/1511 1954/2089/1512
f 1918/1974/1377 1942/2027/1448 1971/2087/1513 1952/2086/1511
f 1842/2095/363 1859/2096/363 1953/2088/363 1951/2085/363
f 1887/2010/1430 1931/1975/1378 1954/2089/1512 1985/2065/1514
f 1859/2096/363 1835/2097/363 1986/2064/363 1953/2088/363
f 1840/2098/363 1853/2099/363 1957/2053/363 1956/2052/363
f 1895/1991/1401 1902/1990/1400 1955/2055/1515 1958/2054/1516
f 1902/1990/1400 1914/2051/1482 1978/2058/1517 1955/2055/1515
f 1846/2100/1518 1840/2098/363 1956/2052/363 1977/2057/1518
f 1882/2023/1443 1895/1991/1401 1958/2054/1516 1984/2081/1519
f 1853/2099/363 1844/2101/363 1983/2080/363 1957/2053/363
f 1823/2102/363 1848/2103/363 1959/2071/363 1970/2070/363
f 1907/2019/1388 1922/2018/1437 1960/2072/1520 1961/2093/1521
f 1922/2018/1437 1935/2043/1472 1969/2073/1522 1960/2072/1520
f 1848/2103/363 1849/2104/363 1962/2092/363 1959/2071/363
f 1849/2105/363 1855/2106/363 1990/2066/363 1962/2074/363
f 1871/1983/1389 1907/1982/1388 1961/2075/1521 1989/2069/1523
f 1838/2107/363 1829/2108/363 1966/2082/363 1964/2090/363
f 1923/2047/1477 1930/2039/1466 1963/2091/1524 1965/2083/1525
f 1930/2039/1466 1882/2023/1443 1984/2081/1519 1963/2091/1524
f 1844/2101/363 1838/2107/363 1964/2090/363 1983/2080/363
f 1829/2108/363 1851/2109/363 1982/2076/363 1966/2082/363
f 1891/2034/1459 1923/2047/1477 1965/2083/1525 1981/2079/1526
f 1851/2109/363 1826/2110/363 1967/2077/363 1982/2076/363
f 1935/2043/1472 1950/2035/1460 1968/2078/1527 1969/2073/1522
f 1950/2035/1460 1891/2034/1459 1981/2079/1526 1968/2078/1527
f 1826/2110/363 1823/2102/363 1970/2070/363 1967/2077/363
f 1857/2111/363 1834/2094/363 1972/2084/363 1973/2061/363
f 1942/2027/1448 1875/1999/1413 1974/2062/1528 1971/2087/1513
f 1875/1999/1413 1906/1998/1412 1975/2063/1529 1974/2062/1528
f 1828/2112/363 1857/2111/363 1973/2061/363 1976/2060/363
f 1832/2113/363 1828/2112/363 1976/2060/363 1979/2067/363
f 1906/1998/1412 1946/2003/1419 1980/2068/1530 1975/2063/1529
f 1822/2114/1518 1846/2100/1518 1977/2057/1518 1988/2056/1518
f 1914/2051/1482 1886/2011/1431 1987/2059/1531 1978/2058/1517
f 1855/2106/363 1832/2113/363 1979/2067/363 1990/2066/363
f 1946/2003/1419 1871/1983/1389 1989/2069/1523 1980/2068/1530
f 1886/2011/1431 1887/2010/1430 1985/2065/1514 1987/2059/1531
f 1835/2097/363 1822/2114/1518 1988/2056/1518 1986/2064/363
f 2115/2115/1532 2119/2116/1533 2120/2117/1534 2116/2118/1535
f 2111/2119/1536 2115/2115/1532 2116/2118/1535 2112/2120/1537
f 1994/2121/1538 2111/2119/1536 2112/2120/1537 1993/2122/1538
f 1998/2123/1539 1994/2121/1538 1993/2122/1538 1997/2124/1540
f 2002/2125/1541 1998/2123/1539 1997/2124/1540 2001/2126/1542
f 2006/2127/1543 2002/2125/1541 2001/2126/1542 2005/2128/1544
f 2010/2129/1545 2006/2127/1543 2005/2128/1544 2009/2130/1546
f 2014/2131/1547 2010/2129/1545 2009/2130/1546 2013/2132/1547
f 2018/2133/1548 2014/2134/1547 2013/2135/1547 2017/2136/1549
f 2022/2137/1550 2018/2133/1548 2017/2136/1549 2021/2138/1551
f 2028/2139/1552 2022/2137/1550 2021/2138/1551 2027/2140/1553
f 2029/2141/1554 2028/2139/1552 2027/2140/1553 2030/2142/1555
f 2087/2143/1556 2083/2144/1557 2002/2125/1558 2006/2127/1559
f 2054/2145/1560 2058/2146/1561 2130/2147/1561 2134/2148/1562
f 2093/2149/1563 2089/2150/1556 2004/2151/1564 2008/2152/1565
f 2104/2153/1566 2108/2154/1567 2027/2140/1568 2021/2138/1569
f 2071/2155/1570 2067/2156/1571 2115/2115/1572 2111/2119/1573
f 2077/2157/1574 2073/2158/1570 2113/2159/1575 1992/2160/1574
f 2107/2161/1576 2103/2162/1577 2022/2137/1578 2028/2139/1579
f 2074/2163/1580 2078/2164/1581 1991/2165/1581 2114/2166/1582
f 2041/2167/1583 2033/2168/1584 2147/2169/1584 2030/2142/1585
f 2061/2170/1586 2057/2171/1587 2129/2172/1587 2125/2173/1588
f 2143/2174/1589 2148/2175/1590 2147/2169/1590 2144/2176/1591
f 2148/2175/1590 2029/2141/1554 2030/2142/1555 2147/2169/1590
f 2146/2177/1591 2142/2178/1592 2141/2179/1593 2145/2180/1589
f 2139/2181/1593 2143/2174/1589 2144/2176/1591 2140/2182/1592
f 2142/2178/1592 2138/2183/1594 2137/2184/1595 2141/2179/1593
f 2135/2185/1595 2139/2181/1593 2140/2182/1592 2136/2186/1594
f 2138/2183/1594 2134/2148/1596 2133/2187/1597 2137/2184/1595
f 2131/2188/1597 2135/2185/1595 2136/2186/1594 2132/2189/1596
f 2134/2148/1596 2130/2147/1598 2129/2172/1598 2133/2187/1597
f 2127/2190/1598 2131/2188/1597 2132/2189/1596 2128/2191/1598
f 2130/2147/1598 2126/2192/1599 2125/2173/1600 2129/2172/1598
f 2123/2193/1600 2127/2190/1598 2128/2191/1598 2124/2194/1599
f 2126/2192/1599 2122/2195/1534 2121/2196/1533 2125/2173/1600
f 2119/2116/1533 2123/2193/1600 2124/2194/1599 2120/2117/1534
f 2122/2195/1534 2118/2197/1535 2117/2198/1532 2121/2196/1533
f 2118/2197/1535 2114/2166/1537 2113/2159/1601 2117/2198/1532
f 2114/2166/1537 1991/2165/1538 1992/2160/1538 2113/2159/1601
f 1991/2165/1538 1995/2199/1540 1996/2200/1539 1992/2160/1538
f 1995/2199/1540 1999/2201/1542 2000/2202/1541 1996/2200/1539
f 1999/2201/1542 2003/2203/1544 2004/2151/1543 2000/2202/1541
f 2003/2203/1544 2007/2204/1546 2008/2152/1545 2004/2151/1543
f 2007/2204/1546 2011/2205/1547 2012/2206/1547 2008/2152/1545
f 2011/2207/1547 2015/2208/1549 2016/2209/1548 2012/2210/1547
f 2015/2208/1549 2019/2211/1551 2020/2212/1550 2016/2209/1548
f 2019/2211/1551 2025/2213/1553 2026/2214/1552 2020/2212/1550
f 2025/2213/1553 2024/2215/1555 2023/2216/1602 2026/2214/1552
f 2106/2217/1603 2110/2218/1567 2025/2213/1568 2019/2211/1569
f 2068/2219/1604 2072/2220/1605 2112/2120/1606 2116/2118/1607
f 2035/2221/1608 2034/2222/1609 2148/2175/1609 2143/2174/1610
f 2032/2223/1609 2040/2224/1611 2023/2216/1612 2150/2225/1609
f 2090/2226/1613 2094/2227/1614 2007/2204/1615 2003/2203/1616
f 2052/2228/1560 2056/2229/1561 2128/2191/1561 2132/2189/1617
f 2039/2230/1583 2031/2231/1584 2149/2232/1584 2024/2215/1618
f 2088/2233/1613 2092/2234/1614 2009/2130/1615 2005/2128/1616
f 2055/2235/1587 2051/2236/1619 2131/2188/1620 2127/2190/1587
f 2040/2224/1611 2109/2237/1576 2026/2214/1621 2023/2216/1612
f 2149/2232/1590 2146/2177/1591 2145/2180/1589 2150/2225/1590
f 2024/2215/1555 2149/2232/1590 2150/2225/1590 2023/2216/1602
f 2034/2222/1609 2042/2238/1611 2029/2141/1622 2148/2175/1609
f 2091/2239/1563 2087/2143/1556 2006/2127/1559 2010/2129/1565
f 2072/2220/1605 2076/2240/1581 1993/2122/1581 2112/2120/1606
f 2058/2146/1561 2062/2241/1623 2126/2192/1624 2130/2147/1561
f 2110/2218/1567 2039/2230/1583 2024/2215/1618 2025/2213/1568
f 2097/2242/1625 2093/2149/1563 2008/2152/1565 2012/2206/1625
f 2045/2243/1626 2037/2244/1608 2145/2180/1627 2141/2179/1628
f 2094/2227/1614 2098/2245/1629 2011/2205/1629 2007/2204/1615
f 2075/2246/1574 2071/2155/1570 2111/2119/1573 1994/2121/1574
f 2056/2229/1561 2060/2247/1623 2124/2194/1630 2128/2191/1561
f 2038/2248/1631 2046/2249/1632 2142/2178/1633 2146/2177/1634
f 2108/2154/1567 2041/2167/1583 2030/2142/1585 2027/2140/1568
f 2081/2250/1635 2077/2157/1574 1992/2160/1574 1996/2200/1636
f 2092/2234/1614 2096/2251/1629 2013/2132/1629 2009/2130/1615
f 2078/2164/1581 2082/2252/1637 1995/2199/1638 1991/2165/1581
f 2059/2253/1586 2055/2235/1587 2127/2190/1587 2123/2193/1588
f 2036/2254/1639 2044/2255/1632 2140/2182/1633 2144/2176/1640
f 2042/2238/1611 2107/2161/1576 2028/2139/1579 2029/2141/1622
f 2065/2256/1641 2061/2170/1586 2125/2173/1588 2121/2196/1642
f 2095/2257/1625 2091/2239/1563 2010/2129/1565 2014/2131/1625
f 2076/2240/1581 2080/2258/1637 1997/2124/1643 1993/2122/1581
f 2062/2241/1623 2066/2259/1644 2122/2195/1645 2126/2192/1624
f 2043/2260/1646 2035/2221/1608 2143/2174/1610 2139/2181/1628
f 2101/2261/1647 2097/2262/1625 2012/2210/1625 2016/2209/1648
f 2049/2263/1649 2045/2243/1626 2141/2179/1628 2137/2184/1650
f 2098/2264/1629 2102/2265/1651 2015/2208/1652 2011/2207/1629
f 2079/2266/1635 2075/2246/1574 1994/2121/1574 1998/2123/1653
f 2060/2247/1623 2064/2267/1654 2120/2117/1645 2124/2194/1630
f 2046/2249/1632 2050/2268/1655 2138/2183/1656 2142/2178/1633
f 2085/2269/1557 2081/2250/1635 1996/2200/1636 2000/2202/1657
f 2096/2270/1629 2100/2271/1651 2017/2136/1652 2013/2135/1629
f 2082/2252/1637 2086/2272/1658 1999/2201/1659 1995/2199/1638
f 2063/2273/1641 2059/2253/1586 2123/2193/1588 2119/2116/1660
f 2044/2255/1632 2048/2274/1661 2136/2186/1662 2140/2182/1633
f 2069/2275/1663 2065/2256/1641 2121/2196/1642 2117/2198/1572
f 2099/2276/1647 2095/2277/1625 2014/2134/1625 2018/2133/1648
f 2080/2258/1637 2084/2278/1658 2001/2126/1659 1997/2124/1643
f 2066/2259/1644 2070/2279/1604 2118/2197/1607 2122/2195/1645
f 2047/2280/1649 2043/2260/1646 2139/2181/1628 2135/2185/1664
f 2105/2281/1577 2101/2261/1647 2016/2209/1648 2020/2212/1665
f 2036/2254/1666 2033/2168/18 2032/2223/18 2037/2244/1667
f 1031/1078/18 1034/1077/365 2038/2248/1666 2031/2231/18
f 2033/2168/18 2041/2167/1668 2040/2224/1669 2032/2223/18
f 1070/1101/366 1031/1078/18 2031/2231/18 2039/2230/1668
f 2034/2222/18 2035/2221/1667 1028/1016/365 1029/1005/18
f 2042/2238/1669 2034/2222/18 1029/1005/18 992/1004/366
f 2035/2221/1667 2043/2260/1670 1025/1017/364 1028/1016/365
f 2044/2255/1671 2036/2254/1666 2037/2244/1667 2045/2243/1670
f 1034/1077/365 1035/1091/364 2046/2249/1671 2038/2248/1666
f 2041/2167/1668 2108/2154/1672 2109/2237/1673 2040/2224/1669
f 1067/1102/379 1070/1101/366 2039/2230/1668 2110/2218/1672
f 2107/2161/1673 2042/2238/1669 992/1004/366 994/1011/379
f 2043/2260/1670 2047/2280/1674 1023/1043/367 1025/1017/364
f 2048/2274/1675 2044/2255/1671 2045/2243/1670 2049/2263/1674
f 1035/1091/364 1037/1085/367 2050/2268/1675 2046/2249/1671
f 2047/2280/1674 2051/2236/1676 1022/1030/368 1023/1043/367
f 2052/2228/1677 2048/2274/1675 2049/2263/1674 2053/2282/1676
f 1037/1085/367 1039/1074/368 2054/2145/1677 2050/2268/1675
f 2051/2236/1676 2055/2235/369 1019/1031/369 1022/1030/368
f 2056/2229/369 2052/2228/1677 2053/2282/1676 2057/2171/369
f 1039/1074/368 1042/1073/369 2058/2146/369 2054/2145/1677
f 2055/2235/369 2059/2253/1678 1018/1013/370 1019/1031/369
f 2060/2247/1679 2056/2229/369 2057/2171/369 2061/2170/1678
f 1042/1073/369 1044/1095/370 2062/2241/1679 2058/2146/369
f 2059/2253/1678 2063/2273/1680 1016/1008/371 1018/1013/370
f 2064/2267/1681 2060/2247/1679 2061/2170/1678 2065/2256/1680
f 1044/1095/370 1046/1097/371 2066/2259/1681 2062/2241/1679
f 2063/2273/1680 2067/2156/1682 1013/1009/372 1016/1008/371
f 2068/2219/1683 2064/2267/1681 2065/2256/1680 2069/2275/1682
f 1046/1097/371 1048/1105/372 2070/2279/1683 2066/2259/1681
f 2067/2156/1682 2071/2155/1684 1012/1027/373 1013/1009/372
f 2072/2220/1685 2068/2219/1683 2069/2275/1682 2073/2158/1684
f 1048/1105/372 1049/1082/373 2074/2163/1685 2070/2279/1683
f 2071/2155/1684 2075/2246/1 1010/1020/1 1012/1027/373
f 2076/2240/1 2072/2220/1685 2073/2158/1684 2077/2157/1
f 1049/1082/373 1052/1081/1 2078/2164/1 2074/2163/1685
f 2075/2246/1 2079/2266/1686 1007/1021/374 1010/1020/1
f 2080/2258/1687 2076/2240/1 2077/2157/1 2081/2250/1686
f 1052/1081/1 1053/1070/374 2082/2252/1687 2078/2164/1
f 2079/2266/1686 2083/2144/1688 1006/1037/375 1007/1021/374
f 2084/2278/1689 2080/2258/1687 2081/2250/1686 2085/2269/1688
f 1053/1070/374 1056/1069/375 2086/2272/1689 2082/2252/1687
f 2083/2144/1688 2087/2143/1690 1004/1024/376 1006/1037/375
f 2088/2233/1691 2084/2278/1689 2085/2269/1688 2089/2150/1690
f 1056/1069/375 1057/1088/376 2090/2226/1691 2086/2272/1689
f 2087/2143/1690 2091/2239/1692 1001/1025/310 1004/1024/376
f 2092/2234/1693 2088/2233/1691 2089/2150/1690 2093/2149/1692
f 1057/1088/376 1060/1087/310 2094/2227/1693 2090/2226/1691
f 2091/2239/1692 2095/2257/309 1000/1039/309 1001/1025/310
f 2096/2251/309 2092/2234/1693 2093/2149/1692 2097/2242/309
f 1060/1087/310 1061/1099/309 2098/2245/309 2094/2227/1693
f 2095/2277/309 2099/2276/1694 997/1035/377 1000/1034/309
f 2100/2271/1695 2096/2270/309 2097/2262/309 2101/2261/1694
f 1061/1066/309 1064/1065/377 2102/2265/1695 2098/2264/309
f 2099/2276/1694 2103/2162/1696 995/1041/378 997/1035/377
f 2104/2153/1697 2100/2271/1695 2101/2261/1694 2105/2281/1696
f 1064/1065/377 1066/1093/378 2106/2217/1697 2102/2265/1695
f 2103/2162/1696 2107/2161/1673 994/1011/379 995/1041/378
f 2108/2154/1672 2104/2153/1697 2105/2281/1696 2109/2237/1673
f 1066/1093/378 1067/1102/379 2110/2218/1672 2106/2217/1697
f 2033/2168/1584 2036/2254/1639 2144/2176/1640 2147/2169/1584
f 2057/2171/1587 2053/2282/1619 2133/2187/1620 2129/2172/1587
f 2109/2237/1576 2105/2281/1577 2020/2212/1665 2026/2214/1621
f 2031/2231/1584 2038/2248/1631 2146/2177/1634 2149/2232/1584
f 2051/2236/1619 2047/2280/1649 2135/2185/1664 2131/2188/1620
f 2070/2279/1604 2074/2163/1580 2114/2166/1582 2118/2197/1607
f 2084/2278/1658 2088/2233/1613 2005/2128/1616 2001/2126/1659
f 2103/2162/1577 2099/2276/1647 2018/2133/1648 2022/2137/1578
f 2037/2244/1608 2032/2223/1609 2150/2225/1609 2145/2180/1627
f 2073/2158/1570 2069/2275/1663 2117/2198/1572 2113/2159/1575
f 2048/2274/1661 2052/2228/1560 2132/2189/1617 2136/2186/1662
f 2067/2156/1571 2063/2273/1641 2119/2116/1660 2115/2115/1572
f 2086/2272/1658 2090/2226/1613 2003/2203/1616 1999/2201/1659
f 2100/2271/1651 2104/2153/1566 2021/2138/1569 2017/2136/1652
f 2089/2150/1556 2085/2269/1557 2000/2202/1657 2004/2151/1564
f 2050/2268/1655 2054/2145/1560 2134/2148/1562 2138/2183/1656
f 2064/2267/1654 2068/2219/1604 2116/2118/1607 2120/2117/1645
f 2083/2144/1557 2079/2266/1635 1998/2123/1653 2002/2125/1558
f 2102/2265/1651 2106/2217/1603 2019/2211/1569 2015/2208/1652
f 2053/2282/1619 2049/2263/1649 2137/2184/1650 2133/2187/1620
f 1120/1170/376 1089/1132/375 363/1135/375 364/1171/376
f 2159/2283/1698 2160/2284/1698 2157/2285/1698 2154/2286/1698
f 2158/2287/1699 2159/2288/1699 2154/2286/1699 2152/2289/1699
f 2152/2289/369 2154/2286/369 2157/2285/369 2153/2290/369
f 2151/2291/1700 2155/2292/1700 2159/2288/1700 2158/2287/1700
f 2155/2293/1698 2156/2294/1698 2160/2284/1698 2159/2283/1698
f 2166/2295/1698 2163/2296/1698 2157/2285/1698 2160/2284/1698
f 2165/2297/1701 2162/2298/1701 2163/2296/1701 2166/2299/1701
f 2162/2298/369 2153/2290/369 2157/2285/369 2163/2296/369
f 2161/2300/1702 2165/2297/1702 2166/2299/1702 2164/2301/1702
f 2164/2302/1698 2166/2295/1698 2160/2284/1698 2156/2294/1698
f 2175/2283/1703 2170/2286/1703 2173/2285/1703 2176/2284/1703
f 2174/2287/1704 2168/2289/1704 2170/2286/1704 2175/2288/1704
f 2168/2289/309 2169/2290/309 2173/2285/309 2170/2286/309
f 2167/2291/1705 2174/2287/1705 2175/2288/1705 2171/2292/1705
f 2171/2293/1703 2175/2283/1703 2176/2284/1703 2172/2294/1703
f 2182/2295/1703 2176/2284/1703 2173/2285/1703 2179/2296/1703
f 2181/2297/1706 2182/2299/1706 2179/2296/1706 2178/2298/1706
f 2178/2298/309 2179/2296/309 2173/2285/309 2169/2290/309
f 2177/2300/1707 2180/2301/1707 2182/2299/1707 2181/2297/1707
f 2180/2302/1703 2172/2294/1703 2176/2284/1703 2182/2295/1703
f 2183/2303/1708 2184/2304/1708 2186/2305/1708 2185/2306/1708
f 2190/2307/18 2189/2308/18 2188/2309/18 2187/2310/18
f 2185/2306/18 2186/2305/18 2189/2308/18 2190/2307/18
f 2191/2311/1709 2193/2312/1709 2194/2313/1709 2192/2314/1709
f 2198/2315/1710 2195/2316/1 2196/2317/1 2197/2318/1711
f 2193/2312/1712 2198/2315/1710 2197/2318/1711 2194/2313/1712
f 2186/2319/1713 2184/2320/1714 2192/2321/1714 2194/2322/1715
f 2183/2323/1716 2185/2324/1716 2193/2325/1716 2191/2326/1716
f 2188/2327/1717 2189/2328/1718 2197/2329/1718 2196/2330/1717
f 2185/2324/1719 2190/2331/1719 2198/2332/1719 2193/2325/1719
f 2189/2328/1718 2186/2319/1713 2194/2322/1715 2197/2329/1718
f 2190/2331/1720 2187/2333/1720 2195/2334/1720 2198/2332/1720
f 2199/2335/1721 2201/2336/1721 2202/2337/1721 2200/2338/1721
f 2204/2339/18 2187/2310/18 2188/2309/18 2203/2340/18
f 2201/2336/18 2204/2339/18 2203/2340/18 2202/2337/18
f 2205/2341/1722 2206/2342/1722 2208/2343/1722 2207/2344/1722
f 2210/2345/1723 2209/2346/1724 2196/2317/1 2195/2316/1
f 2207/2344/1725 2208/2343/1725 2209/2346/1724 2210/2345/1723
f 2202/2347/1726 2208/2348/1727 2206/2349/1728 2200/2350/1728
f 2199/2351/1729 2205/2352/1729 2207/2353/1729 2201/2354/1729
f 2188/2327/1717 2196/2330/1717 2209/2355/1730 2203/2356/1730
f 2201/2354/1731 2207/2353/1731 2210/2357/1731 2204/2358/1731
f 2203/2356/1730 2209/2355/1730 2208/2348/1727 2202/2347/1726
f 2204/2358/1720 2210/2357/1720 2195/2334/1720 2187/2333/1720
f 2211/2303/1732 2213/2306/1732 2214/2305/1732 2212/2304/1732
f 2218/2307/1 2215/2310/1 2216/2309/1 2217/2308/1
f 2213/2306/1 2218/2307/1 2217/2308/1 2214/2305/1
f 2219/2311/1733 2220/2314/1733 2222/2313/1733 2221/2312/1733
f 2226/2315/1734 2225/2318/1735 2224/2317/18 2223/2316/18
f 2221/2312/1736 2222/2313/1736 2225/2318/1735 2226/2315/1734
f 2214/2319/1737 2222/2322/1738 2220/2321/1739 2212/2320/1739
f 2211/2323/1740 2219/2326/1740 2221/2325/1740 2213/2324/1740
f 2216/2327/1717 2224/2330/1717 2225/2329/1741 2217/2328/1741
f 2213/2324/1742 2221/2325/1742 2226/2332/1742 2218/2331/1742
f 2217/2328/1741 2225/2329/1741 2222/2322/1738 2214/2319/1737
f 2218/2331/1720 2226/2332/1720 2223/2334/1720 2215/2333/1720
f 2227/2335/1743 2228/2338/1743 2230/2337/1743 2229/2336/1743
f 2232/2339/1 2231/2340/1 2216/2309/1 2215/2310/1
f 2229/2336/1 2230/2337/1 2231/2340/1 2232/2339/1
f 2233/2341/1744 2235/2344/1744 2236/2343/1744 2234/2342/1744
f 2238/2345/1745 2223/2316/18 2224/2317/18 2237/2346/1746
f 2235/2344/1747 2238/2345/1745 2237/2346/1746 2236/2343/1747
f 2230/2347/1748 2228/2350/1749 2234/2349/1749 2236/2348/1750
f 2227/2351/1751 2229/2354/1751 2235/2353/1751 2233/2352/1751
f 2216/2327/1717 2231/2356/1752 2237/2355/1752 2224/2330/1717
f 2229/2354/1753 2232/2358/1753 2238/2357/1753 2235/2353/1753
f 2231/2356/1752 2230/2347/1748 2236/2348/1750 2237/2355/1752
f 2232/2358/1720 2215/2333/1720 2223/2334/1720 2238/2357/1720
f 2239/2303/1708 2240/2304/1708 2242/2305/1708 2241/2306/1708
f 2246/2307/18 2245/2308/18 2244/2309/18 2243/2310/18
f 2241/2306/18 2242/2305/18 2245/2308/18 2246/2307/18
f 2247/2311/1709 2249/2312/1709 2250/2313/1709 2248/2314/1709
f 2254/2315/1710 2251/2316/1 2252/2317/1 2253/2318/1711
f 2249/2312/1712 2254/2315/1710 2253/2318/1711 2250/2313/1712
f 2242/2319/1713 2240/2320/1714 2248/2321/1714 2250/2322/1715
f 2239/2323/1716 2241/2324/1716 2249/2325/1716 2247/2326/1716
f 2244/2327/1717 2245/2328/1718 2253/2329/1718 2252/2330/1717
f 2241/2324/1754 2246/2331/1754 2254/2332/1754 2249/2325/1754
f 2245/2328/1718 2242/2319/1713 2250/2322/1715 2253/2329/1718
f 2246/2331/1720 2243/2333/1720 2251/2334/1720 2254/2332/1720
f 2255/2335/1721 2257/2336/1721 2258/2337/1721 2256/2338/1721
f 2260/2339/18 2243/2310/18 2244/2309/18 2259/2340/18
f 2257/2336/18 2260/2339/18 2259/2340/18 2258/2337/18
f 2261/2341/1722 2262/2342/1722 2264/2343/1722 2263/2344/1722
f 2266/2345/1723 2265/2346/1724 2252/2317/1 2251/2316/1
f 2263/2344/1725 2264/2343/1725 2265/2346/1724 2266/2345/1723
f 2258/2347/1726 2264/2348/1727 2262/2349/1728 2256/2350/1728
f 2255/2351/1755 2261/2352/1755 2263/2353/1755 2257/2354/1755
f 2244/2327/1717 2252/2330/1717 2265/2355/1730 2259/2356/1730
f 2257/2354/1756 2263/2353/1756 2266/2357/1756 2260/2358/1756
f 2259/2356/1730 2265/2355/1730 2264/2348/1727 2258/2347/1726
f 2260/2358/1720 2266/2357/1720 2251/2334/1720 2243/2333/1720
f 2267/2303/1732 2269/2306/1732 2270/2305/1732 2268/2304/1732
f 2274/2307/1 2271/2310/1 2272/2309/1 2273/2308/1
f 2269/2306/1 2274/2307/1 2273/2308/1 2270/2305/1
f 2275/2311/1733 2276/2314/1733 2278/2313/1733 2277/2312/1733
f 2282/2315/1734 2281/2318/1735 2280/2317/18 2279/2316/18
f 2277/2312/1736 2278/2313/1736 2281/2318/1735 2282/2315/1734
f 2270/2319/1737 2278/2322/1757 2276/2321/1739 2268/2320/1739
f 2267/2323/1716 2275/2326/1716 2277/2325/1716 2269/2324/1716
f 2272/2327/1717 2280/2330/1717 2281/2329/1758 2273/2328/1758
f 2269/2324/1759 2277/2325/1759 2282/2332/1759 2274/2331/1759
f 2273/2328/1758 2281/2329/1758 2278/2322/1757 2270/2319/1737
f 2274/2331/1720 2282/2332/1720 2279/2334/1720 2271/2333/1720
f 2283/2335/1743 2284/2338/1743 2286/2337/1743 2285/2336/1743
f 2288/2339/1 2287/2340/1 2272/2309/1 2271/2310/1
f 2285/2336/1 2286/2337/1 2287/2340/1 2288/2339/1
f 2289/2341/1744 2291/2344/1744 2292/2343/1744 2290/2342/1744
f 2294/2345/1745 2279/2316/18 2280/2317/18 2293/2346/1746
f 2291/2344/1747 2294/2345/1745 2293/2346/1746 2292/2343/1747
f 2286/2347/1748 2284/2350/1749 2290/2349/1749 2292/2348/1750
f 2283/2351/1760 2285/2354/1760 2291/2353/1760 2289/2352/1760
f 2272/2327/1717 2287/2356/1752 2293/2355/1752 2280/2330/1717
f 2285/2354/1753 2288/2358/1753 2294/2357/1753 2291/2353/1753
f 2287/2356/1752 2286/2347/1748 2292/2348/1750 2293/2355/1752
f 2288/2358/1720 2271/2333/1720 2279/2334/1720 2294/2357/1720
f 2295/2303/1708 2296/2304/1708 2298/2305/1708 2297/2306/1708
f 2302/2307/18 2301/2308/18 2300/2309/18 2299/2310/18
f 2297/2306/18 2298/2305/18 2301/2308/18 2302/2307/18
f 2303/2311/1709 2305/2312/1709 2306/2313/1709 2304/2314/1709
f 2310/2315/1710 2307/2316/1 2308/2317/1 2309/2318/1711
f 2305/2312/1712 2310/2315/1710 2309/2318/1711 2306/2313/1712
f 2298/2319/1713 2296/2320/1714 2304/2321/1714 2306/2322/1715
f 2295/2323/1716 2297/2324/1716 2305/2325/1716 2303/2326/1716
f 2300/2327/1717 2301/2328/1761 2309/2329/1761 2308/2330/1717
f 2297/2324/1754 2302/2331/1754 2310/2332/1754 2305/2325/1754
f 2301/2328/1761 2298/2319/1713 2306/2322/1715 2309/2329/1761
f 2302/2331/1720 2299/2333/1720 2307/2334/1720 2310/2332/1720
f 2311/2335/1721 2313/2336/1721 2314/2337/1721 2312/2338/1721
f 2316/2339/18 2299/2310/18 2300/2309/18 2315/2340/18
f 2313/2336/18 2316/2339/18 2315/2340/18 2314/2337/18
f 2317/2341/1722 2318/2342/1722 2320/2343/1722 2319/2344/1722
f 2322/2345/1723 2321/2346/1724 2308/2317/1 2307/2316/1
f 2319/2344/1725 2320/2343/1725 2321/2346/1724 2322/2345/1723
f 2314/2347/1726 2320/2348/1727 2318/2349/1728 2312/2350/1728
f 2311/2351/1755 2317/2352/1755 2319/2353/1755 2313/2354/1755
f 2300/2327/1717 2308/2330/1717 2321/2355/1730 2315/2356/1730
f 2313/2354/1731 2319/2353/1731 2322/2357/1731 2316/2358/1731
f 2315/2356/1730 2321/2355/1730 2320/2348/1727 2314/2347/1726
f 2316/2358/1720 2322/2357/1720 2307/2334/1720 2299/2333/1720
f 2323/2303/1732 2325/2306/1732 2326/2305/1732 2324/2304/1732
f 2330/2307/1 2327/2310/1 2328/2309/1 2329/2308/1
f 2325/2306/1 2330/2307/1 2329/2308/1 2326/2305/1
f 2331/2311/1733 2332/2314/1733 2334/2313/1733 2333/2312/1733
f 2338/2315/1734 2337/2318/1735 2336/2317/18 2335/2316/18
f 2333/2312/1736 2334/2313/1736 2337/2318/1735 2338/2315/1734
f 2326/2319/1737 2334/2322/1762 2332/2321/1739 2324/2320/1739
f 2323/2323/1716 2331/2326/1716 2333/2325/1716 2325/2324/1716
f 2328/2327/1717 2336/2330/1717 2337/2329/1741 2329/2328/1741
f 2325/2324/1759 2333/2325/1759 2338/2332/1759 2330/2331/1759
f 2329/2328/1741 2337/2329/1741 2334/2322/1762 2326/2319/1737
f 2330/2331/1720 2338/2332/1720 2335/2334/1720 2327/2333/1720
f 2339/2335/1743 2340/2338/1743 2342/2337/1743 2341/2336/1743
f 2344/2339/1 2343/2340/1 2328/2309/1 2327/2310/1
f 2341/2336/1 2342/2337/1 2343/2340/1 2344/2339/1
f 2345/2341/1744 2347/2344/1744 2348/2343/1744 2346/2342/1744
f 2350/2345/1745 2335/2316/18 2336/2317/18 2349/2346/1746
f 2347/2344/1747 2350/2345/1745 2349/2346/1746 2348/2343/1747
f 2342/2347/1748 2340/2350/1749 2346/2349/1749 2348/2348/1750
f 2339/2351/1751 2341/2354/1751 2347/2353/1751 2345/2352/1751
f 2328/2327/1717 2343/2356/1752 2349/2355/1752 2336/2330/1717
f 2341/2354/1753 2344/2358/1753 2350/2357/1753 2347/2353/1753
f 2343/2356/1752 2342/2347/1748 2348/2348/1750 2349/2355/1752
f 2344/2358/1720 2327/2333/1720 2335/2334/1720 2350/2357/1720
f 2359/2359/1 2366/2360/1 2362/2361/1 2363/2362/1
f 2360/2363/1763 2368/2364/1763 2367/2365/1763 2351/2366/1763
f 2361/2367/1764 2360/2363/1764 2351/2366/1764 2352/2368/1764
f 2363/2362/1765 2362/2361/1765 2358/2369/1765 2354/2370/1765
f 2359/2359/1766 2363/2362/1766 2354/2370/1766 2353/2371/1766
f 2364/2372/1767 2361/2367/1767 2352/2368/1767 2355/2373/1767
f 2365/2374/1768 2364/2372/1768 2355/2373/1768 2356/2375/1768
f 2366/2360/1769 2365/2374/1769 2356/2375/1769 2357/2376/1769
f 2362/2361/1770 2366/2360/1770 2357/2376/1770 2358/2369/1770
f 2360/2363/1 2361/2367/1 2364/2372/1 2368/2364/1
f 2367/2365/1763 2368/2364/1763 2370/2377/1763 2369/2378/1763
f 2368/2364/1 2364/2372/1 2365/2374/1 2370/2377/1
f 2369/2378/1763 2370/2377/1763 2359/2359/1763 2353/2371/1763
f 2370/2377/1 2365/2374/1 2366/2360/1 2359/2359/1
f 2371/2379/18 2375/2380/18 2374/2381/18 2378/2382/18
f 2372/2383/1771 2351/2384/1771 2367/2385/1771 2379/2386/1771
f 2373/2387/1772 2352/2388/1772 2351/2384/1772 2372/2383/1772
f 2375/2380/1773 2354/2389/1773 2358/2390/1773 2374/2381/1773
f 2371/2379/1774 2353/2391/1774 2354/2389/1774 2375/2380/1774
f 2376/2392/1775 2355/2393/1775 2352/2388/1775 2373/2387/1775
f 2377/2394/1776 2356/2395/1776 2355/2393/1776 2376/2392/1776
f 2378/2382/1777 2357/2396/1777 2356/2395/1777 2377/2394/1777
f 2374/2381/1778 2358/2390/1778 2357/2396/1778 2378/2382/1778
f 2372/2383/18 2379/2386/18 2376/2392/18 2373/2387/18
f 2367/2385/1771 2369/2397/1771 2380/2398/1771 2379/2386/1771
f 2379/2386/18 2380/2398/18 2377/2394/18 2376/2392/18
f 2369/2397/1771 2353/2391/1771 2371/2379/1771 2380/2398/1771
f 2380/2398/18 2371/2379/18 2378/2382/18 2377/2394/18
f 2389/2359/1 2393/2362/1 2392/2361/1 2396/2360/1
f 2390/2363/1779 2381/2366/1779 2397/2365/1779 2398/2364/1779
f 2391/2367/1780 2382/2368/1780 2381/2366/1780 2390/2363/1780
f 2393/2362/1781 2384/2370/1781 2388/2369/1781 2392/2361/1781
f 2389/2359/1782 2383/2371/1782 2384/2370/1782 2393/2362/1782
f 2394/2372/1783 2385/2373/1783 2382/2368/1783 2391/2367/1783
f 2395/2374/1784 2386/2375/1784 2385/2373/1784 2394/2372/1784
f 2396/2360/1785 2387/2376/1785 2386/2375/1785 2395/2374/1785
f 2392/2361/1786 2388/2369/1786 2387/2376/1786 2396/2360/1786
f 2390/2363/1 2398/2364/1 2394/2372/1 2391/2367/1
f 2397/2365/1779 2399/2378/1779 2400/2377/1779 2398/2364/1779
f 2398/2364/1 2400/2377/1 2395/2374/1 2394/2372/1
f 2399/2378/1779 2383/2371/1779 2389/2359/1779 2400/2377/1779
f 2400/2377/1 2389/2359/1 2396/2360/1 2395/2374/1
f 2401/2379/18 2408/2382/18 2404/2381/18 2405/2380/18
f 2402/2383/1787 2409/2386/1787 2397/2385/1787 2381/2384/1787
f 2403/2387/1788 2402/2383/1788 2381/2384/1788 2382/2388/1788
f 2405/2380/1789 2404/2381/1789 2388/2390/1789 2384/2389/1789
f 2401/2379/1790 2405/2380/1790 2384/2389/1790 2383/2391/1790
f 2406/2392/1791 2403/2387/1791 2382/2388/1791 2385/2393/1791
f 2407/2394/1792 2406/2392/1792 2385/2393/1792 2386/2395/1792
f 2408/2382/1793 2407/2394/1793 2386/2395/1793 2387/2396/1793
f 2404/2381/1794 2408/2382/1794 2387/2396/1794 2388/2390/1794
f 2402/2383/18 2403/2387/18 2406/2392/18 2409/2386/18
f 2397/2385/1787 2409/2386/1787 2410/2398/1787 2399/2397/1787
f 2409/2386/18 2406/2392/18 2407/2394/18 2410/2398/18
f 2399/2397/1787 2410/2398/1787 2401/2379/1787 2383/2391/1787
f 2410/2398/18 2407/2394/18 2408/2382/18 2401/2379/18
f 2427/2399/1795 2414/2400/1796 2415/2401/1797 2424/2402/1797
f 2429/2403/1798 2433/2404/1798 2418/2405/1798 2412/2406/1798
f 2414/2400/1799 2420/2407/1799 2421/2408/1799 2415/2401/1799
f 2423/2409/369 2425/2410/369 2419/2411/369 2413/2412/369
f 2416/2413/1800 2422/2414/1800 2417/2415/1800 2411/2416/1800
f 2424/2417/1801 2426/2418/1801 2422/2414/1801 2416/2413/1801
f 2431/2419/1802 2435/2420/1802 2420/2407/1802 2414/2400/1802
f 2436/2421/1803 2431/2419/1804 2414/2400/1796 2427/2422/1795
f 2428/2423/1805 2436/2421/1806 2427/2422/1 2411/2424/1
f 2415/2425/1801 2421/2426/1801 2426/2418/1801 2424/2417/1801
f 2412/2406/369 2418/2405/369 2425/2410/369 2423/2409/369
f 2411/2427/1 2427/2399/1 2424/2402/1 2416/2428/1
f 2412/2429/1807 2423/2430/1807 2437/2431/1808 2429/2432/1809
f 2429/2432/1809 2437/2431/1808 2436/2421/1806 2428/2423/1805
f 2423/2430/1810 2413/2433/1810 2430/2434/1811 2437/2431/1812
f 2437/2431/1812 2430/2434/1811 2431/2419/1804 2436/2421/1803
f 2413/2433/1802 2419/2435/1802 2434/2436/1802 2430/2434/1802
f 2430/2434/1802 2434/2436/1802 2435/2420/1802 2431/2419/1802
f 2411/2416/1798 2417/2415/1798 2432/2437/1798 2428/2438/1798
f 2428/2438/1798 2432/2437/1798 2433/2404/1798 2429/2403/1798
f 2446/2439/1813 2445/2440/1814 2442/2441/1814 2441/2442/1815
f 2448/2443/1798 2439/2444/1798 2418/2405/1798 2433/2404/1798
f 2441/2442/1799 2442/2441/1799 2421/2408/1799 2420/2407/1799
f 2444/2445/369 2440/2446/369 2419/2411/369 2425/2410/369
f 2443/2447/1800 2438/2448/1800 2417/2415/1800 2422/2414/1800
f 2445/2449/1801 2443/2447/1801 2422/2414/1801 2426/2418/1801
f 2450/2450/1802 2441/2442/1802 2420/2407/1802 2435/2420/1802
f 2451/2451/1816 2446/2452/1813 2441/2442/1815 2450/2450/1817
f 2447/2453/1818 2438/2454/18 2446/2452/18 2451/2451/1819
f 2442/2455/1801 2445/2449/1801 2426/2418/1801 2421/2426/1801
f 2439/2444/369 2444/2445/369 2425/2410/369 2418/2405/369
f 2438/2456/18 2443/2457/18 2445/2440/18 2446/2439/18
f 2439/2458/1820 2448/2459/1821 2452/2460/1822 2444/2461/1820
f 2448/2459/1821 2447/2453/1818 2451/2451/1819 2452/2460/1822
f 2444/2461/1823 2452/2460/1824 2449/2462/1825 2440/2463/1823
f 2452/2460/1824 2451/2451/1816 2450/2450/1817 2449/2462/1825
f 2440/2463/1802 2449/2462/1802 2434/2436/1802 2419/2435/1802
f 2449/2462/1802 2450/2450/1802 2435/2420/1802 2434/2436/1802
f 2438/2448/1798 2447/2464/1798 2432/2437/1798 2417/2415/1798
f 2447/2464/1798 2448/2443/1798 2433/2404/1798 2432/2437/1798
f 2469/2399/1826 2466/2402/1827 2457/2401/1827 2456/2400/1828
f 2471/2403/1829 2454/2406/1829 2460/2405/1829 2475/2404/1829
f 2456/2400/1830 2457/2401/1830 2463/2408/1830 2462/2407/1830
f 2465/2409/309 2455/2412/309 2461/2411/309 2467/2410/309
f 2458/2413/1831 2453/2416/1831 2459/2415/1831 2464/2414/1831
f 2466/2417/1832 2458/2413/1832 2464/2414/1832 2468/2418/1832
f 2473/2419/1833 2456/2400/1833 2462/2407/1833 2477/2420/1833
f 2478/2421/1834 2469/2422/1826 2456/2400/1828 2473/2419/1835
f 2470/2423/1836 2453/2424/1 2469/2422/1 2478/2421/1837
f 2457/2425/1832 2466/2417/1832 2468/2418/1832 2463/2426/1832
f 2454/2406/309 2465/2409/309 2467/2410/309 2460/2405/309
f 2453/2427/1 2458/2428/1 2466/2402/1 2469/2399/1
f 2454/2429/1838 2471/2432/1839 2479/2431/1840 2465/2430/1838
f 2471/2432/1839 2470/2423/1836 2478/2421/1837 2479/2431/1840
f 2465/2430/1841 2479/2431/1842 2472/2434/1843 2455/2433/1841
f 2479/2431/1842 2478/2421/1834 2473/2419/1835 2472/2434/1843
f 2455/2433/1833 2472/2434/1833 2476/2436/1833 2461/2435/1833
f 2472/2434/1833 2473/2419/1833 2477/2420/1833 2476/2436/1833
f 2453/2416/1829 2470/2438/1829 2474/2437/1829 2459/2415/1829
f 2470/2438/1829 2471/2403/1829 2475/2404/1829 2474/2437/1829
f 2488/2439/1844 2483/2442/1845 2484/2441/1846 2487/2440/1846
f 2490/2443/1829 2475/2404/1829 2460/2405/1829 2481/2444/1829
f 2483/2442/1830 2462/2407/1830 2463/2408/1830 2484/2441/1830
f 2486/2445/309 2467/2410/309 2461/2411/309 2482/2446/309
f 2485/2447/1831 2464/2414/1831 2459/2415/1831 2480/2448/1831
f 2487/2449/1832 2468/2418/1832 2464/2414/1832 2485/2447/1832
f 2492/2450/1833 2477/2420/1833 2462/2407/1833 2483/2442/1833
f 2493/2451/1847 2492/2450/1848 2483/2442/1845 2488/2452/1844
f 2489/2453/1849 2493/2451/1850 2488/2452/18 2480/2454/18
f 2484/2455/1832 2463/2426/1832 2468/2418/1832 2487/2449/1832
f 2481/2444/309 2460/2405/309 2467/2410/309 2486/2445/309
f 2480/2456/18 2488/2439/18 2487/2440/18 2485/2457/18
f 2481/2458/1851 2486/2461/1851 2494/2460/1852 2490/2459/1853
f 2490/2459/1853 2494/2460/1852 2493/2451/1850 2489/2453/1849
f 2486/2461/1854 2482/2463/1854 2491/2462/1855 2494/2460/1856
f 2494/2460/1856 2491/2462/1855 2492/2450/1848 2493/2451/1847
f 2482/2463/1833 2461/2435/1833 2476/2436/1833 2491/2462/1833
f 2491/2462/1833 2476/2436/1833 2477/2420/1833 2492/2450/1833
f 2480/2448/1829 2459/2415/1829 2474/2437/1829 2489/2464/1829
f 2489/2464/1829 2474/2437/1829 2475/2404/1829 2490/2443/1829
f 2495/2465/1857 2496/2466/1857 2498/2467/1857 2497/2468/1857
f 2504/2469/1858 2500/2470/1858 2502/2471/1858 2503/2472/1858
f 2505/2473/1859 2499/2474/1859 2500/2475/1859 2504/2476/1859
f 2506/2477/1860 2501/2478/1860 2499/2479/1860 2505/2480/1860
f 2497/2468/1860 2506/2477/1860 2505/2480/1860 2495/2465/1860
f 2495/2465/1861 2505/2473/1861 2504/2476/1861 2496/2466/1861
f 2496/2466/1858 2504/2469/1858 2503/2472/1858 2498/2467/1858
f 2507/2481/1857 2497/2468/1857 2498/2467/1857 2508/2482/1857
f 2511/2483/1858 2503/2472/1858 2502/2471/1858 2510/2484/1858
f 2512/2485/1862 2511/2486/1862 2510/2487/1862 2509/2488/1862
f 2506/2477/1860 2512/2489/1860 2509/2490/1860 2501/2478/1860
f 2497/2468/1860 2507/2481/1860 2512/2489/1860 2506/2477/1860
f 2507/2481/1863 2508/2482/1863 2511/2486/1863 2512/2485/1863
f 2508/2482/1858 2498/2467/1858 2503/2472/1858 2511/2483/1858
f 2513/2465/1864 2515/2468/1864 2516/2467/1864 2514/2466/1864
f 2522/2469/1865 2521/2472/1865 2520/2471/1865 2518/2470/1865
f 2523/2473/1866 2522/2476/1866 2518/2475/1866 2517/2474/1866
f 2524/2477/1867 2523/2480/1867 2517/2479/1867 2519/2478/1867
f 2515/2468/1867 2513/2465/1867 2523/2480/1867 2524/2477/1867
f 2513/2465/1868 2514/2466/1868 2522/2476/1868 2523/2473/1868
f 2514/2466/1865 2516/2467/1865 2521/2472/1865 2522/2469/1865
f 2525/2481/1864 2526/2482/1864 2516/2467/1864 2515/2468/1864
f 2529/2483/1865 2528/2484/1865 2520/2471/1865 2521/2472/1865
f 2530/2485/1869 2527/2488/1869 2528/2487/1869 2529/2486/1869
f 2524/2477/1867 2519/2478/1867 2527/2490/1867 2530/2489/1867
f 2515/2468/1867 2524/2477/1867 2530/2489/1867 2525/2481/1867
f 2525/2481/1870 2530/2485/1870 2529/2486/1870 2526/2482/1870
f 2526/2482/1865 2529/2483/1865 2521/2472/1865 2516/2467/1865
f 2542/2491/1871 2541/2492/1871 2540/2493/1872 2544/2494/1872
f 2539/2495/1872 2543/2496/1871 2537/2497/1871 2538/2498/1872
f 2540/2493/1872 2539/2495/1872 2538/2498/1872 2544/2494/1872
f 2533/2499/1873 2541/2500/1873 2542/2501/1873 2531/2502/1873
f 2536/2503/1874 2539/2504/1874 2540/2505/1874 2534/2506/1874
f 2535/2507/1875 2543/2508/1875 2539/2504/1875 2536/2503/1875
f 2534/2506/1876 2540/2505/1876 2541/2500/1876 2533/2499/1876
f 2532/2509/1877 2537/2510/1877 2543/2508/1877 2535/2507/1877
f 2542/2491/1871 2544/2494/1872 2550/2511/1872 2551/2512/1871
f 2549/2513/1872 2538/2498/1872 2537/2497/1871 2552/2514/1871
f 2550/2511/1872 2544/2494/1872 2538/2498/1872 2549/2513/1872
f 2545/2515/1873 2531/2502/1873 2542/2501/1873 2551/2516/1873
f 2548/2517/1878 2546/2518/1878 2550/2519/1878 2549/2520/1878
f 2547/2521/1879 2548/2517/1879 2549/2520/1879 2552/2522/1879
f 2546/2518/1880 2545/2515/1880 2551/2516/1880 2550/2519/1880
f 2532/2523/1877 2547/2521/1877 2552/2522/1877 2537/2524/1877
f 2564/2491/1881 2566/2494/1881 2562/2493/1881 2563/2492/1881
f 2561/2495/1882 2560/2498/1882 2559/2497/1882 2565/2496/1882
f 2562/2493/1881 2566/2494/1881 2560/2498/1882 2561/2495/1882
f 2555/2499/1883 2553/2502/1883 2564/2501/1883 2563/2500/1883
f 2558/2503/1884 2556/2506/1884 2562/2505/1884 2561/2504/1884
f 2557/2507/1885 2558/2503/1885 2561/2504/1885 2565/2508/1885
f 2556/2506/1886 2555/2499/1886 2563/2500/1886 2562/2505/1886
f 2554/2509/1887 2557/2507/1887 2565/2508/1887 2559/2510/1887
f 2564/2491/1881 2573/2512/1881 2572/2511/1881 2566/2494/1881
f 2571/2513/1881 2574/2514/1881 2559/2497/1882 2560/2498/1882
f 2572/2511/1881 2571/2513/1881 2560/2498/1882 2566/2494/1881
f 2567/2515/1883 2573/2516/1883 2564/2501/1883 2553/2502/1883
f 2570/2517/1888 2571/2520/1888 2572/2519/1888 2568/2518/1888
f 2569/2521/1889 2574/2522/1889 2571/2520/1889 2570/2517/1889
f 2568/2518/1890 2572/2519/1890 2573/2516/1890 2567/2515/1890
f 2554/2523/1887 2559/2524/1887 2574/2522/1887 2569/2521/1887
f 2592/2525/1891 2586/2526/1892 2583/2527/1892 2591/2528/1893
f 2576/2529/369 2581/2530/369 2590/2531/369 2588/2532/369
f 2587/2533/1894 2589/2534/1894 2578/2535/1894 2575/2536/1894
f 2590/2531/1895 2591/2528/1896 2583/2527/1897 2584/2537/1897
f 2575/2536/1872 2578/2535/1872 2579/2538/1872 2595/2539/1872
f 2583/2540/1898 2586/2541/1898 2580/2542/1898 2585/2543/1898
f 2588/2532/369 2590/2531/369 2584/2537/369 2577/2544/369
f 2577/2545/1898 2584/2546/1898 2583/2540/1898 2585/2543/1898
f 2581/2530/1899 2582/2547/1899 2591/2528/1896 2590/2531/1895
f 2578/2548/1900 2589/2549/1900 2592/2525/1900 2579/2550/1900
f 2579/2550/1901 2592/2525/1891 2591/2528/1893 2582/2547/1901
f 2589/2534/1902 2587/2533/1902 2593/2551/1902 2592/2552/1902
f 2592/2552/1903 2593/2551/1903 2580/2542/1903 2586/2541/1903
f 2582/2553/1872 2581/2554/1872 2576/2555/1872 2594/2556/1872
f 2579/2538/1872 2582/2553/1872 2594/2556/1872 2595/2539/1872
f 2606/2557/1904 2605/2558/1905 2600/2559/1906 2602/2560/1906
f 2576/2529/369 2588/2532/369 2604/2561/369 2598/2562/369
f 2587/2533/1894 2575/2536/1894 2596/2563/1894 2603/2564/1894
f 2604/2561/1907 2601/2565/1908 2600/2559/1908 2605/2558/1909
f 2575/2536/1872 2595/2539/1872 2597/2566/1872 2596/2563/1872
f 2600/2567/1898 2585/2543/1898 2580/2542/1898 2602/2568/1898
f 2588/2532/369 2577/2544/369 2601/2565/369 2604/2561/369
f 2577/2545/1898 2585/2543/1898 2600/2567/1898 2601/2569/1898
f 2598/2562/1910 2604/2561/1907 2605/2558/1909 2599/2570/1910
f 2596/2571/1911 2597/2572/1911 2606/2557/1911 2603/2573/1911
f 2597/2572/1912 2599/2570/1912 2605/2558/1905 2606/2557/1904
f 2603/2564/1902 2606/2574/1902 2593/2551/1902 2587/2533/1902
f 2606/2574/1903 2602/2568/1903 2580/2542/1903 2593/2551/1903
f 2599/2575/1872 2594/2556/1872 2576/2555/1872 2598/2576/1872
f 2597/2566/1872 2595/2539/1872 2594/2556/1872 2599/2575/1872
f 2624/2525/1913 2623/2528/1914 2615/2527/1915 2618/2526/1915
f 2608/2529/309 2620/2532/309 2622/2531/309 2613/2530/309
f 2619/2533/1916 2607/2536/1916 2610/2535/1916 2621/2534/1916
f 2622/2531/1917 2616/2537/1918 2615/2527/1918 2623/2528/1919
f 2607/2536/1881 2627/2539/1881 2611/2538/1881 2610/2535/1881
f 2615/2540/1920 2617/2543/1920 2612/2542/1920 2618/2541/1920
f 2620/2532/309 2609/2544/309 2616/2537/309 2622/2531/309
f 2609/2545/1920 2617/2543/1920 2615/2540/1920 2616/2546/1920
f 2613/2530/1921 2622/2531/1917 2623/2528/1919 2614/2547/1921
f 2610/2548/1922 2611/2550/1922 2624/2525/1922 2621/2549/1922
f 2611/2550/1923 2614/2547/1923 2623/2528/1914 2624/2525/1913
f 2621/2534/1924 2624/2552/1924 2625/2551/1924 2619/2533/1924
f 2624/2552/1925 2618/2541/1925 2612/2542/1925 2625/2551/1925
f 2614/2553/1881 2626/2556/1881 2608/2555/1881 2613/2554/1881
f 2611/2538/1881 2627/2539/1881 2626/2556/1881 2614/2553/1881
f 2638/2557/1926 2634/2560/1927 2632/2559/1927 2637/2558/1928
f 2608/2529/309 2630/2562/309 2636/2561/309 2620/2532/309
f 2619/2533/1916 2635/2564/1916 2628/2563/1916 2607/2536/1916
f 2636/2561/1929 2637/2558/1930 2632/2559/1931 2633/2565/1931
f 2607/2536/1881 2628/2563/1881 2629/2566/1881 2627/2539/1881
f 2632/2567/1920 2634/2568/1920 2612/2542/1920 2617/2543/1920
f 2620/2532/309 2636/2561/309 2633/2565/309 2609/2544/309
f 2609/2545/1920 2633/2569/1920 2632/2567/1920 2617/2543/1920
f 2630/2562/1932 2631/2570/1932 2637/2558/1930 2636/2561/1929
f 2628/2571/1933 2635/2573/1933 2638/2557/1933 2629/2572/1933
f 2629/2572/1934 2638/2557/1926 2637/2558/1928 2631/2570/1934
f 2635/2564/1924 2619/2533/1924 2625/2551/1924 2638/2574/1924
f 2638/2574/1925 2625/2551/1925 2612/2542/1925 2634/2568/1925
f 2631/2575/1881 2630/2576/1881 2608/2555/1881 2626/2556/1881
f 2629/2566/1881 2631/2575/1881 2626/2556/1881 2627/2539/1881
f 2644/2577/1935 2640/2578/1935 2642/2579/1935 2645/2580/1935
f 2642/2581/1898 2640/2578/1898 2639/2582/1898 2641/2583/1898
f 2639/2582/1936 2640/2578/1936 2644/2577/1936 2643/2584/1936
f 2648/2585/1937 2649/2586/1937 2647/2587/1937 2646/2588/1937
f 2647/2589/1898 2641/2583/1898 2639/2582/1898 2646/2588/1898
f 2639/2582/1936 2643/2584/1936 2648/2585/1936 2646/2588/1936
f 2655/2577/1938 2656/2580/1938 2653/2579/1938 2651/2578/1938
f 2653/2581/1920 2652/2583/1920 2650/2582/1920 2651/2578/1920
f 2650/2582/1939 2654/2584/1939 2655/2577/1939 2651/2578/1939
f 2659/2585/1940 2657/2588/1940 2658/2587/1940 2660/2586/1940
f 2658/2589/1920 2657/2588/1920 2650/2582/1920 2652/2583/1920
f 2650/2582/1939 2657/2588/1939 2659/2585/1939 2654/2584/1939
f 2664/2590/1941 2668/2591/1941 2666/2592/1941 2662/2593/1941
f 2662/2593/1942 2666/2592/1942 2665/2594/1942 2661/2595/1942
f 2663/2596/1943 2667/2597/1943 2668/2591/1943 2664/2590/1943
f 2670/2598/1944 2669/2599/1944 2671/2600/1944 2672/2601/1944
f 2669/2599/1942 2661/2602/1942 2665/2603/1942 2671/2600/1942
f 2663/2596/1943 2670/2598/1943 2672/2601/1943 2667/2597/1943
f 2676/2590/1945 2674/2593/1945 2678/2592/1945 2680/2591/1945
f 2674/2593/1946 2673/2595/1946 2677/2594/1946 2678/2592/1946
f 2675/2596/1947 2676/2590/1947 2680/2591/1947 2679/2597/1947
f 2682/2598/1948 2684/2601/1948 2683/2600/1948 2681/2599/1948
f 2681/2599/1946 2683/2600/1946 2677/2603/1946 2673/2602/1946
f 2675/2596/1947 2679/2597/1947 2684/2601/1947 2682/2598/1947
