# Blender 5.1.0
# www.blender.org
mtllib fireball .mtl
o Sphere
v 1.015688 2.128458 -0.112443
v 0.033805 1.692726 1.142073
v -0.578976 1.791102 0.931966
v -0.903530 1.435848 -0.685883
v 0.731689 2.450480 -0.044016
v 0.867153 2.328624 -0.087609
v 0.728647 1.750407 0.903938
v 0.477125 1.703269 1.053632
v -0.863293 1.840373 0.630716
v -1.078856 1.774881 -0.011933
v -0.931228 1.530309 -0.626802
v -0.161759 0.515673 -0.598118
v -0.250783 0.386719 -0.240211
v 0.748643 2.438961 -0.002751
v 0.893188 2.305365 -0.007872
v 1.016282 2.127764 0.125150
v 1.018450 1.932963 0.457725
v -0.628456 1.963315 0.834489
v -1.059648 1.871724 -0.124920
v -0.847211 1.489975 -0.745779
v -0.146663 0.791250 -0.900267
v -0.091069 0.393914 -0.340885
v 0.754497 2.435184 0.039965
v 0.877953 2.325510 0.046168
v 1.014320 1.976347 0.447074
v 0.589325 1.850016 0.960635
v -0.961489 1.970840 0.373092
v -0.018451 0.756237 -0.891245
v 0.001585 0.671501 -0.808519
v 0.043132 0.478103 -0.539904
v -0.080088 0.370679 -0.265047
v 0.751442 2.436120 0.084736
v 0.841791 2.358325 0.108404
v 0.959673 2.088503 0.440865
v -0.821331 2.080064 0.577259
v -0.843091 1.762292 -0.714570
v 0.002952 0.809189 -0.929041
v 0.042925 0.726970 -0.870027
v 0.022991 0.385857 -0.335531
v -0.064257 0.361136 -0.217332
v -0.179987 0.361851 -0.120272
v 0.748216 2.431097 0.132675
v 0.853267 2.313138 0.233167
v 0.900575 2.174376 0.422091
v 0.053171 2.041385 1.042714
v -0.141293 2.077630 1.005135
v -0.888883 1.853417 -0.613085
v -0.263425 1.220649 -1.081240
v -0.033538 0.968601 -1.023114
v 0.074361 0.717286 -0.864901
v -0.283684 0.381015 -0.046136
v 0.583805 2.537541 0.078134
v 0.734226 2.434806 0.169287
v 0.833914 2.303486 0.308243
v 0.821918 2.184255 0.542669
v 0.737613 2.147938 0.693215
v -0.646511 1.669759 -0.919498
v -0.066623 1.061634 -1.066776
v 0.128375 0.870199 -0.965403
v 0.254687 0.365828 -0.202851
v -0.310881 0.387281 -0.008343
v 0.697068 2.465638 0.173201
v 0.715253 2.174821 0.683477
v 0.592945 2.170572 0.796882
v -0.897697 2.214656 0.154436
v -0.389883 1.496002 -1.071049
v 0.370088 0.633295 -0.688454
v 0.392109 0.470005 -0.390348
v 0.291614 0.382867 -0.220717
v -0.241815 0.368852 0.079173
v -0.312566 0.389442 0.033367
v 0.649422 2.502506 0.153591
v 0.552554 2.229062 0.778939
v 0.536285 2.197523 0.814643
v 0.042110 1.508168 -0.000000
v -0.819151 2.193338 -0.386313
v 0.091047 1.119527 -1.091920
v 0.435953 0.557596 -0.544188
v 0.435047 0.444144 -0.265249
v -0.228081 0.371825 0.126451
v -0.319570 0.395107 0.070836
v 0.561482 2.249073 0.758408
v -0.516139 2.386317 0.540005
v -0.810817 2.219499 -0.343989
v 0.560487 0.491716 -0.235876
v 0.433107 0.413066 -0.042926
v -0.201737 0.379705 0.190707
v -0.336535 0.404991 0.099796
v -0.763513 2.352875 -0.004059
v -0.783681 2.272559 -0.309403
v 0.304428 1.149971 -1.081159
v 0.584696 0.780724 -0.717260
v 0.590652 0.517778 -0.247928
v 0.414893 0.410873 0.087717
v 0.220766 0.381380 0.237513
v -0.248422 0.391477 0.188235
v -0.356977 0.413839 0.107023
v 0.278302 2.419720 0.709544
v 0.042110 1.508168 -0.000000
v 0.316842 1.142916 -1.077122
v 0.651861 0.740476 -0.613325
v 0.428621 0.424546 0.187510
v 0.221431 0.380968 0.267683
v 0.543078 2.555266 0.180913
v 0.730869 0.759507 -0.574033
v 0.419581 0.446091 0.327428
v 0.422200 0.436160 0.279157
v 0.042110 1.508168 -0.000000
v -0.484970 0.454535 0.040432
v 0.516378 2.559112 0.217009
v -0.338991 2.566936 0.326283
v -0.424237 2.558203 0.242320
v -0.098230 1.864514 -1.106528
v 0.759201 0.761306 -0.555138
v 0.165673 0.473449 0.543802
v -0.502853 0.463681 0.050485
v 0.458875 2.566555 0.271135
v 0.293130 2.569183 0.403144
v -0.016917 2.579108 0.438272
v -0.295109 2.578294 0.319537
v -0.416898 2.569749 0.189822
v 0.064603 1.746969 -1.138168
v 0.351021 1.526145 -1.115799
v -0.529384 0.479120 0.070605
v 0.451463 2.579650 0.243908
v -0.434535 2.572273 0.131157
v -0.088955 2.044056 -1.032423
v 0.599250 1.336249 -0.998834
v 0.787977 0.626521 0.199458
v -0.544873 0.487431 0.063257
v 0.450855 2.590660 0.208248
v -0.036280 2.638900 0.317190
v -0.256380 2.306664 -0.803955
v -0.060698 2.093578 -0.997928
v 0.356483 1.676084 -1.097587
v 0.723691 1.267994 -0.897663
v 0.916795 0.933401 -0.491324
v 0.061714 0.672084 0.814789
v -0.519409 0.703415 0.649386
v -0.555824 0.492384 0.027270
v 0.471023 2.590421 0.164969
v -0.043523 2.658309 0.252458
v 0.547064 1.552814 -1.037039
v 0.311288 0.686027 0.784869
v 0.180183 0.690647 0.819405
v -0.422800 0.705209 0.712735
v -0.580809 0.722877 0.609343
v -0.574649 0.503362 0.008329
v 0.490348 2.585693 0.138566
v 0.077593 2.689991 0.069826
v -0.118719 2.363745 -0.778813
v 0.220496 2.012501 -1.024609
v 0.363012 0.721386 0.787360
v -0.007773 0.753208 0.883020
v -0.733374 0.770904 0.483538
v -0.594237 0.515310 -0.006015
v 0.083188 2.689948 0.054005
v -0.113043 2.438903 -0.684659
v 0.438726 1.869522 -1.025947
v 0.853352 0.790154 0.417977
v -0.289550 0.815555 0.875947
v -0.770789 0.779377 0.439178
v -0.586928 0.511771 -0.036271
v 0.110426 2.688093 -0.007928
v -0.074048 2.561255 -0.502200
v 1.122174 1.093535 -0.176135
v 0.210839 0.877767 0.960648
v -0.632439 0.905333 0.752489
v -0.591789 0.515391 -0.062191
v -0.485050 0.463353 -0.018876
v 0.121606 2.678645 -0.115126
v -0.005718 2.615754 -0.382074
v -0.035809 2.587368 -0.457740
v 0.906225 1.560089 -0.779525
v 1.057909 1.336549 -0.539148
v 1.122693 1.165736 -0.280079
v -0.087284 0.961392 1.021217
v -0.211485 0.984969 1.017286
v -0.578721 0.509194 -0.079623
v 0.162903 2.664893 -0.193132
v 0.953411 1.564349 -0.715470
v 1.035663 1.419718 -0.595692
v -0.200476 1.026724 1.034324
v -1.009917 0.999375 0.109150
v -0.979943 0.933853 -0.011963
v -0.564394 0.501926 -0.087935
v 0.235618 2.649291 -0.233550
v 0.296002 2.411813 -0.708349
v 0.422392 2.270246 -0.804914
v 0.645585 2.026502 -0.851842
v 0.849741 1.757376 -0.794527
v -0.401753 1.121561 0.992097
v -1.023376 1.046740 0.105774
v -0.967807 0.926255 -0.071116
v -0.867320 0.795614 -0.200959
v 0.487828 2.592682 -0.014885
v 0.312859 2.624834 -0.258189
v 0.629749 2.063642 -0.848858
v 1.195710 1.300468 -0.065493
v 1.136327 1.179619 0.240421
v 0.831879 1.101253 0.740279
v -0.435789 1.194817 0.998601
v -1.011777 1.193313 0.369788
v -1.038987 1.073734 0.003688
v -0.777525 0.710128 -0.276769
v 0.480667 2.591391 -0.048945
v 0.395458 2.582337 -0.313935
v -0.066478 1.222857 1.123180
v -1.044043 1.095694 -0.097777
v -0.971347 0.993557 -0.273873
v 0.442414 2.548965 -0.364567
v 0.547658 2.395780 -0.554701
v 0.729284 2.202288 -0.646508
v 0.947962 1.974327 -0.585657
v 1.140350 1.336662 0.359939
v 1.106779 1.293483 0.430353
v -0.212048 1.313239 1.108119
v -1.078928 1.202956 -0.145369
v -0.873046 0.917480 -0.422088
v -0.693939 0.707940 -0.438222
v 0.452931 2.547191 -0.372799
v 0.871798 2.083730 -0.593780
v 1.135675 1.377911 0.372347
v 0.003805 1.364308 1.154005
v -0.303318 1.393338 1.107348
v -0.434529 1.407025 1.064224
v -0.957516 1.072137 -0.419007
v -0.900822 0.988063 -0.457245
v -0.633258 0.641482 -0.430955
v 0.737535 2.365251 -0.404861
v 0.849513 2.204781 -0.488456
v 0.907495 2.102430 -0.515907
v 1.109165 1.419819 0.453296
v 0.787351 1.360487 0.869884
v -0.401527 1.434963 1.080825
v -1.041099 1.277714 -0.365743
v -0.877984 1.047029 -0.550544
v -0.756876 0.926729 -0.634053
v 0.741481 2.367594 -0.377126
v 0.818355 2.264551 -0.442391
v 0.885696 2.167663 -0.475632
v 1.179302 1.510913 0.288217
v 1.149735 1.475133 0.370782
v -0.181728 1.541553 1.136455
v -1.134398 1.519531 -0.012620
v -1.111260 1.428674 -0.170651
v -0.691002 0.898468 -0.685411
v -0.407350 0.484264 -0.363925
v -0.428023 0.473235 -0.266450
v 0.646527 2.499107 -0.119166
v 0.731893 2.410159 -0.271109
v -0.377332 1.616393 1.078526
v -1.134879 1.538781 -0.012649
v -0.686678 0.982027 -0.755373
v 0.677843 2.482269 -0.107812
v 0.790824 2.374428 -0.218971
v 0.990716 2.133648 -0.196635
v 1.145441 1.872828 0.046336
v 1.115563 1.692284 0.398544
v 0.720504 1.597104 0.927727
v 0.173741 1.629075 1.143877
v -0.277443 0.493519 -0.502179
v 0.707985 2.464656 -0.080566
v 0.841196 2.340976 -0.159251
v 1.130274 1.923274 0.046762
v 0.453676 1.649272 1.070851
v -1.023156 1.571396 -0.463625
v -0.217446 0.561440 -0.647810
v -0.276097 0.389691 -0.234918
v -0.242934 1.734691 1.096811
v -0.797608 1.806091 0.736027
v 0.798641 2.394233 -0.074975
v 0.918276 2.272727 -0.081494
v 1.092141 2.017490 -0.023068
v 0.644496 1.736198 0.961375
v 0.361953 1.699948 1.099360
v -1.017273 1.830887 0.316869
v -1.053474 1.672378 -0.326100
v -0.854032 1.438959 -0.735207
v -0.144599 0.497220 -0.568614
v 1.016822 2.130507 -0.099924
v -0.885187 1.422231 -0.708496
v -0.016099 1.715004 1.136313
v -0.616123 1.808046 0.899748
v 0.819797 2.378597 -0.016204
v 0.960239 2.223400 0.032935
v 1.041394 2.015626 0.296626
v 0.955780 1.864727 0.614568
v 0.597561 1.798650 0.970878
v -0.711367 1.971737 0.757748
v -1.057312 1.898771 -0.030890
v -0.794292 1.422627 -0.802221
v -0.176425 0.826366 -0.919561
v -0.074188 0.421496 -0.417477
v -0.125856 0.381977 -0.291488
v 0.990278 2.182248 0.047517
v 0.882585 2.316083 -0.045721
v -0.525983 1.154530 -0.944402
v -0.842321 1.459526 -0.749566
v -0.223366 0.864278 -0.934942
v 0.785820 1.770730 0.850781
v -0.219473 0.383911 -0.249067
v 0.733677 2.449692 -0.020118
v 0.819804 2.381185 0.038220
v 0.915726 2.283298 0.056554
v 1.019523 1.999438 0.409092
v 0.480161 1.865930 1.006446
v -0.888016 1.979195 0.520862
v -1.012861 1.952358 0.223820
v -0.992904 1.716843 -0.489878
v -0.024833 0.731916 -0.867954
v 0.033058 0.566644 -0.681075
v -0.100284 0.366887 -0.242640
v -0.552799 1.954589 0.886302
v 0.161390 1.861701 1.084983
v -0.075638 0.387747 -0.323456
v -0.957386 1.968920 0.378021
v 0.745194 2.441682 0.020241
v -1.053862 1.847519 -0.191574
v 0.891784 2.307548 0.022854
v -0.922284 1.603985 -0.635830
v 1.017527 2.115271 0.161633
v 1.008791 1.940345 0.475949
v -0.046379 0.692147 -0.825506
v 0.687738 1.839350 0.897928
v 0.020797 0.483388 -0.545860
v 0.806258 2.391525 0.096285
v 0.973869 2.064134 0.441415
v 0.205555 1.970742 1.045960
v -0.821331 2.080064 0.577259
v -0.873695 1.799597 -0.662252
v 0.025654 0.762324 -0.897878
v -0.003791 0.370327 -0.281262
v -0.140428 0.359017 -0.149065
v -0.005368 0.772246 -0.904441
v 1.008325 1.995537 0.446229
v 0.020147 0.710356 -0.851566
v 0.033884 0.407464 -0.390731
v -0.062928 0.364380 -0.238773
v -0.148028 0.358738 -0.152036
v 0.746324 2.440838 0.061960
v 0.862786 2.341477 0.071327
v 0.805847 2.375675 0.171615
v 0.884203 2.236378 0.342059
v 0.076306 2.038593 1.045207
v -0.039977 2.059936 1.026470
v -0.231468 2.095059 0.976265
v -0.865791 1.828495 -0.655674
v -0.411548 1.366562 -1.056211
v -0.119779 1.070785 -1.062482
v -0.253271 0.371336 -0.053434
v -0.250815 0.374697 -0.070357
v -0.896442 1.848250 -0.605193
v 0.742921 2.439476 0.106542
v -0.775026 1.696761 -0.803221
v 0.839395 2.350517 0.156723
v -0.312964 1.253004 -1.071684
v 0.942279 2.115628 0.434915
v -0.023464 0.901242 -0.984060
v 0.061475 0.731834 -0.875705
v 0.069201 2.032383 1.044897
v -0.046480 2.052839 1.028930
v 0.689738 2.470987 0.137503
v 0.789036 2.375387 0.223899
v 0.847592 2.235972 0.419333
v 0.772470 2.157126 0.643380
v -0.155209 2.119713 0.976050
v -0.705300 1.721163 -0.863938
v 0.055282 0.944997 -1.016276
v 0.258193 0.367948 -0.207199
v -0.283997 0.377357 -0.004836
v 0.769832 2.145310 0.661745
v 0.857034 2.181185 0.492836
v 0.020835 0.951801 -1.018547
v 0.249644 0.364508 -0.206254
v -0.201392 2.095060 0.982729
v -0.307866 2.110225 0.943920
v -0.307495 0.387240 -0.026133
v -0.855688 1.830916 -0.668757
v 0.736197 2.436800 0.148918
v -0.636815 1.630758 -0.928765
v 0.846709 2.303560 0.278210
v -0.200860 1.181503 -1.085728
v 0.726329 2.438781 0.197847
v 0.645697 2.172330 0.752633
v 0.544492 2.174845 0.827615
v -0.195224 1.348953 -1.118807
v 0.398535 0.559903 -0.570238
v 0.322381 0.403800 -0.260778
v -0.268313 0.375280 0.055105
v -0.897697 2.214656 0.154436
v 0.713399 2.451009 0.171123
v -0.319107 0.390815 0.010208
v -0.570494 1.626700 -0.976762
v 0.820961 2.307634 0.322126
v 0.780006 2.184253 0.597021
v 0.272402 0.735184 -0.833366
v 0.678286 2.156822 0.740033
v -0.170367 2.144578 0.961814
v 0.267539 0.370179 -0.200918
v -0.170474 2.144592 0.961782
v 0.547517 2.207238 0.799153
v -0.558650 1.794102 -0.953730
v 0.004417 1.217973 -1.122075
v 0.443151 0.504029 -0.433864
v 0.421956 0.416531 -0.161496
v -0.264011 0.379602 0.104468
v 0.423598 0.475852 -0.379472
v 0.407028 0.624368 -0.656589
v 0.544508 2.184687 0.819481
v -0.235261 0.369185 0.097899
v -0.321527 0.394075 0.049320
v -0.641565 1.851199 -0.886450
v 0.672771 2.485024 0.163896
v 0.156551 1.033539 -1.048433
v -0.484939 2.383983 0.577196
v -0.812494 2.250386 -0.268131
v -0.801080 2.166942 -0.450366
v -0.094566 1.348087 -1.142883
v 0.583961 0.523465 -0.308454
v 0.506413 0.448531 -0.125147
v 0.384399 0.395199 0.014306
v -0.143257 0.375689 0.217144
v -0.270001 0.389945 0.149794
v -0.334084 0.402023 0.082085
v -0.303956 1.557951 -1.101511
v -0.664049 1.946133 -0.799170
v 0.633200 2.513187 0.142722
v 0.558886 2.243829 0.763889
v 0.424640 0.414445 -0.120478
v -0.209749 0.375025 0.165965
v -0.813972 2.190371 -0.395994
v 0.259864 2.399400 0.742352
v -0.735075 2.373328 0.111153
v -0.785135 2.312259 -0.170892
v -0.772837 2.254871 -0.382639
v 0.237602 1.218677 -1.118862
v 0.464693 0.966586 -0.936553
v 0.620505 0.617061 -0.458465
v 0.515015 0.449931 -0.053436
v 0.308921 0.389124 0.181676
v -0.296605 0.399537 0.157056
v 0.147510 0.379645 0.234275
v 0.420325 0.409742 0.030822
v -0.759406 2.352467 0.037429
v -0.598496 2.389215 0.423998
v -0.201219 0.385992 0.205272
v -0.798079 2.263035 -0.277254
v -0.355868 0.412481 0.098697
v 0.234209 1.220309 -1.119654
v 0.572162 0.501184 -0.240399
v 0.270565 2.412643 0.721914
v 0.648264 0.690753 -0.551037
v 0.458854 0.431867 0.155091
v 0.602546 0.776919 -0.699985
v 0.331028 1.126131 -1.065922
v 0.270607 2.412638 0.721909
v 0.602513 0.524122 -0.234689
v 0.413077 0.414904 0.139037
v 0.237297 0.382751 0.253093
v -0.766876 2.350580 -0.040105
v -0.778402 2.276183 -0.321815
v 0.313154 2.456956 0.647047
v 0.736566 0.761640 -0.574173
v 0.416809 0.441787 0.307714
v -0.478295 0.452394 0.035338
v 0.700434 0.753894 -0.588470
v 0.294084 2.434475 0.683632
v 0.426395 0.430815 0.242194
v -0.297365 2.569943 0.357344
v -0.398218 2.560796 0.273240
v -0.126808 1.890729 -1.095376
v -0.063159 1.828122 -1.119366
v 0.760067 0.762349 -0.556225
v 0.275342 0.459826 0.470066
v 0.118402 0.479889 0.568430
v 0.750840 0.761458 -0.561781
v 0.756445 0.765100 -0.563613
v 0.406435 0.448621 0.350774
v -0.431297 2.555048 0.247444
v -0.493147 0.458643 0.043903
v -0.077915 1.819480 -1.123042
v 0.534854 2.556595 0.192329
v 0.390689 2.567921 0.341711
v 0.136213 2.575588 0.441192
v -0.180991 2.580061 0.390417
v -0.376933 2.573776 0.240431
v 0.204583 1.640575 -1.139054
v 0.076950 0.485607 0.586158
v -0.539747 0.485142 0.088323
v -0.049373 1.831453 -1.118973
v -0.513927 0.470231 0.055901
v 0.484684 2.562123 0.250620
v 0.355644 2.566508 0.376100
v -0.321968 2.571615 0.323988
v 0.118426 0.479891 0.568433
v -0.418352 2.563901 0.221045
v 0.420336 2.582363 0.279037
v 0.055459 2.606329 0.398944
v -0.117980 2.603639 0.367625
v -0.000800 1.974196 -1.067421
v 0.510852 1.428467 -1.051179
v 0.683741 1.245102 -0.926778
v 0.774490 0.618824 0.223898
v -0.548247 0.489682 0.084210
v -0.016321 2.584271 0.429995
v 0.270719 2.573442 0.401848
v 0.765236 0.613592 0.238378
v -0.280695 2.583317 0.311788
v -0.421073 2.573125 0.159318
v -0.118922 2.067763 -1.017710
v -0.536822 0.483359 0.067344
v 0.494408 1.413487 -1.061898
v 0.456223 2.571761 0.256599
v 0.431916 2.595338 0.228848
v -0.021152 2.633527 0.337199
v -0.276309 2.330149 -0.774299
v -0.190048 2.231470 -0.886402
v 0.130716 1.895883 -1.086729
v 0.558362 1.462683 -1.028895
v 0.846579 1.095859 -0.714347
v 0.931310 0.842605 -0.329409
v -0.001949 0.673881 0.815065
v -0.500358 0.702272 0.662661
v 0.333875 1.674606 -1.104415
v -0.548094 0.488667 0.040301
v 0.677756 1.285995 -0.936531
v 0.455366 2.584797 0.220424
v 0.913362 0.920903 -0.481214
v 0.845255 0.667727 0.078780
v -0.041962 2.628114 0.342630
v -0.043964 2.663203 0.235200
v -0.199657 2.437632 -0.679141
v 0.627567 1.464853 -0.993886
v 0.922494 1.077841 -0.593691
v 0.257049 0.686990 0.801802
v -0.498485 0.710673 0.668259
v 0.108516 0.677979 0.815076
v 0.296304 0.677928 0.782899
v 0.042110 1.508168 -0.000000
v -0.041259 2.650189 0.280372
v -0.335915 0.699916 0.751229
v -0.239906 2.288413 -0.826211
v -0.529787 0.708922 0.644062
v -0.052762 2.090603 -1.000541
v 0.415073 1.647583 -1.082621
v -0.562859 0.496541 0.015951
v 0.743838 1.273985 -0.882828
v 0.459753 2.590996 0.187123
v -0.168129 2.638162 -0.245806
v -0.164165 2.404552 -0.727575
v 0.027843 2.203702 -0.928573
v 0.336299 1.865639 -1.054623
v 1.009804 0.912606 -0.160055
v 0.567092 0.739712 0.681815
v 0.156540 0.732312 0.858245
v -0.177201 0.784096 0.881940
v -0.720350 0.788108 0.519602
v -0.747804 0.765754 0.457425
v -0.607549 0.522624 0.003278
v -0.586577 0.510730 0.001416
v 0.878302 1.201592 -0.727136
v 0.582305 1.550209 -1.017281
v 0.483836 2.587335 0.147378
v 0.318969 0.702507 0.793867
v 0.143479 0.714489 0.846076
v -0.164160 2.404534 -0.727600
v -0.688029 0.749395 0.518425
v 0.080775 2.690105 0.056501
v -0.134170 2.608641 -0.361962
v -0.104456 2.477799 -0.631387
v 0.918903 0.805744 0.293169
v 0.731573 0.783602 0.580525
v -0.404508 0.840688 0.844431
v -0.775654 0.776168 0.427660
v -0.544509 0.820369 0.723689
v -0.161959 0.786107 0.888823
v -0.119741 2.403127 -0.730548
v -0.749699 0.782934 0.474029
v 0.326116 1.944878 -1.033717
v -0.586200 0.511208 -0.022452
v 0.867932 0.789273 0.382299
v 0.078489 2.690023 0.065879
v 0.113033 2.688624 -0.005321
v -0.072396 2.577535 -0.466930
v -0.083790 2.539163 -0.541497
v 0.804138 1.601409 -0.863703
v 0.337577 0.849210 0.905289
v -0.618562 0.902700 0.761146
v -0.599883 0.519692 -0.064810
v -0.568983 0.503833 -0.053481
v -0.585962 0.511799 -0.048660
v 1.121194 1.077585 -0.150157
v 0.093328 2.689476 0.032684
v -0.091861 2.554677 -0.509104
v -0.622474 0.901329 0.756779
v 0.557043 1.786869 -0.997671
v -0.026374 2.597803 -0.432213
v 0.858465 1.610300 -0.829373
v 0.974976 1.466218 -0.691684
v 1.107992 1.223678 -0.376055
v -0.151441 0.972264 1.020889
v -0.048978 2.578363 -0.473854
v 0.880332 1.575148 -0.807022
v 1.044637 1.341176 -0.563107
v -0.582473 0.510896 -0.070117
v 1.121525 1.142364 -0.254356
v 0.118318 2.684591 -0.058773
v 0.071937 0.912595 0.998978
v -0.022434 2.603510 -0.416344
v 0.992639 1.501414 -0.667014
v -0.182619 1.028304 1.041317
v -0.206513 1.012808 1.028637
v -0.999882 0.972846 0.054200
v -0.959844 0.902144 -0.059616
v 1.122426 1.183327 -0.299925
v 0.121569 2.668919 -0.176717
v -0.165662 1.000022 1.030135
v 0.033271 2.639881 -0.302027
v -0.227698 0.993127 1.017442
v -1.011036 1.003208 0.128773
v 0.950759 1.533926 -0.723802
v 1.061463 1.353318 -0.536666
v -0.570478 0.505056 -0.084080
v 0.341643 2.357242 -0.753397
v 0.512829 2.174132 -0.838215
v 0.773047 1.867274 -0.828745
v 1.095291 1.138228 0.354392
v -1.027814 1.093609 0.191884
v -1.004768 0.993383 0.015712
v -0.918997 0.857240 -0.145000
v -0.829948 0.756171 -0.234014
v -0.973958 0.927956 -0.038313
v -1.013356 1.011446 0.095957
v 0.909573 1.659099 -0.753938
v -0.900601 0.829931 -0.159802
v -0.553374 0.496184 -0.082816
v 0.865013 0.989820 0.668201
v 0.200112 2.659030 -0.213648
v -0.262578 1.064651 1.029042
v 0.394960 2.297072 -0.793394
v 0.309776 2.625763 -0.264473
v 0.601078 2.095249 -0.847704
v 1.187889 1.264991 0.013207
v 1.045442 1.128399 0.450934
v 0.538923 1.117665 0.966655
v -0.308596 1.206890 1.056386
v -1.026484 1.045758 -0.048008
v -0.764914 0.698558 -0.284329
v 0.272429 2.637889 -0.249628
v 0.503111 2.586493 0.006355
v -0.550107 1.177254 0.929280
v 0.281653 2.430073 -0.691199
v -0.962084 1.188401 0.474231
v 0.486389 2.207233 -0.828627
v -1.032004 1.071307 0.092518
v 0.644251 2.039131 -0.850256
v -0.963808 0.928295 -0.095688
v -0.834621 0.765291 -0.235162
v 1.119826 1.159229 0.291179
v 0.408813 2.567284 -0.351010
v 0.667671 2.253005 -0.659312
v 1.028360 1.227917 0.569238
v 0.023620 1.206690 1.123863
v -0.130075 1.227650 1.116309
v -1.064233 1.146973 -0.029695
v -1.000192 1.029461 -0.217753
v -0.695019 0.655889 -0.344546
v 1.197175 1.313344 -0.092228
v -0.748556 0.685613 -0.296119
v -0.999581 1.019972 -0.209344
v 0.470970 2.595575 -0.046681
v -0.016266 1.201281 1.119308
v 0.365562 2.607706 -0.244740
v -1.050053 1.182852 0.229255
v 0.042110 1.508168 0.000000
v -1.047771 1.096266 -0.041300
v 0.441567 2.563483 -0.317638
v 0.460671 2.510872 -0.431940
v 0.674265 2.257631 -0.634977
v 1.129856 1.321338 0.383065
v -1.072626 1.190186 -0.141897
v -0.909150 0.961856 -0.400936
v -0.798544 0.827315 -0.439381
v -0.661390 0.661104 -0.414751
v -0.123929 1.253551 1.119821
v 0.423085 2.566923 -0.327263
v 0.697470 2.227907 -0.655760
v -0.908141 0.936748 -0.370267
v 1.068582 1.257877 0.501307
v 0.480361 2.585336 -0.075541
v 0.826260 2.121950 -0.617184
v 0.905480 2.049327 -0.579250
v 1.125645 1.368166 0.395476
v 0.146337 1.357193 1.145550
v -0.154881 1.378831 1.141017
v -0.398806 1.401483 1.077195
v -1.010360 1.124621 -0.333380
v -0.913651 1.018099 -0.461038
v -0.630381 0.637235 -0.428197
v -0.649189 0.658419 -0.433021
v -0.894688 0.965819 -0.441668
v 1.121077 1.313590 0.401283
v 1.140965 1.352073 0.357592
v -0.073964 1.365241 1.150136
v -0.278161 1.369066 1.107017
v 0.450713 2.546592 -0.372445
v -1.070694 1.193024 -0.183583
v 0.821619 2.119611 -0.624841
v -0.981722 1.085191 -0.369843
v 0.934116 1.992657 -0.590316
v 0.878033 2.160566 -0.497310
v 0.924725 2.066003 -0.529859
v 1.144361 1.448336 0.374220
v 1.012707 1.380929 0.619826
v 0.522605 1.362840 1.036263
v -0.436558 1.444006 1.067866
v -1.048339 1.284202 -0.356170
v -0.966434 1.168613 -0.471660
v -0.816065 0.978518 -0.593749
v -0.748070 0.915752 -0.637348
v 0.908470 2.070171 -0.550649
v 0.847751 2.206924 -0.491877
v -0.905850 1.044665 -0.500235
v 1.127129 1.406290 0.403365
v 0.049604 1.366681 1.152508
v -0.303101 1.409796 1.110741
v 0.772476 2.326965 -0.407357
v 0.859474 2.208625 -0.462032
v 1.171825 1.500829 0.311395
v 0.148443 1.461041 1.145084
v -0.305731 1.572212 1.109430
v -1.135146 1.523413 -0.000519
v -1.128773 1.489858 -0.071126
v -0.699891 0.912034 -0.685029
v -0.410869 0.480176 -0.337344
v 0.769109 1.369915 0.886988
v 0.744932 2.356658 -0.405013
v -1.135147 1.523394 -0.000558
v 0.826312 2.243589 -0.464837
v -1.083155 1.358817 -0.268890
v 0.894828 2.143589 -0.490010
v -0.818999 0.993459 -0.602161
v 1.175338 1.503456 0.298423
v -0.728267 0.913442 -0.656803
v 1.113277 1.440444 0.450995
v 0.686414 2.459340 -0.201702
v 0.765450 2.371787 -0.307224
v -0.422075 1.620857 1.063342
v -0.704338 1.016042 -0.763451
v -0.673380 0.946930 -0.741058
v -0.356704 0.479806 -0.403594
v 0.809930 2.282792 -0.421488
v -0.673414 0.946961 -0.741049
v -0.672032 0.899560 -0.705652
v -0.403352 0.484097 -0.368700
v -0.424705 0.472930 -0.269842
v -0.336712 1.588065 1.097039
v 0.631186 2.507741 -0.102284
v -0.413649 1.601130 1.072548
v 0.722597 2.402023 -0.311794
v -1.134289 1.526485 -0.016861
v 0.729160 2.436143 -0.171263
v 0.863161 2.293381 -0.239158
v 1.103324 1.970134 -0.070647
v 1.154485 1.781243 0.196440
v 0.999659 1.627219 0.636592
v 0.402023 1.607559 1.093930
v 0.018900 1.645793 1.147649
v -1.101122 1.727752 0.012133
v -0.724315 1.049496 -0.767591
v -0.257295 0.509496 -0.540961
v -0.290958 0.486469 -0.480681
v -0.308693 1.630767 1.095614
v 0.130101 1.620031 1.148692
v 0.657349 2.494841 -0.106847
v -0.454633 1.641923 1.046839
v 0.756916 2.398808 -0.242848
v -1.135163 1.543105 -0.012016
v -0.724354 1.049532 -0.767572
v 1.152210 1.855503 0.053906
v -0.704299 1.016006 -0.763468
v 1.132905 1.702278 0.352117
v -0.297290 0.485442 -0.473706
v 0.769878 2.411124 -0.128664
v -0.235820 0.587580 -0.678078
v -0.210913 0.539429 -0.615320
v -0.253658 0.609510 -0.700041
v 1.141064 1.886287 0.060835
v -0.235129 0.567236 -0.646702
v 0.653185 1.611978 0.972275
v -0.263837 0.502263 -0.525280
v 0.687683 2.477686 -0.088275
v 0.813282 2.362234 -0.189511
v 0.668428 2.492151 -0.037058
v 0.918069 2.254699 -0.161508
v 1.092895 2.004737 -0.034968
v 1.143747 1.871458 0.112761
v 0.283435 1.663872 1.120843
v -1.079782 1.662156 -0.255022
v -0.936849 1.473684 -0.635106
v 0.686079 2.481545 -0.012140
v 1.123893 1.944152 0.039883
v -0.184307 0.534867 -0.621563
v 0.399701 1.680651 1.086795
v -0.269760 0.388888 -0.236083
v 0.713889 2.462093 -0.057771
v 0.857660 2.330779 -0.126179
v 0.698585 2.473386 0.016893
v 0.704550 2.469026 0.048048
v 0.704726 2.467411 0.080549
v 0.701039 2.466290 0.112655
v -0.333901 0.400168 -0.034328
v -0.350262 0.404132 -0.010795
v 0.666586 2.487651 0.146103
v -0.357675 0.407326 0.017321
v 0.636740 2.509485 0.138400
v -0.366797 0.412371 0.043447
v 0.609865 2.526312 0.120921
v -0.383185 0.420232 0.060523
v 0.587235 2.538720 0.108890
v -0.411682 0.431468 0.055848
v 0.572563 2.545133 0.118048
v -0.465810 0.450053 0.026605
v 0.551636 2.551853 0.156760
v -0.484766 0.456224 0.029995
v 0.528270 2.556242 0.189675
v -0.500420 0.463947 0.037643
v 0.499282 2.562382 0.212427
v -0.518368 0.474118 0.045488
v 0.485651 2.571452 0.201966
v -0.532646 0.481813 0.038965
v 0.482802 2.579150 0.177846
v -0.544266 0.487688 0.019049
v 0.492379 2.580660 0.149586
v -0.558443 0.495897 0.002821
v 0.512617 2.574724 0.124207
v -0.568870 0.502447 -0.012846
v 0.546225 2.560243 0.096689
v -0.569392 0.503283 -0.033740
v 0.558522 2.555331 0.084142
v 0.560520 2.554983 0.075470
v -0.562099 0.500792 -0.068365
v 0.553852 2.558805 0.063215
v -0.549698 0.494513 -0.074111
v 0.531919 2.570655 0.036826
v -0.528250 0.483426 -0.062963
v 0.508107 2.581809 0.005139
v -0.506628 0.472234 -0.048937
v 0.504066 2.580922 -0.015597
v -0.496935 0.467307 -0.045136
v 0.528111 2.568615 0.005696
v -0.491432 0.465129 -0.047348
v 0.560413 2.554176 0.038839
v -0.485710 0.464292 -0.057757
v 0.578572 2.544925 0.034327
v -0.475098 0.464565 -0.087436
v 0.600633 2.531298 -0.012292
v -0.451785 0.467345 -0.167081
v 0.624337 2.516916 -0.054267
v 0.646962 2.504465 -0.054015
v 1.101165 1.692842 0.426368
v 0.135592 1.655862 1.144026
v -1.054883 1.775422 0.263858
v 1.115993 1.954182 -0.021193
v 0.867711 2.303548 -0.203218
v -1.098451 1.729054 0.007866
v 0.748761 2.424868 -0.149950
v -0.955137 1.800807 0.509356
v -0.038416 1.679289 1.140950
v -0.277751 0.491703 -0.499392
v 0.378335 1.629385 1.099162
v -0.239520 0.529004 -0.582785
v 0.955607 1.625022 0.694258
v -0.246605 0.597745 -0.686834
v 1.148738 1.801553 0.193006
v -0.315579 0.481846 -0.450672
v 0.274157 1.608973 1.130209
v 1.082815 1.656710 0.492037
v 1.158804 1.775997 0.187768
v -0.718791 1.040574 -0.766807
v 1.131489 1.915806 -0.024818
v 0.797833 2.354627 -0.270270
v 0.705391 2.450572 -0.185969
v -0.423368 1.636126 1.059499
v -0.062043 1.631508 1.142070
v -1.132452 1.510974 -0.040075
v 0.765179 2.348185 -0.366742
v 0.673153 2.462461 -0.211081
v -0.391323 1.598393 1.079872
v -0.398429 0.479794 -0.352652
v 1.176738 1.508684 0.298202
v -0.671544 0.919269 -0.720666
v 0.840606 2.240547 -0.443619
v 0.984903 1.388409 0.662811
v 1.158661 1.479223 0.343689
v -0.761009 0.943374 -0.639849
v 0.869124 2.184569 -0.480435
v 0.775674 2.314604 -0.429667
v 0.487581 1.390596 1.055023
v -0.140777 1.386128 1.143921
v 0.255615 1.357210 1.125273
v 1.096912 1.384365 0.466937
v 1.142702 1.431767 0.372475
v -0.877813 1.012162 -0.522836
v 0.922887 2.050864 -0.549812
v -0.922996 1.005943 -0.425204
v 0.895783 2.043182 -0.599769
v -1.044931 1.159630 -0.250944
v 0.774362 2.165891 -0.633362
v 0.455634 2.529845 -0.404154
v -0.364806 1.389212 1.086573
v 0.446989 2.556499 -0.345253
v -0.170259 1.370796 1.136219
v -0.640560 0.645708 -0.425359
v 1.132502 1.338575 0.376419
v 0.439675 2.577601 -0.240526
v -0.052603 1.230518 1.126063
v 1.039338 1.235479 0.551347
v -0.671458 0.651389 -0.378825
v -0.850313 0.876748 -0.413748
v -0.940531 0.974119 -0.337074
v -1.071389 1.175895 -0.072993
v 0.674178 2.249311 -0.654657
v 0.427784 2.550033 -0.375612
v -0.136330 1.242303 1.118775
v -1.022807 1.048948 -0.132762
v -1.064086 1.150810 0.059865
v -0.161073 1.213565 1.102868
v 0.407716 2.607142 -0.147149
v 0.189601 1.169064 1.099026
v -0.730550 0.673636 -0.310151
v 1.195708 1.300441 -0.065414
v 1.092198 1.139855 0.359853
v -0.803933 0.732452 -0.255981
v -0.905441 0.847091 -0.170958
v 0.716441 1.948030 -0.843211
v -1.010637 1.011904 -0.012758
v 0.561819 2.130546 -0.845209
v -1.022373 1.128883 0.260039
v -0.787136 1.199513 0.736613
v 0.444468 2.244635 -0.817591
v 0.354268 2.341264 -0.766420
v 0.200301 2.660101 -0.214075
v -0.210674 1.045891 1.040528
v 0.865013 0.989820 0.668201
v 0.958211 1.575428 -0.708797
v -0.938331 0.875690 -0.105401
v 0.849694 1.757422 -0.794560
v -1.000995 0.978512 0.038049
v 1.108627 1.236632 -0.382426
v 0.999247 1.462054 -0.656989
v -0.200966 0.996269 1.023308
v 0.076549 2.657365 -0.233319
v -0.167409 1.013868 1.037990
v -0.629083 0.906533 0.756340
v -0.041276 2.589313 -0.449294
v -0.047947 0.941974 1.016109
v 0.210882 0.877769 0.960639
v 1.103553 1.219492 -0.383558
v 0.928171 1.498892 -0.748764
v 0.848656 1.616112 -0.838579
v 0.679458 1.697428 -0.945027
v -0.635755 0.904117 0.748644
v -0.094191 2.521736 -0.567030
v -0.560882 0.885253 0.788261
v -0.102365 2.582084 -0.445581
v 0.085928 2.689945 0.046066
v 0.555217 0.807675 0.759210
v -0.155869 2.627415 -0.291792
v 0.000412 0.758388 0.888491
v 0.078052 2.690109 0.063835
v 0.737441 0.767158 0.551928
v 0.959105 0.825523 0.173045
v -0.765215 0.774231 0.441406
v -0.690531 0.803446 0.569904
v -0.335661 0.812557 0.849252
v 0.460723 1.709465 -1.052536
v -0.724677 0.756058 0.478688
v -0.187619 2.426254 -0.696591
v -0.172068 2.641614 -0.229878
v 0.232319 0.706602 0.824485
v -0.043903 2.664840 0.229382
v 0.967811 1.045471 -0.492584
v 0.716163 1.395935 -0.928637
v -0.604854 0.520992 0.005774
v 0.437685 2.596445 0.213401
v 0.854064 1.134534 -0.721930
v 0.596385 1.457544 -1.009179
v 0.151165 1.892167 -1.085417
v -0.182936 2.225471 -0.893044
v -0.472684 0.704990 0.682280
v -0.078928 0.683266 0.811876
v 0.237907 0.677296 0.796910
v -0.081593 2.616773 0.354033
v 0.802822 0.635817 0.172881
v -0.003640 2.624526 0.360232
v 0.921393 0.786727 -0.217430
v 0.430145 2.589942 0.248166
v 0.808183 1.117145 -0.769371
v 0.524236 1.461731 -1.045089
v 0.137855 1.863232 -1.099179
v 0.387222 2.573112 0.328458
v 0.599089 1.319702 -0.999150
v 0.404713 1.493247 -1.096797
v -0.544715 0.487945 0.088722
v -0.371799 2.577980 0.225804
v -0.151243 2.588767 0.382877
v 0.760479 0.611141 0.246366
v 0.115031 2.584401 0.430318
v 0.091578 0.483588 0.580329
v -0.385614 2.567099 0.261468
v -0.263463 2.573672 0.367597
v 0.413055 2.564909 0.331018
v 0.018489 1.776043 -1.132870
v -0.110476 1.879810 -1.100560
v -0.075460 1.823072 -1.121457
v 0.042110 1.508168 -0.000000
v -0.421829 2.555996 0.259242
v 0.374547 0.449619 0.378304
v 0.315475 2.460262 0.641943
v 0.753710 0.763562 -0.563243
v 0.434141 0.434037 0.240206
v 0.306036 2.447732 0.661651
v 0.719821 0.758664 -0.582678
v 0.042110 1.508168 -0.000000
v 0.265505 1.193000 -1.105864
v -0.770614 2.255661 -0.388034
v -0.781416 2.315052 -0.187540
v -0.748975 2.367681 0.051093
v 0.310571 0.392475 0.208619
v 0.509160 0.446631 0.013625
v 0.265387 2.406889 0.731140
v 0.635830 0.644801 -0.488707
v 0.476579 0.958840 -0.926883
v 0.510291 0.448552 -0.095586
v 0.257934 2.396667 0.746419
v 0.598506 0.548744 -0.348463
v 0.210078 1.244416 -1.130694
v -0.281675 0.396089 0.158886
v -0.794890 2.298803 -0.164216
v -0.071748 0.380382 0.242594
v -0.699509 2.380596 0.223281
v 0.314877 0.387128 0.133153
v -0.776353 2.108714 -0.557408
v -0.265970 0.384762 0.129661
v -0.818599 2.223891 -0.321840
v -0.169286 0.372896 0.196892
v 0.407920 0.402941 -0.079000
v -0.113352 1.362383 -1.139477
v -0.511871 1.765761 -0.980966
v 0.571230 2.188666 0.797302
v 0.320840 0.811283 -0.876224
v -0.002284 1.196365 -1.113597
v 0.702831 2.460909 0.185585
v -0.606399 1.826240 -0.917593
v -0.654419 1.860551 -0.874107
v -0.265237 0.376692 0.079140
v 0.527861 2.180030 0.834310
v 0.427888 0.533802 -0.506349
v -0.283893 0.378180 0.021023
v 0.262490 0.366856 -0.193001
v -0.167826 2.140300 0.964010
v 0.279288 0.377532 -0.215658
v 0.350329 0.638609 -0.705552
v 0.719155 2.163529 0.692931
v 0.176724 0.833390 -0.935223
v 0.829289 2.236995 0.445502
v 0.768375 2.392154 0.226147
v -0.647236 1.684397 -0.918911
v -0.054759 1.033774 -1.055774
v 0.868109 2.235069 0.382125
v -0.425277 1.402846 -1.051799
v 0.799478 2.372506 0.202139
v -0.786220 1.771435 -0.770676
v -0.276171 0.375730 -0.028001
v -0.275137 2.104831 0.957825
v -0.137338 2.093469 0.994752
v 0.250921 0.365265 -0.207874
v 0.803854 2.154484 0.608393
v 0.002303 0.368456 -0.280834
v 0.053740 2.027713 1.042235
v 0.032442 0.788594 -0.916392
v 0.959659 2.088492 0.440903
v -0.144193 1.071133 -1.055264
v -0.520647 1.454438 -1.009368
v 0.802865 2.388483 0.131037
v -0.871268 1.809549 -0.658407
v -0.212095 0.365496 -0.088183
v 0.895896 2.307831 0.065165
v 0.812571 2.387726 0.065229
v -0.113192 0.359802 -0.191298
v -0.003370 0.376898 -0.299952
v 0.346648 1.916898 1.033647
v 0.004436 0.744014 -0.882143
v 1.000768 2.018401 0.435574
v -0.035001 0.424263 -0.421631
v 0.494141 1.835044 1.008359
v 0.016010 0.572679 -0.687905
v 0.911822 1.868019 0.670829
v -0.082803 0.749934 -0.876250
v 1.035145 2.011029 0.332511
v 0.954560 2.228521 0.060532
v -0.998223 1.723762 -0.468883
v 0.821412 2.377931 0.011765
v -1.041800 1.925286 0.086006
v -0.794845 1.977183 0.656389
v -0.102642 0.376693 -0.282232
v -0.199605 1.907404 1.049583
v 0.809563 2.386575 -0.044898
v -0.176957 0.381721 -0.265215
v 0.356155 1.702993 1.103702
v -0.104936 0.456404 -0.494794
v 0.687079 1.765866 0.927281
v 0.890533 1.811017 0.727114
v -0.303560 0.944420 -0.955830
v -0.753304 1.366602 -0.832343
v 0.944815 2.245767 -0.017364
v -0.884674 1.434342 -0.704713
v 0.930536 2.247209 -0.126428
v -1.068060 1.667416 -0.290304
v 0.784570 2.402331 -0.102601
v -0.313205 1.758674 1.070630
v 0.257153 1.689773 1.123185
v -0.178114 0.524040 -0.605060
v 1.137860 1.902689 0.085633
v 1.087601 2.020752 -0.029891
vn 0.8412 0.5064 -0.1894
vn 0.0080 0.2349 0.9720
vn -0.4540 0.0752 0.8878
vn -0.6579 0.3151 -0.6840
vn 0.5982 0.7999 -0.0489
vn 0.7128 0.6942 -0.1005
vn 0.5474 0.2825 0.7877
vn 0.3029 -0.0278 0.9526
vn -0.7627 -0.0171 -0.6466
vn -0.2673 -0.8686 -0.4171
vn 0.6158 0.7877 -0.0148
vn 0.7395 0.6732 0.0024
vn 0.8152 0.5655 0.1253
vn 0.9075 0.2644 0.3264
vn 0.1816 0.9789 -0.0935
vn 0.5057 0.8250 -0.2523
vn -0.7876 -0.1877 -0.5869
vn -0.1391 -0.6465 -0.7501
vn -0.0140 -0.9465 -0.3224
vn 0.6093 0.7928 -0.0147
vn 0.7247 0.6853 -0.0713
vn 0.9662 0.1282 0.2236
vn 0.4556 -0.0666 0.8877
vn -0.5057 -0.8184 0.2728
vn -0.0512 -0.6563 -0.7528
vn -0.0885 -0.7502 -0.6553
vn -0.0720 -0.8464 -0.5277
vn -0.0527 -0.9713 -0.2318
vn 0.5934 0.8018 0.0709
vn 0.6661 0.7400 0.0937
vn 0.7504 0.5123 0.4176
vn -0.3513 0.6221 -0.6997
vn -0.0065 -0.5375 -0.8432
vn -0.0409 -0.6363 -0.7703
vn -0.1995 -0.9050 -0.3757
vn -0.0236 -0.9940 -0.1065
vn -0.1969 -0.9763 -0.0902
vn 0.5911 0.7891 0.1670
vn 0.6640 0.7088 0.2380
vn 0.7094 0.6109 0.3515
vn -0.1765 -0.0418 0.9834
vn -0.1015 0.5580 0.8236
vn -0.7663 0.2801 -0.5782
vn -0.2087 -0.1611 -0.9646
vn -0.1874 -0.4985 -0.8464
vn -0.3717 -0.9007 -0.2250
vn 0.5103 0.8598 0.0192
vn 0.6168 0.7703 0.1620
vn 0.6331 0.7070 0.3152
vn 0.6120 0.6581 0.4387
vn 0.5454 0.6513 0.5276
vn -0.7022 -0.0584 -0.7096
vn -0.1386 -0.4142 -0.8996
vn -0.1227 -0.7143 -0.6890
vn 0.3494 -0.9216 -0.1692
vn -0.3665 -0.9301 -0.0241
vn 0.6656 0.7431 -0.0696
vn 0.5585 0.6374 0.5309
vn 0.4967 0.5820 0.6439
vn 0.3626 -0.7024 -0.6125
vn 0.2193 -0.8819 -0.4174
vn 0.2990 -0.9225 -0.2442
vn -0.3157 -0.9425 0.1096
vn -0.3571 -0.9317 0.0666
vn 0.6388 0.7453 -0.1909
vn 0.4787 0.5517 0.6829
vn -0.2447 -0.5268 -0.8140
vn 0.2000 -0.8481 -0.4907
vn 0.4355 -0.8624 -0.2581
vn -0.3033 -0.9349 0.1841
vn -0.3534 -0.9291 0.1091
vn -0.5805 0.7394 -0.3410
vn 0.6162 -0.7854 -0.0583
vn 0.4003 -0.9164 0.0064
vn -0.2827 -0.8774 0.3875
vn -0.3523 -0.9240 0.1485
vn -0.9023 0.4235 0.0804
vn -0.8468 0.5038 -0.1708
vn -0.0187 -0.5172 -0.8556
vn 0.4010 -0.6241 -0.6706
vn 0.7357 -0.6678 -0.1137
vn 0.3200 -0.9462 0.0478
vn 0.0854 -0.9962 0.0154
vn -0.1449 -0.9894 0.0087
vn -0.3063 -0.9494 0.0701
vn 0.1674 0.8004 0.5757
vn 0.3337 -0.7680 -0.5467
vn 0.3599 -0.9278 0.0981
vn -0.0669 0.9844 -0.1628
vn 0.3226 -0.8849 -0.3359
vn 0.1350 -0.9730 0.1870
vn 0.5625 -0.7981 0.2159
vn -0.4640 -0.8730 -0.1504
vn -0.0286 0.9928 -0.1167
vn -0.2422 0.9516 0.1894
vn -0.2972 0.9398 0.1687
vn -0.0158 0.3464 -0.9379
vn 0.3600 -0.8067 -0.4685
vn 0.0574 -0.9276 0.3692
vn -0.5398 -0.8333 -0.1195
vn 0.3226 0.9113 0.2559
vn 0.1788 0.9384 0.2957
vn -0.0648 0.8375 0.5425
vn -0.1945 0.9594 0.2043
vn -0.2955 0.9426 0.1555
vn -0.2776 -0.2724 -0.9213
vn 0.5111 0.3925 -0.7647
vn -0.4961 -0.8679 -0.0257
vn 0.5001 0.8035 0.3231
vn 0.5971 0.0357 -0.8014
vn 0.1754 -0.9558 -0.2361
vn -0.4434 -0.8963 0.0023
vn 0.4815 0.8465 0.2271
vn -0.1309 0.9063 0.4019
vn -0.8080 -0.0923 -0.5820
vn -0.2262 0.4389 -0.8696
vn 0.3459 0.2331 -0.9088
vn 0.6112 -0.1969 -0.7666
vn 0.4728 -0.6542 -0.5903
vn -0.0066 0.1741 0.9847
vn -0.5563 -0.2220 0.8008
vn -0.4066 -0.9122 -0.0506
vn 0.5498 0.7940 0.2594
vn 0.3509 -0.0867 -0.9324
vn 0.2316 -0.5962 0.7687
vn 0.1169 -0.6876 0.7167
vn -0.3287 -0.7721 0.5439
vn -0.5643 -0.3355 0.7543
vn -0.4529 -0.8807 -0.1388
vn 0.5587 0.7854 0.2665
vn -0.0000 -0.0000 -0.0000
vn 0.2924 -0.3386 0.8944
vn -0.0438 -0.6864 0.7259
vn -0.6993 -0.5025 0.5084
vn -0.4778 -0.8779 -0.0302
vn 0.1357 0.9896 0.0466
vn 0.5690 -0.7391 0.3604
vn -0.2783 -0.7748 0.5676
vn -0.6932 -0.5482 0.4680
vn -0.4325 -0.9013 -0.0257
vn -0.1696 0.8911 -0.4208
vn 0.2018 -0.4389 0.8756
vn -0.4844 -0.6114 0.6258
vn -0.4420 -0.8964 -0.0323
vn -0.3853 -0.9215 -0.0494
vn -0.1131 0.9436 -0.3113
vn -0.1838 0.9252 -0.3321
vn 0.7403 -0.0622 -0.6693
vn 0.8434 -0.2346 -0.4834
vn 0.8381 -0.4047 -0.3658
vn 0.0457 -0.1598 0.9861
vn -0.1404 -0.3607 0.9221
vn -0.4459 -0.8950 -0.0096
vn 0.7801 0.0469 -0.6239
vn 0.8145 -0.1208 -0.5674
vn -0.2690 -0.4258 0.8639
vn -0.9540 -0.2981 -0.0322
vn -0.9380 -0.3263 -0.1168
vn -0.4572 -0.8893 0.0091
vn 0.5678 0.7024 -0.4293
vn -0.1072 -0.1675 -0.9800
vn 0.6739 0.1880 -0.7145
vn -0.9721 -0.2341 0.0162
vn -0.9097 -0.3788 -0.1704
vn -0.8360 -0.4054 -0.3699
vn 0.6540 0.7024 -0.2809
vn -0.0368 0.0172 -0.9992
vn 0.8323 -0.5272 -0.1715
vn 0.7393 0.5078 0.4422
vn -0.9101 -0.4139 0.0184
vn -0.7521 -0.4050 -0.5199
vn 0.5176 0.8502 -0.0963
vn 0.4195 0.8758 -0.2388
vn -0.1104 -0.3409 0.9336
vn -0.9398 -0.3252 -0.1049
vn -0.8852 -0.3370 -0.3207
vn 0.0582 0.9307 -0.3612
vn 0.6457 0.6667 -0.3722
vn 0.9037 0.0274 0.4272
vn 0.8990 0.0109 0.4378
vn -0.8641 -0.4978 -0.0740
vn -0.7831 -0.4921 -0.3804
vn -0.6726 -0.6500 -0.3537
vn 0.7001 0.4955 -0.5142
vn 0.9202 -0.0655 0.3860
vn -0.0431 0.1572 0.9866
vn -0.2633 -0.2024 0.9433
vn -0.8490 -0.4070 -0.3371
vn -0.8369 -0.4294 -0.3396
vn -0.6572 -0.6645 -0.3557
vn 0.7399 0.5885 -0.3261
vn 0.7229 0.5216 -0.4532
vn 0.8898 -0.0879 0.4479
vn 0.6881 -0.2904 0.6650
vn -0.7845 -0.3894 -0.4826
vn -0.7090 -0.3824 -0.5925
vn 0.6797 0.7029 -0.2094
vn 0.6798 0.6516 -0.3367
vn 0.7029 0.5669 -0.4297
vn 0.9442 -0.2592 0.2033
vn 0.9201 -0.2939 0.2588
vn -0.1079 0.4727 0.8746
vn -0.9955 -0.0843 -0.0443
vn -0.6564 -0.4190 -0.6273
vn -0.2505 -0.9514 -0.1790
vn -0.2007 -0.9732 -0.1126
vn 0.4006 0.8945 -0.1984
vn 0.5428 0.7997 -0.2565
vn -0.2735 0.2515 0.9284
vn -0.6426 -0.4872 -0.5913
vn 0.5490 0.8292 -0.1047
vn 0.6643 0.7240 -0.1856
vn 0.9164 0.3924 0.0788
vn 0.7388 0.5301 0.4161
vn 0.6619 0.2070 0.7205
vn 0.1806 0.2539 0.9502
vn -0.4338 -0.7336 -0.5231
vn 0.5828 0.8091 -0.0755
vn 0.7037 0.6983 -0.1306
vn 0.9650 0.2524 -0.0719
vn 0.3536 -0.0432 0.9344
vn -0.2877 -0.8144 -0.5040
vn -0.1558 0.2786 0.9477
vn 0.6534 0.7528 -0.0790
vn 0.7468 0.6570 -0.1027
vn 0.8537 0.4812 -0.1990
vn -0.1146 0.2820 0.9525
vn 0.6765 0.7362 -0.0203
vn 0.7838 0.6160 0.0787
vn 0.8947 0.4106 0.1761
vn 0.7757 0.3800 0.5039
vn 0.1769 -0.1835 -0.9670
vn 0.0234 -0.9411 -0.3374
vn -0.0784 -0.9523 -0.2951
vn 0.7828 0.6118 0.1140
vn 0.7258 0.6873 -0.0307
vn -0.7773 -0.0956 -0.6218
vn 0.1948 -0.1520 -0.9690
vn 0.5905 0.8069 -0.0138
vn 0.6674 0.7437 -0.0389
vn 0.7807 0.6140 -0.1165
vn 0.9644 0.1363 0.2265
vn -0.4192 -0.8681 0.2660
vn -0.5189 -0.8098 0.2737
vn -0.0807 -0.6979 -0.7117
vn -0.0773 -0.8267 -0.5573
vn -0.0502 -0.9806 -0.1897
vn -0.0435 -0.9516 -0.3043
vn -0.4372 -0.8586 0.2676
vn 0.5933 0.8049 -0.0120
vn 0.7546 0.6540 -0.0524
vn 0.8743 0.4593 0.1568
vn 0.8520 0.3106 0.4213
vn -0.0935 -0.7171 -0.6907
vn 0.6417 0.7624 0.0833
vn -0.0234 -0.6007 -0.7991
vn -0.0941 -0.9607 -0.2611
vn 0.0108 -0.9994 0.0331
vn -0.0237 -0.6018 -0.7983
vn 0.8795 0.3665 0.3037
vn -0.0760 -0.6943 -0.7156
vn -0.0557 -0.9805 -0.1882
vn 0.0186 -0.9988 0.0463
vn 0.5845 0.8111 0.0205
vn 0.6919 0.7220 -0.0090
vn 0.6317 0.7466 0.2087
vn 0.7083 0.6424 0.2928
vn -0.0814 0.3819 0.9206
vn -0.1749 0.5545 0.8136
vn -0.7855 0.1982 -0.5863
vn -0.3076 -0.1253 -0.9432
vn -0.2261 -0.4198 -0.8790
vn -0.3346 -0.9183 -0.2115
vn -0.3319 -0.9149 -0.2297
vn -0.7637 0.2894 -0.5770
vn 0.5731 0.8095 0.1273
vn 0.6496 0.7343 0.1973
vn -0.5338 -0.3835 -0.7537
vn -0.1805 -0.5223 -0.8335
vn -0.0200 -0.6033 -0.7973
vn -0.0755 0.3877 0.9187
vn 0.5651 0.8231 0.0560
vn 0.6291 0.7363 0.2492
vn 0.6289 0.6795 0.3777
vn 0.5757 0.6538 0.4910
vn -0.7603 -0.1211 -0.6382
vn -0.0510 -0.5237 -0.8504
vn 0.3456 -0.9214 -0.1775
vn -0.3456 -0.9383 -0.0148
vn 0.5754 0.6477 0.4994
vn 0.6682 0.6333 0.3905
vn -0.0611 -0.5162 -0.8543
vn 0.3530 -0.9216 -0.1613
vn -0.1682 0.5554 0.8144
vn -0.3723 -0.9208 -0.1159
vn -0.7961 0.1363 -0.5896
vn 0.5865 0.7958 0.1509
vn -0.7649 -0.1265 -0.6316
vn 0.6779 0.6848 0.2676
vn -0.1654 -0.2951 -0.9410
vn 0.7284 0.6839 -0.0422
vn 0.5213 0.6138 0.5929
vn 0.4724 0.5610 0.6798
vn 0.3490 -0.7779 -0.5226
vn -0.3356 -0.9378 0.0894
vn 0.6674 0.7446 0.0105
vn -0.3726 -0.9275 0.0310
vn -0.6423 -0.0011 -0.7665
vn 0.5967 0.7251 0.3439
vn 0.5712 0.6687 0.4760
vn 0.1164 -0.7276 -0.6761
vn 0.5235 0.6188 0.5857
vn 0.3394 -0.9216 -0.1882
vn 0.3249 -0.8805 -0.3453
vn 0.6260 -0.7756 -0.0804
vn -0.3225 -0.9347 0.1494
vn 0.2959 -0.8832 -0.3638
vn 0.3607 -0.7663 -0.5317
vn 0.4771 0.5597 0.6776
vn -0.3095 -0.9410 0.1366
vn -0.3647 -0.9280 0.0764
vn 0.6382 0.7623 -0.1075
vn -0.7129 0.6618 -0.2317
vn -0.6896 0.5912 -0.4183
vn 0.7337 -0.6730 -0.0931
vn 0.5349 -0.8443 -0.0322
vn 0.3460 -0.9353 0.0745
vn -0.2615 -0.7241 0.6382
vn -0.3182 -0.9183 0.2354
vn -0.3650 -0.9246 0.1095
vn 0.6071 0.7767 -0.1679
vn 0.5916 -0.8031 -0.0703
vn -0.2872 -0.9261 0.2448
vn -0.6844 0.5993 -0.4154
vn -0.9318 0.2842 0.2257
vn -0.8745 0.4822 -0.0530
vn -0.8498 0.4684 -0.2419
vn -0.0313 -0.4894 -0.8715
vn 0.0074 -0.6502 -0.7597
vn 0.6672 -0.6944 -0.2696
vn 0.5271 -0.8498 0.0031
vn 0.1718 -0.9840 0.0464
vn -0.2478 -0.9676 0.0492
vn 0.0576 -0.9983 -0.0030
vn 0.3651 -0.9294 0.0534
vn -0.9315 0.2962 0.2109
vn -0.2796 -0.8082 0.5183
vn -0.7610 0.6176 -0.1984
vn -0.3548 -0.9306 0.0902
vn -0.0317 -0.4889 -0.8718
vn 0.6943 -0.7171 -0.0611
vn 0.3416 -0.9385 0.0503
vn 0.3573 -0.7427 -0.5664
vn -0.0439 -0.6488 -0.7597
vn 0.6601 -0.7451 -0.0953
vn 0.3146 -0.9474 0.0594
vn 0.1385 -0.9891 0.0506
vn -0.9007 0.4345 0.0045
vn -0.8516 0.4739 -0.2242
vn 0.3386 -0.8552 -0.3923
vn 0.1935 -0.9619 0.1931
vn -0.3667 -0.9072 -0.2063
vn 0.3176 -0.8930 -0.3188
vn 0.4851 -0.8558 0.1797
vn -0.1884 0.9641 0.1873
vn -0.2827 0.9423 0.1791
vn -0.0146 0.3533 -0.9354
vn -0.0319 0.2463 -0.9687
vn 0.3493 -0.8324 -0.4302
vn -0.2920 0.9422 0.1645
vn -0.5030 -0.8532 -0.1376
vn -0.0080 0.9922 -0.1240
vn 0.1971 0.9509 0.2386
vn 0.1169 0.8750 0.4698
vn -0.1801 0.9318 0.3152
vn -0.2659 0.9483 0.1733
vn 0.2584 0.1734 -0.9504
vn -0.4945 -0.8692 0.0049
vn -0.0356 0.2411 -0.9698
vn -0.5403 -0.8368 -0.0886
vn 0.2429 0.9645 0.1033
vn 0.1511 0.9693 0.1938
vn -0.2091 0.9603 0.1848
vn -0.3016 0.9385 0.1681
vn 0.4898 0.7663 0.4158
vn 0.5395 0.0722 -0.8389
vn 0.7028 -0.0624 -0.7086
vn 0.5327 -0.8456 0.0350
vn -0.4605 -0.8874 0.0208
vn -0.0722 0.8403 0.5374
vn 0.1509 0.8985 0.4123
vn 0.5342 -0.8446 0.0362
vn -0.2089 0.9457 0.2492
vn -0.2937 0.9437 0.1523
vn -0.4709 -0.8822 -0.0059
vn 0.4995 0.0789 -0.8627
vn 0.4501 0.8367 0.3121
vn 0.4707 0.8451 0.2536
vn -0.7958 -0.0713 -0.6013
vn 0.1540 0.4259 -0.8916
vn 0.4437 -0.0355 -0.8955
vn 0.5726 -0.5077 -0.6438
vn 0.1688 -0.8677 -0.4675
vn 0.3317 0.2774 -0.9017
vn -0.4036 -0.9148 -0.0144
vn 0.6396 -0.0654 -0.7659
vn 0.4951 0.8304 0.2556
vn 0.2354 -0.8337 -0.4996
vn 0.1723 -0.9558 -0.2381
vn 0.5318 0.0448 -0.8457
vn 0.1989 -0.6323 0.7488
vn -0.5576 -0.3562 0.7498
vn 0.0723 -0.4369 0.8966
vn 0.1975 -0.6588 0.7260
vn -0.5638 -0.3224 0.7604
vn 0.0182 0.4557 -0.8899
vn 0.3322 0.0190 -0.9430
vn -0.4277 -0.8990 -0.0942
vn 0.6100 -0.2502 -0.7518
vn 0.5140 0.8263 0.2304
vn 0.0265 0.8054 -0.5922
vn 0.0939 -0.5828 0.8071
vn -0.1994 -0.7292 0.6546
vn -0.7419 -0.4169 0.5251
vn -0.6865 -0.5425 0.4841
vn -0.4950 -0.8685 -0.0271
vn -0.4710 -0.8797 -0.0646
vn 0.6025 0.1026 -0.7915
vn 0.5525 0.7916 0.2610
vn 0.2778 -0.4224 0.8628
vn 0.0856 -0.6097 0.7880
vn -0.6643 -0.5533 0.5026
vn 0.0955 0.9949 0.0326
vn 0.2770 -0.9607 -0.0191
vn 0.5809 -0.7204 0.3790
vn -0.2006 -0.7311 0.6521
vn -0.7068 -0.5077 0.4926
vn -0.4435 -0.8962 -0.0101
vn 0.3085 -0.9511 0.0172
vn 0.0902 0.9955 0.0307
vn -0.1549 0.9030 -0.4007
vn -0.2014 0.8629 -0.4634
vn -0.4334 -0.9008 -0.0273
vn -0.4339 -0.9000 -0.0426
vn 0.1421 0.9887 0.0488
vn -0.1868 0.8763 -0.4440
vn -0.1207 0.9418 -0.3136
vn 0.7180 0.0040 -0.6961
vn 0.7612 -0.1455 -0.6320
vn 0.8696 -0.3239 -0.3727
vn -0.0905 -0.3493 0.9326
vn -0.1517 0.9108 -0.3840
vn 0.7204 -0.0063 -0.6935
vn 0.7265 -0.2801 -0.6275
vn -0.4447 -0.8955 -0.0174
vn 0.8327 -0.4131 -0.3686
vn 0.0599 -0.1386 0.9885
vn 0.8126 0.0098 -0.5828
vn -0.2953 -0.4825 0.8246
vn -0.1390 -0.3349 0.9320
vn -0.9506 -0.3058 -0.0532
vn -0.9196 -0.3390 -0.1985
vn 0.9009 -0.2889 -0.3239
vn -0.1413 -0.3830 0.9129
vn 0.8030 0.0117 -0.5959
vn 0.8467 -0.1569 -0.5085
vn -0.4516 -0.8922 0.0001
vn 0.5774 0.7404 -0.3441
vn 0.0078 0.2777 -0.9606
vn -0.0965 -0.1945 -0.9761
vn -0.9911 -0.1148 0.0676
vn -0.9408 -0.3318 -0.0691
vn -0.8733 -0.4066 -0.2686
vn -0.7974 -0.4581 -0.3928
vn -0.9253 -0.3428 -0.1624
vn -0.9579 -0.2848 -0.0372
vn 0.7676 0.0522 -0.6388
vn -0.8596 -0.4265 -0.2813
vn -0.4727 -0.8807 0.0305
vn -0.3301 -0.4451 0.8324
vn 0.5774 0.7398 -0.3454
vn -0.9171 -0.3984 -0.0118
vn 0.1175 -0.5821 0.8046
vn 0.6342 0.7370 -0.2338
vn 0.0058 0.2824 -0.9593
vn -0.9651 -0.2600 0.0317
vn -0.1332 -0.0775 -0.9881
vn -0.8977 -0.3874 -0.2098
vn -0.7986 -0.4541 -0.3950
vn -0.0304 -0.5044 0.8629
vn -0.1201 -0.3315 0.9358
vn -0.9520 -0.3058 -0.0141
vn -0.9330 -0.2769 -0.2297
vn 0.1389 -0.5652 0.8132
vn -0.9341 -0.2686 -0.2352
vn 0.4574 0.8875 -0.0566
vn -0.0401 -0.5138 0.8570
vn -0.9398 -0.3398 -0.0351
vn 0.2587 0.9412 -0.2171
vn 0.0568 0.8957 -0.4410
vn 0.6461 0.7012 -0.3015
vn 0.9000 0.0143 0.4357
vn -0.8175 -0.4641 -0.3411
vn -0.7613 -0.5075 -0.4036
vn -0.0934 -0.1198 0.9884
vn 0.3477 0.9081 -0.2335
vn 0.6457 0.7065 -0.2896
vn -0.8174 -0.4550 -0.3533
vn 0.5935 0.7852 -0.1769
vn 0.6566 0.5116 -0.5543
vn 0.7147 0.5086 -0.4801
vn 0.9188 -0.0873 0.3850
vn 0.1116 0.5134 0.8509
vn -0.1595 -0.0247 0.9869
vn -0.2950 -0.2491 0.9225
vn -0.8775 -0.4151 -0.2403
vn -0.8360 -0.3982 -0.3776
vn -0.6706 -0.6519 -0.3539
vn -0.8216 -0.4600 -0.3366
vn 0.9159 -0.0131 0.4012
vn -0.0984 0.0798 0.9919
vn -0.2533 -0.2286 0.9400
vn -0.4381 0.7641 -0.4736
vn 0.6604 0.5129 -0.5485
vn -0.8730 -0.4148 -0.2566
vn 0.7285 0.5379 -0.4242
vn 0.7212 0.5178 -0.4601
vn 0.9249 -0.1073 0.3646
vn 0.8542 -0.0427 0.5182
vn 0.5180 -0.0794 0.8517
vn -0.7582 -0.4199 -0.4989
vn 0.7229 0.5183 -0.4569
vn -0.8177 -0.3778 -0.4344
vn 0.9159 -0.1218 0.3826
vn 0.1035 0.4958 0.8623
vn -0.2230 -0.1219 0.9672
vn 0.6970 0.6748 -0.2424
vn 0.6864 0.6142 -0.3894
vn 0.9430 -0.2611 0.2063
vn -0.6597 -0.3982 -0.6374
vn -0.2238 -0.9625 -0.1537
vn 0.5474 -0.1119 0.8293
vn 0.7068 0.6728 -0.2186
vn 0.6889 0.6219 -0.3724
vn 0.7232 0.5335 -0.4386
vn -0.7566 -0.4273 -0.4950
vn -0.6685 -0.3771 -0.6411
vn 0.9066 -0.0712 0.4158
vn 0.4596 0.8564 -0.2353
vn 0.5956 0.7568 -0.2691
vn -0.2799 0.2407 0.9294
vn -0.6784 -0.4809 -0.5554
vn -0.6052 -0.4922 -0.6257
vn 0.6945 0.6685 -0.2660
vn -0.6533 -0.4368 -0.6183
vn -0.2145 -0.9665 -0.1410
vn -0.1264 0.4506 0.8837
vn 0.3715 0.9180 -0.1387
vn 0.5596 0.7778 -0.2860
vn 0.5998 0.7869 -0.1452
vn 0.6874 0.6871 -0.2355
vn 0.9355 0.3527 -0.0227
vn 0.8592 0.4184 0.2944
vn 0.7125 0.4856 0.5065
vn 0.3867 -0.0570 0.9204
vn 0.0053 0.0711 0.9975
vn -0.3175 -0.8037 -0.5032
vn -0.3811 -0.7996 -0.4642
vn -0.2850 0.2319 0.9301
vn 0.0110 0.0416 0.9991
vn 0.5024 0.8589 -0.0995
vn 0.6236 0.7577 -0.1925
vn 0.8759 0.4405 0.1971
vn 0.7946 0.4889 0.3599
vn -0.3797 -0.8011 -0.4627
vn 0.6385 0.7619 -0.1085
vn -0.3112 -0.8005 -0.5122
vn -0.2713 -0.8241 -0.4973
vn 0.9764 0.2159 -0.0059
vn -0.2994 -0.8074 -0.5084
vn 0.4545 -0.1022 0.8849
vn -0.3194 -0.8027 -0.5036
vn 0.5527 0.8305 -0.0690
vn 0.6726 0.7175 -0.1811
vn 0.5151 0.8570 -0.0117
vn 0.7586 0.6342 -0.1493
vn 0.9308 0.3312 -0.1544
vn 0.9904 0.1368 -0.0181
vn 0.1985 0.1093 0.9740
vn 0.5255 0.8508 0.0022
vn 0.9510 0.2715 -0.1478
vn -0.2591 -0.8367 -0.4825
vn 0.2874 0.0217 0.9576
vn 0.5724 0.8184 -0.0512
vn 0.7113 0.6892 -0.1382
vn 0.5325 0.8463 0.0132
vn 0.5306 0.8473 0.0249
vn 0.5255 0.8483 0.0644
vn 0.5333 0.8406 0.0948
vn -0.3992 -0.9055 -0.1442
vn -0.3967 -0.9161 -0.0582
vn 0.5956 0.7991 -0.0811
vn -0.3956 -0.9181 0.0236
vn 0.6103 0.7743 -0.1671
vn -0.3911 -0.9191 0.0484
vn 0.5828 0.7994 -0.1458
vn -0.3840 -0.9217 0.0556
vn 0.4405 0.8939 -0.0834
vn -0.3535 -0.9348 -0.0337
vn 0.0221 0.9833 -0.1808
vn -0.2719 -0.9464 -0.1744
vn -0.1415 0.9630 -0.2293
vn -0.4227 -0.8936 -0.1510
vn 0.0625 0.9926 -0.1037
vn -0.5179 -0.8458 -0.1281
vn 0.3622 0.9219 0.1379
vn -0.4951 -0.8655 -0.0759
vn 0.4836 0.8521 0.2003
vn -0.4279 -0.9032 -0.0330
vn 0.5227 0.8255 0.2128
vn -0.4112 -0.9096 -0.0591
vn 0.5529 0.7961 0.2460
vn -0.4338 -0.8962 -0.0927
vn 0.5809 0.7615 0.2875
vn -0.4430 -0.8954 -0.0445
vn 0.6067 0.7067 0.3640
vn -0.4293 -0.9027 -0.0286
vn 0.5960 0.7685 0.2326
vn 0.5996 0.8003 -0.0014
vn -0.4432 -0.8964 -0.0066
vn 0.6238 0.7644 -0.1631
vn -0.4605 -0.8874 0.0225
vn 0.6456 0.7292 -0.2268
vn -0.4943 -0.8647 0.0889
vn 0.6158 0.7639 -0.1930
vn -0.5103 -0.8524 0.1144
vn 0.5370 0.8318 -0.1402
vn -0.4332 -0.8992 0.0607
vn 0.3906 0.9167 0.0845
vn -0.2494 -0.9684 -0.0045
vn 0.1603 0.9396 0.3024
vn -0.0625 -0.9978 -0.0230
vn 0.5597 0.8256 0.0723
vn 0.1063 -0.9943 -0.0021
vn 0.5751 0.8170 0.0432
vn 0.0327 -0.9990 -0.0289
vn 0.4196 0.9051 -0.0691
vn 0.4957 0.8681 -0.0279
vn 0.7369 0.4786 0.4774
vn 0.0906 0.1423 0.9857
vn 0.9508 0.2999 -0.0779
vn 0.7094 0.6788 -0.1896
vn 0.6150 0.7775 -0.1314
vn -0.0544 0.2510 0.9665
vn -0.4370 -0.7307 -0.5245
vn 0.3057 0.0285 0.9517
vn -0.2844 -0.8158 -0.5035
vn 0.6782 0.2488 0.6914
vn 0.9382 0.2986 0.1749
vn 0.1993 0.3817 0.9025
vn 0.6242 0.6321 0.4592
vn 0.8585 0.4444 0.2559
vn 0.8399 0.5215 0.1503
vn 0.6740 0.7131 -0.1927
vn 0.5599 0.8117 -0.1662
vn -0.0076 0.0077 0.9999
vn 0.6600 0.7158 -0.2282
vn 0.3850 0.8781 -0.2841
vn -0.2556 0.2801 0.9253
vn -0.2455 -0.9536 -0.1743
vn -0.6533 -0.4369 -0.6183
vn 0.6769 0.6455 -0.3538
vn 0.7286 -0.2869 0.6220
vn 0.9240 -0.2696 0.2711
vn -0.7079 -0.3847 -0.5924
vn 0.7202 0.5783 -0.3833
vn 0.6850 0.6637 -0.3006
vn -0.0815 0.0952 0.9921
vn 0.8882 -0.1290 0.4410
vn 0.9228 -0.1257 0.3643
vn -0.7955 -0.3843 -0.4686
vn 0.7229 0.5184 -0.4568
vn -0.8384 -0.4302 -0.3348
vn 0.6959 0.4893 -0.5257
vn -0.8737 -0.4637 -0.1472
vn 0.6464 0.6554 -0.3906
vn -0.4968 0.7049 -0.5063
vn -0.1884 0.9292 -0.3178
vn -0.2203 -0.1739 0.9598
vn -0.6615 -0.6606 -0.3551
vn 0.9100 0.0044 0.4146
vn 0.2834 0.9358 -0.2098
vn -0.0910 -0.2023 0.9751
vn -0.8723 -0.3613 -0.3295
vn 0.3446 0.8777 -0.3330
vn -0.0935 -0.1119 0.9893
vn -0.9345 -0.3359 -0.1182
vn -0.1365 -0.4912 0.8603
vn -0.0277 -0.5163 0.8559
vn -0.7527 -0.3934 -0.5280
vn -0.8440 -0.4010 -0.3561
vn -0.9223 -0.3854 -0.0277
vn -0.1418 -0.0462 -0.9888
vn 0.5716 0.7025 -0.4240
vn -0.8980 -0.3837 -0.2154
vn -0.9482 -0.3081 -0.0780
vn 0.8987 -0.1993 -0.3906
vn 0.8142 -0.1058 -0.5708
vn -0.1339 -0.3511 0.9267
vn -0.2834 -0.4947 0.8215
vn -0.1733 0.9234 -0.3425
vn 0.8322 -0.3403 -0.4378
vn 0.7337 -0.0911 -0.6733
vn -0.1624 0.8970 -0.4112
vn -0.0470 -0.6893 0.7230
vn -0.6928 -0.5465 0.4704
vn -0.2774 -0.7744 0.5687
vn 0.2170 -0.5096 0.8326
vn 0.4631 0.8587 0.2196
vn 0.6509 -0.2887 -0.7021
vn 0.3971 -0.1307 -0.9084
vn 0.2738 0.3822 -0.8826
vn -0.2944 0.4180 -0.8594
vn -0.3553 -0.7380 0.5737
vn 0.1240 -0.7028 0.7005
vn 0.4651 0.8331 0.2996
vn 0.6701 -0.2551 -0.6971
vn 0.4768 0.0441 -0.8779
vn 0.3115 0.3564 -0.8809
vn 0.2752 0.9168 0.2896
vn 0.5866 0.0098 -0.8098
vn 0.5118 0.3753 -0.7728
vn -0.4774 -0.8786 0.0129
vn -0.2727 0.9478 0.1653
vn -0.1529 0.8841 0.4416
vn 0.0331 0.8291 0.5581
vn -0.2698 0.9464 0.1774
vn -0.1526 0.9698 0.1904
vn 0.2993 0.9185 0.2584
vn -0.2700 -0.2545 -0.9286
vn 0.3536 -0.8227 -0.4452
vn 0.4427 -0.8823 0.1601
vn -0.0172 -0.5095 -0.8603
vn -0.8646 0.4849 -0.1316
vn -0.9038 0.4083 0.1286
vn 0.1859 -0.9804 0.0647
vn 0.4005 -0.9159 0.0256
vn 0.3907 -0.7682 -0.5071
vn 0.3809 -0.5878 -0.7137
vn 0.5231 -0.8523 -0.0066
vn 0.8322 -0.5453 -0.1000
vn -0.2508 -0.9598 0.1261
vn -0.8527 0.5171 -0.0742
vn -0.2605 -0.7029 0.6618
vn -0.9322 0.2808 0.2282
vn 0.2130 -0.9761 0.0442
vn -0.3158 -0.9317 0.1797
vn -0.5614 0.7516 -0.3463
vn -0.2551 -0.9040 0.3431
vn 0.4091 -0.9123 -0.0195
vn 0.4923 0.5738 0.6545
vn 0.6611 0.7500 -0.0212
vn -0.3241 -0.9396 0.1097
vn 0.2223 -0.8615 -0.4565
vn -0.3437 -0.9378 0.0499
vn 0.3051 -0.9226 -0.2360
vn 0.3610 -0.6870 -0.6307
vn 0.5502 0.6449 0.5305
vn -0.1264 -0.7230 -0.6792
vn 0.5807 0.7035 0.4098
vn 0.6253 0.7507 0.2133
vn -0.1361 -0.4422 -0.8865
vn 0.6884 0.6434 0.3348
vn 0.0082 0.1666 -0.9860
vn 0.6417 0.7364 0.2143
vn -0.7778 -0.0624 -0.6255
vn -0.3409 -0.9341 -0.1059
vn -0.0999 0.5628 0.8205
vn 0.6308 0.6246 0.4604
vn -0.1736 -0.0271 0.9844
vn -0.0078 -0.5432 -0.8396
vn -0.3351 -0.4693 -0.8170
vn -0.5500 -0.3759 -0.7458
vn 0.6305 0.7598 0.1590
vn -0.5945 0.4612 -0.6587
vn -0.2192 -0.9695 -0.1092
vn 0.7310 0.6799 -0.0578
vn 0.6537 0.7566 0.0163
vn -0.0136 -0.9969 -0.0780
vn -0.1737 -0.9213 -0.3480
vn -0.0546 -0.6585 -0.7506
vn -0.0842 -0.7986 -0.5959
vn -0.1376 -0.6719 -0.7278
vn 0.9398 0.2375 0.2456
vn 0.7967 0.6014 0.0602
vn 0.6761 0.7357 -0.0398
vn 0.4064 0.9077 -0.1046
vn -0.2301 0.9529 0.1977
vn -0.0643 -0.9586 -0.2773
vn 0.6653 0.7457 -0.0361
vn -0.7792 -0.1082 -0.6174
vn 0.7594 0.6504 0.0160
vn 0.7762 0.6101 -0.1591
vn 0.6439 0.7579 -0.1051
vn -0.4345 0.0904 0.8961
vn 0.1367 0.1653 0.9767
vn -0.2654 -0.8610 -0.4338
vn 0.9811 0.1620 -0.1057
vn 0.9020 0.3814 -0.2021
vt 0.734375 0.156250
vt 0.734375 0.187500
vt 0.718750 0.187500
vt 0.718750 0.156250
vt 0.734375 0.593750
vt 0.734375 0.625000
vt 0.718750 0.625000
vt 0.718750 0.593750
vt 0.750000 0.937500
vt 0.742188 0.968750
vt 0.734375 0.937500
vt 0.734375 0.906250
vt 0.718750 0.937500
vt 0.718750 0.906250
vt 0.734375 0.843750
vt 0.734375 0.875000
vt 0.718750 0.875000
vt 0.718750 0.843750
vt 0.703125 0.843750
vt 0.703125 0.875000
vt 0.687500 0.875000
vt 0.687500 0.843750
vt 0.703125 0.343750
vt 0.703125 0.375000
vt 0.687500 0.375000
vt 0.687500 0.343750
vt 0.710938 0.968750
vt 0.703125 0.937500
vt 0.703125 0.906250
vt 0.687500 0.937500
vt 0.687500 0.906250
vt 0.671875 0.093750
vt 0.671875 0.125000
vt 0.656250 0.125000
vt 0.656250 0.093750
vt 0.679688 0.968750
vt 0.671875 0.937500
vt 0.671875 0.468750
vt 0.671875 0.500000
vt 0.656250 0.500000
vt 0.656250 0.468750
vt 0.671875 0.906250
vt 0.656250 0.937500
vt 0.656250 0.906250
vt 0.671875 0.843750
vt 0.671875 0.875000
vt 0.656250 0.875000
vt 0.656250 0.843750
vt 0.671875 0.218750
vt 0.671875 0.250000
vt 0.656250 0.250000
vt 0.656250 0.218750
vt 0.671875 0.656250
vt 0.671875 0.687500
vt 0.656250 0.687500
vt 0.656250 0.656250
vt 0.640625 0.281250
vt 0.640625 0.312500
vt 0.625000 0.312500
vt 0.625000 0.281250
vt 0.640625 0.156250
vt 0.640625 0.187500
vt 0.625000 0.187500
vt 0.625000 0.156250
vt 0.640625 0.093750
vt 0.640625 0.125000
vt 0.625000 0.125000
vt 0.625000 0.093750
vt 0.648438 0.968750
vt 0.640625 0.937500
vt 0.640625 0.906250
vt 0.625000 0.937500
vt 0.625000 0.906250
vt 0.617188 0.968750
vt 0.609375 0.937500
vt 0.609375 0.468750
vt 0.609375 0.500000
vt 0.593750 0.500000
vt 0.593750 0.468750
vt 0.609375 0.906250
vt 0.593750 0.937500
vt 0.593750 0.906250
vt 0.609375 0.343750
vt 0.609375 0.375000
vt 0.593750 0.375000
vt 0.593750 0.343750
vt 0.609375 0.656250
vt 0.609375 0.687500
vt 0.593750 0.687500
vt 0.593750 0.656250
vt 0.578125 0.781250
vt 0.578125 0.812500
vt 0.562500 0.812500
vt 0.562500 0.781250
vt 0.585938 0.968750
vt 0.578125 0.937500
vt 0.578125 0.000000
vt 0.585938 0.031250
vt 0.570312 0.031250
vt 0.578125 0.906250
vt 0.562500 0.937500
vt 0.562500 0.906250
vt 0.578125 0.843750
vt 0.578125 0.875000
vt 0.562500 0.875000
vt 0.562500 0.843750
vt 0.578125 0.343750
vt 0.578125 0.375000
vt 0.562500 0.375000
vt 0.562500 0.343750
vt 0.554688 0.968750
vt 0.546875 0.937500
vt 0.546875 0.000000
vt 0.554688 0.031250
vt 0.539062 0.031250
vt 0.546875 0.906250
vt 0.531250 0.937500
vt 0.531250 0.906250
vt 0.546875 0.781250
vt 0.546875 0.812500
vt 0.531250 0.812500
vt 0.531250 0.781250
vt 0.546875 0.281250
vt 0.546875 0.312500
vt 0.531250 0.312500
vt 0.531250 0.281250
vt 0.515625 0.281250
vt 0.515625 0.312500
vt 0.500000 0.312500
vt 0.500000 0.281250
vt 0.515625 0.093750
vt 0.515625 0.125000
vt 0.500000 0.125000
vt 0.500000 0.093750
vt 0.523438 0.968750
vt 0.515625 0.937500
vt 0.515625 0.000000
vt 0.523438 0.031250
vt 0.507812 0.031250
vt 0.484375 0.000000
vt 0.492188 0.031250
vt 0.476562 0.031250
vt 0.484375 0.218750
vt 0.484375 0.250000
vt 0.468750 0.250000
vt 0.468750 0.218750
vt 0.484375 0.093750
vt 0.484375 0.125000
vt 0.468750 0.125000
vt 0.468750 0.093750
vt 0.484375 0.531250
vt 0.484375 0.562500
vt 0.468750 0.562500
vt 0.468750 0.531250
vt 0.500000 0.937500
vt 0.492188 0.968750
vt 0.484375 0.937500
vt 0.453125 0.218750
vt 0.453125 0.250000
vt 0.437500 0.250000
vt 0.437500 0.218750
vt 0.453125 0.593750
vt 0.453125 0.625000
vt 0.437500 0.625000
vt 0.437500 0.593750
vt 0.453125 0.093750
vt 0.453125 0.125000
vt 0.437500 0.125000
vt 0.437500 0.093750
vt 0.453125 0.000000
vt 0.460938 0.031250
vt 0.445312 0.031250
vt 0.453125 0.281250
vt 0.453125 0.312500
vt 0.437500 0.312500
vt 0.437500 0.281250
vt 0.421875 0.343750
vt 0.421875 0.375000
vt 0.406250 0.375000
vt 0.406250 0.343750
vt 0.421875 0.781250
vt 0.421875 0.812500
vt 0.406250 0.812500
vt 0.406250 0.781250
vt 0.421875 0.000000
vt 0.429688 0.031250
vt 0.414062 0.031250
vt 0.390625 0.000000
vt 0.398438 0.031250
vt 0.382812 0.031250
vt 0.375000 0.937500
vt 0.367188 0.968750
vt 0.359375 0.937500
vt 0.359375 0.000000
vt 0.367188 0.031250
vt 0.351562 0.031250
vt 0.328125 0.531250
vt 0.328125 0.562500
vt 0.312500 0.562500
vt 0.312500 0.531250
vt 0.343750 0.937500
vt 0.335938 0.968750
vt 0.328125 0.937500
vt 0.328125 0.000000
vt 0.335938 0.031250
vt 0.320312 0.031250
vt 0.328125 0.906250
vt 0.312500 0.937500
vt 0.312500 0.906250
vt 0.328125 0.718750
vt 0.328125 0.750000
vt 0.312500 0.750000
vt 0.312500 0.718750
vt 0.296875 0.343750
vt 0.296875 0.375000
vt 0.281250 0.375000
vt 0.281250 0.343750
vt 0.304688 0.968750
vt 0.296875 0.937500
vt 0.296875 0.000000
vt 0.304688 0.031250
vt 0.289062 0.031250
vt 0.296875 0.468750
vt 0.296875 0.500000
vt 0.281250 0.500000
vt 0.281250 0.468750
vt 0.296875 0.906250
vt 0.281250 0.937500
vt 0.281250 0.906250
vt 0.265625 0.531250
vt 0.265625 0.562500
vt 0.250000 0.562500
vt 0.250000 0.531250
vt 0.273438 0.968750
vt 0.265625 0.937500
vt 0.265625 0.000000
vt 0.273438 0.031250
vt 0.257812 0.031250
vt 0.265625 0.468750
vt 0.265625 0.500000
vt 0.250000 0.500000
vt 0.250000 0.468750
vt 0.265625 0.906250
vt 0.250000 0.937500
vt 0.250000 0.906250
vt 0.265625 0.406250
vt 0.265625 0.437500
vt 0.250000 0.437500
vt 0.250000 0.406250
vt 0.234375 0.343750
vt 0.234375 0.375000
vt 0.218750 0.375000
vt 0.218750 0.343750
vt 0.234375 0.218750
vt 0.234375 0.250000
vt 0.218750 0.250000
vt 0.218750 0.218750
vt 0.234375 0.531250
vt 0.234375 0.562500
vt 0.218750 0.562500
vt 0.218750 0.531250
vt 0.242188 0.968750
vt 0.234375 0.937500
vt 0.234375 0.000000
vt 0.242188 0.031250
vt 0.226562 0.031250
vt 0.218750 0.937500
vt 0.210938 0.968750
vt 0.203125 0.937500
vt 0.203125 0.000000
vt 0.210938 0.031250
vt 0.195312 0.031250
vt 0.203125 0.343750
vt 0.203125 0.375000
vt 0.187500 0.375000
vt 0.187500 0.343750
vt 0.203125 0.156250
vt 0.203125 0.187500
vt 0.187500 0.187500
vt 0.187500 0.156250
vt 0.171875 0.281250
vt 0.171875 0.312500
vt 0.156250 0.312500
vt 0.156250 0.281250
vt 0.171875 0.156250
vt 0.171875 0.187500
vt 0.156250 0.187500
vt 0.156250 0.156250
vt 0.171875 0.000000
vt 0.179688 0.031250
vt 0.164063 0.031250
vt 0.171875 0.406250
vt 0.171875 0.437500
vt 0.156250 0.437500
vt 0.156250 0.406250
vt 0.171875 0.843750
vt 0.171875 0.875000
vt 0.156250 0.875000
vt 0.156250 0.843750
vt 0.140625 0.000000
vt 0.148438 0.031250
vt 0.132813 0.031250
vt 0.140625 0.718750
vt 0.140625 0.750000
vt 0.125000 0.750000
vt 0.125000 0.718750
vt 0.109375 0.593750
vt 0.109375 0.625000
vt 0.093750 0.625000
vt 0.093750 0.593750
vt 0.109375 0.531250
vt 0.109375 0.562500
vt 0.093750 0.562500
vt 0.093750 0.531250
vt 0.109375 0.000000
vt 0.117188 0.031250
vt 0.101562 0.031250
vt 0.109375 0.343750
vt 0.109375 0.375000
vt 0.093750 0.375000
vt 0.093750 0.343750
vt 0.109375 0.781250
vt 0.109375 0.812500
vt 0.093750 0.812500
vt 0.093750 0.781250
vt 0.078125 0.343750
vt 0.078125 0.375000
vt 0.062500 0.375000
vt 0.062500 0.343750
vt 0.078125 0.593750
vt 0.078125 0.625000
vt 0.062500 0.625000
vt 0.062500 0.593750
vt 0.078125 0.000000
vt 0.085938 0.031250
vt 0.070312 0.031250
vt 0.046875 0.218750
vt 0.046875 0.250000
vt 0.031250 0.250000
vt 0.031250 0.218750
vt 0.046875 0.156250
vt 0.046875 0.187500
vt 0.031250 0.187500
vt 0.031250 0.156250
vt 0.046875 0.000000
vt 0.054687 0.031250
vt 0.039062 0.031250
vt 0.046875 0.718750
vt 0.046875 0.750000
vt 0.031250 0.750000
vt 0.031250 0.718750
vt 0.015625 0.218750
vt 0.015625 0.250000
vt 0.000000 0.250000
vt 0.000000 0.218750
vt 0.015625 0.093750
vt 0.015625 0.125000
vt 0.000000 0.125000
vt 0.000000 0.093750
vt 0.015625 0.531250
vt 0.015625 0.562500
vt 0.000000 0.562500
vt 0.000000 0.531250
vt 0.015625 0.000000
vt 0.023438 0.031250
vt 0.007812 0.031250
vt 1.000000 0.937500
vt 0.992188 0.968750
vt 0.984375 0.937500
vt 0.984375 0.000000
vt 0.992188 0.031250
vt 0.976562 0.031250
vt 0.984375 0.406250
vt 0.984375 0.437500
vt 0.968750 0.437500
vt 0.968750 0.406250
vt 0.984375 0.218750
vt 0.984375 0.250000
vt 0.968750 0.250000
vt 0.968750 0.218750
vt 0.953125 0.843750
vt 0.953125 0.875000
vt 0.937500 0.875000
vt 0.937500 0.843750
vt 0.953125 0.156250
vt 0.953125 0.187500
vt 0.937500 0.187500
vt 0.937500 0.156250
vt 0.968750 0.937500
vt 0.960938 0.968750
vt 0.953125 0.937500
vt 0.953125 0.000000
vt 0.960938 0.031250
vt 0.945312 0.031250
vt 0.921875 0.593750
vt 0.921875 0.625000
vt 0.906250 0.625000
vt 0.906250 0.593750
vt 0.921875 0.093750
vt 0.921875 0.125000
vt 0.906250 0.125000
vt 0.906250 0.093750
vt 0.921875 0.000000
vt 0.929688 0.031250
vt 0.914062 0.031250
vt 0.921875 0.468750
vt 0.921875 0.500000
vt 0.906250 0.500000
vt 0.906250 0.468750
vt 0.921875 0.406250
vt 0.921875 0.437500
vt 0.906250 0.437500
vt 0.906250 0.406250
vt 0.921875 0.718750
vt 0.921875 0.750000
vt 0.906250 0.750000
vt 0.906250 0.718750
vt 0.921875 0.218750
vt 0.921875 0.250000
vt 0.906250 0.250000
vt 0.906250 0.218750
vt 0.890625 0.718750
vt 0.890625 0.750000
vt 0.875000 0.750000
vt 0.875000 0.718750
vt 0.890625 0.218750
vt 0.890625 0.250000
vt 0.875000 0.250000
vt 0.875000 0.218750
vt 0.890625 0.593750
vt 0.890625 0.625000
vt 0.875000 0.625000
vt 0.875000 0.593750
vt 0.890625 0.000000
vt 0.898438 0.031250
vt 0.882812 0.031250
vt 0.859375 0.000000
vt 0.867188 0.031250
vt 0.851562 0.031250
vt 0.859375 0.843750
vt 0.859375 0.875000
vt 0.843750 0.875000
vt 0.843750 0.843750
vt 0.859375 0.781250
vt 0.859375 0.812500
vt 0.843750 0.812500
vt 0.843750 0.781250
vt 0.859375 0.656250
vt 0.859375 0.687500
vt 0.843750 0.687500
vt 0.843750 0.656250
vt 0.828125 0.218750
vt 0.828125 0.250000
vt 0.812500 0.250000
vt 0.812500 0.218750
vt 0.828125 0.468750
vt 0.828125 0.500000
vt 0.812500 0.500000
vt 0.812500 0.468750
vt 0.828125 0.906250
vt 0.828125 0.937500
vt 0.812500 0.937500
vt 0.812500 0.906250
vt 0.828125 0.843750
vt 0.828125 0.875000
vt 0.812500 0.875000
vt 0.812500 0.843750
vt 0.796875 0.531250
vt 0.796875 0.562500
vt 0.781250 0.562500
vt 0.781250 0.531250
vt 0.804688 0.968750
vt 0.796875 0.937500
vt 0.796875 0.906250
vt 0.781250 0.937500
vt 0.781250 0.906250
vt 0.796875 0.843750
vt 0.796875 0.875000
vt 0.781250 0.875000
vt 0.781250 0.843750
vt 0.796875 0.718750
vt 0.796875 0.750000
vt 0.781250 0.750000
vt 0.781250 0.718750
vt 0.796875 0.656250
vt 0.796875 0.687500
vt 0.781250 0.687500
vt 0.781250 0.656250
vt 0.796875 0.093750
vt 0.796875 0.125000
vt 0.781250 0.125000
vt 0.781250 0.093750
vt 0.765625 0.718750
vt 0.765625 0.750000
vt 0.750000 0.750000
vt 0.750000 0.718750
vt 0.765625 0.156250
vt 0.765625 0.187500
vt 0.750000 0.187500
vt 0.750000 0.156250
vt 0.765625 0.593750
vt 0.765625 0.625000
vt 0.750000 0.625000
vt 0.750000 0.593750
vt 0.765625 0.531250
vt 0.765625 0.562500
vt 0.750000 0.562500
vt 0.750000 0.531250
vt 0.773438 0.968750
vt 0.765625 0.937500
vt 0.765625 0.906250
vt 0.750000 0.906250
vt 0.765625 0.843750
vt 0.765625 0.875000
vt 0.750000 0.875000
vt 0.750000 0.843750
vt 0.765625 0.781250
vt 0.750000 0.781250
vt 0.781250 0.781250
vt 0.757812 0.968750
vt 0.765625 1.000000
vt 0.765625 0.125000
vt 0.765625 0.093750
vt 0.781250 0.593750
vt 0.781250 0.625000
vt 0.781250 0.156250
vt 0.765625 0.656250
vt 0.765625 0.687500
vt 0.765625 0.218750
vt 0.750000 0.218750
vt 0.796875 0.593750
vt 0.812500 0.281250
vt 0.796875 0.281250
vt 0.796875 0.250000
vt 0.796875 0.781250
vt 0.796875 0.500000
vt 0.796875 0.468750
vt 0.789062 0.968750
vt 0.796875 1.000000
vt 0.843750 0.343750
vt 0.843750 0.375000
vt 0.828125 0.375000
vt 0.828125 0.343750
vt 0.828125 0.812500
vt 0.843750 0.468750
vt 0.843750 0.500000
vt 0.835938 0.031250
vt 0.843750 0.062500
vt 0.828125 0.062500
vt 0.820312 0.968750
vt 0.835938 0.968750
vt 0.828125 1.000000
vt 0.843750 0.093750
vt 0.828125 0.093750
vt 0.843750 0.125000
vt 0.828125 0.125000
vt 0.843750 0.187500
vt 0.843750 0.218750
vt 0.828125 0.187500
vt 0.828125 0.781250
vt 0.875000 0.562500
vt 0.859375 0.593750
vt 0.859375 0.562500
vt 0.859375 0.625000
vt 0.843750 0.625000
vt 0.875000 0.656250
vt 0.859375 0.187500
vt 0.859375 0.218750
vt 0.875000 0.187500
vt 0.859375 0.250000
vt 0.859375 0.750000
vt 0.843750 0.750000
vt 0.875000 0.781250
vt 0.875000 0.812500
vt 0.867188 0.968750
vt 0.859375 1.000000
vt 0.851562 0.968750
vt 0.875000 0.531250
vt 0.859375 0.531250
vt 0.890625 0.468750
vt 0.890625 0.437500
vt 0.890625 0.500000
vt 0.898438 0.968750
vt 0.890625 1.000000
vt 0.882812 0.968750
vt 0.906250 0.531250
vt 0.890625 0.531250
vt 0.890625 0.656250
vt 0.921875 0.187500
vt 0.906250 0.187500
vt 0.937500 0.218750
vt 0.921875 0.281250
vt 0.906250 0.281250
vt 0.937500 0.281250
vt 0.937500 0.312500
vt 0.921875 0.312500
vt 0.921875 0.781250
vt 0.906250 0.781250
vt 0.937500 0.750000
vt 0.937500 0.781250
vt 0.921875 0.875000
vt 0.921875 0.843750
vt 0.937500 0.906250
vt 0.921875 0.906250
vt 0.929688 0.968750
vt 0.921875 1.000000
vt 0.914062 0.968750
vt 0.937500 0.093750
vt 0.937500 0.125000
vt 0.937500 0.562500
vt 0.937500 0.593750
vt 0.921875 0.562500
vt 0.937500 0.625000
vt 0.953125 0.906250
vt 0.968750 0.468750
vt 0.953125 0.468750
vt 0.953125 0.437500
vt 0.945312 0.968750
vt 0.953125 1.000000
vt 0.953125 0.218750
vt 0.968750 0.187500
vt 0.953125 0.750000
vt 0.953125 0.781250
vt 0.968750 0.843750
vt 0.968750 0.875000
vt 0.953125 0.406250
vt 0.984375 0.187500
vt 1.000000 0.218750
vt 1.000000 0.250000
vt 0.984375 0.281250
vt 0.968750 0.281250
vt 0.984375 0.468750
vt 0.976562 0.968750
vt 0.984375 1.000000
vt 1.000000 0.093750
vt 1.000000 0.125000
vt 0.984375 0.125000
vt 0.984375 0.093750
vt 1.000000 0.593750
vt 1.000000 0.625000
vt 0.984375 0.625000
vt 0.984375 0.593750
vt 0.015625 0.937500
vt 0.007812 0.968750
vt 0.000000 0.937500
vt 0.023438 0.968750
vt 0.015625 1.000000
vt 0.031250 0.093750
vt 0.031250 0.125000
vt 0.015625 0.156250
vt 0.015625 0.187500
vt 0.031250 0.656250
vt 0.031250 0.687500
vt 0.015625 0.687500
vt 0.015625 0.656250
vt 0.015625 0.718750
vt 0.000000 0.718750
vt 0.000000 0.687500
vt 0.015625 0.750000
vt 0.031250 0.281250
vt 0.015625 0.281250
vt 0.046875 0.781250
vt 0.031250 0.781250
vt 0.062500 0.406250
vt 0.046875 0.406250
vt 0.046875 0.375000
vt 0.046875 0.062500
vt 0.062500 0.062500
vt 0.054687 0.968750
vt 0.046875 1.000000
vt 0.039062 0.968750
vt 0.046875 0.625000
vt 0.046875 0.593750
vt 0.046875 0.125000
vt 0.062500 0.156250
vt 0.062500 0.187500
vt 0.046875 0.656250
vt 0.031250 0.625000
vt 0.062500 0.218750
vt 0.062500 0.250000
vt 0.078125 0.062500
vt 0.093750 0.062500
vt 0.085938 0.968750
vt 0.078125 1.000000
vt 0.070312 0.968750
vt 0.093750 0.500000
vt 0.078125 0.531250
vt 0.078125 0.500000
vt 0.078125 0.562500
vt 0.062500 0.562500
vt 0.093750 0.312500
vt 0.078125 0.312500
vt 0.078125 0.406250
vt 0.109375 0.750000
vt 0.093750 0.750000
vt 0.125000 0.781250
vt 0.125000 0.375000
vt 0.125000 0.406250
vt 0.109375 0.406250
vt 0.109375 0.062500
vt 0.125000 0.062500
vt 0.117188 0.968750
vt 0.109375 1.000000
vt 0.101562 0.968750
vt 0.109375 0.500000
vt 0.109375 0.656250
vt 0.093750 0.656250
vt 0.140625 0.250000
vt 0.140625 0.281250
vt 0.125000 0.281250
vt 0.125000 0.250000
vt 0.140625 0.781250
vt 0.140625 0.875000
vt 0.140625 0.843750
vt 0.140625 0.062500
vt 0.156250 0.062500
vt 0.148438 0.968750
vt 0.140625 1.000000
vt 0.132813 0.968750
vt 0.187500 0.312500
vt 0.171875 0.343750
vt 0.171875 0.468750
vt 0.156250 0.468750
vt 0.171875 0.062500
vt 0.187500 0.062500
vt 0.179688 0.968750
vt 0.171875 1.000000
vt 0.164063 0.968750
vt 0.187500 0.218750
vt 0.171875 0.218750
vt 0.187500 0.281250
vt 0.203125 0.687500
vt 0.203125 0.718750
vt 0.187500 0.718750
vt 0.187500 0.687500
vt 0.203125 0.312500
vt 0.218750 0.312500
vt 0.203125 0.062500
vt 0.218750 0.062500
vt 0.195312 0.968750
vt 0.187500 0.937500
vt 0.203125 1.000000
vt 0.203125 0.562500
vt 0.203125 0.531250
vt 0.203125 0.093750
vt 0.187500 0.093750
vt 0.234375 0.906250
vt 0.234375 0.500000
vt 0.234375 0.468750
vt 0.234375 0.062500
vt 0.250000 0.062500
vt 0.226562 0.968750
vt 0.234375 1.000000
vt 0.250000 0.593750
vt 0.234375 0.593750
vt 0.250000 0.625000
vt 0.234375 0.625000
vt 0.250000 0.656250
vt 0.234375 0.656250
vt 0.250000 0.687500
vt 0.234375 0.687500
vt 0.234375 0.187500
vt 0.218750 0.187500
vt 0.250000 0.187500
vt 0.250000 0.218750
vt 0.250000 0.281250
vt 0.250000 0.312500
vt 0.234375 0.312500
vt 0.234375 0.281250
vt 0.265625 0.375000
vt 0.265625 0.343750
vt 0.265625 0.812500
vt 0.265625 0.843750
vt 0.250000 0.843750
vt 0.250000 0.812500
vt 0.265625 0.062500
vt 0.281250 0.062500
vt 0.257812 0.968750
vt 0.265625 1.000000
vt 0.281250 0.531250
vt 0.265625 0.593750
vt 0.312500 0.875000
vt 0.296875 0.875000
vt 0.296875 0.062500
vt 0.312500 0.062500
vt 0.289062 0.968750
vt 0.296875 1.000000
vt 0.296875 0.531250
vt 0.312500 0.500000
vt 0.296875 0.093750
vt 0.281250 0.093750
vt 0.312500 0.093750
vt 0.312500 0.687500
vt 0.296875 0.718750
vt 0.296875 0.687500
vt 0.296875 0.750000
vt 0.312500 0.781250
vt 0.296875 0.781250
vt 0.312500 0.812500
vt 0.296875 0.812500
vt 0.312500 0.843750
vt 0.296875 0.843750
vt 0.343750 0.218750
vt 0.343750 0.250000
vt 0.328125 0.250000
vt 0.328125 0.218750
vt 0.328125 0.687500
vt 0.343750 0.687500
vt 0.343750 0.718750
vt 0.343750 0.750000
vt 0.328125 0.781250
vt 0.343750 0.781250
vt 0.328125 0.875000
vt 0.328125 0.062500
vt 0.343750 0.062500
vt 0.320312 0.968750
vt 0.328125 1.000000
vt 0.343750 0.531250
vt 0.343750 0.562500
vt 0.343750 0.593750
vt 0.328125 0.593750
vt 0.359375 0.062500
vt 0.375000 0.062500
vt 0.351562 0.968750
vt 0.359375 1.000000
vt 0.359375 0.687500
vt 0.359375 0.718750
vt 0.375000 0.281250
vt 0.375000 0.312500
vt 0.359375 0.312500
vt 0.359375 0.281250
vt 0.359375 0.375000
vt 0.359375 0.406250
vt 0.343750 0.406250
vt 0.343750 0.375000
vt 0.375000 0.375000
vt 0.375000 0.406250
vt 0.390625 0.250000
vt 0.390625 0.281250
vt 0.375000 0.250000
vt 0.406250 0.250000
vt 0.406250 0.281250
vt 0.390625 0.375000
vt 0.390625 0.406250
vt 0.390625 0.062500
vt 0.398438 0.968750
vt 0.390625 1.000000
vt 0.382812 0.968750
vt 0.437500 0.437500
vt 0.437500 0.468750
vt 0.421875 0.468750
vt 0.421875 0.437500
vt 0.429688 0.968750
vt 0.421875 1.000000
vt 0.414062 0.968750
vt 0.437500 0.531250
vt 0.437500 0.562500
vt 0.421875 0.562500
vt 0.421875 0.531250
vt 0.421875 0.593750
vt 0.421875 0.625000
vt 0.437500 0.656250
vt 0.421875 0.656250
vt 0.437500 0.187500
vt 0.421875 0.218750
vt 0.421875 0.187500
vt 0.421875 0.250000
vt 0.421875 0.281250
vt 0.421875 0.312500
vt 0.437500 0.343750
vt 0.437500 0.375000
vt 0.437500 0.406250
vt 0.421875 0.406250
vt 0.468750 0.281250
vt 0.468750 0.312500
vt 0.453125 0.343750
vt 0.468750 0.343750
vt 0.453125 0.437500
vt 0.453125 0.468750
vt 0.453125 0.062500
vt 0.437500 0.062500
vt 0.468750 0.062500
vt 0.460938 0.968750
vt 0.453125 1.000000
vt 0.445312 0.968750
vt 0.453125 0.562500
vt 0.468750 0.593750
vt 0.468750 0.156250
vt 0.453125 0.156250
vt 0.453125 0.656250
vt 0.453125 0.187500
vt 0.476562 0.968750
vt 0.484375 1.000000
vt 0.484375 0.062500
vt 0.500000 0.062500
vt 0.484375 0.593750
vt 0.484375 0.156250
vt 0.500000 0.218750
vt 0.500000 0.250000
vt 0.515625 0.750000
vt 0.515625 0.781250
vt 0.500000 0.781250
vt 0.500000 0.750000
vt 0.531250 0.750000
vt 0.515625 0.375000
vt 0.515625 0.406250
vt 0.500000 0.406250
vt 0.500000 0.375000
vt 0.515625 0.906250
vt 0.515625 0.062500
vt 0.531250 0.062500
vt 0.507812 0.968750
vt 0.515625 1.000000
vt 0.531250 0.093750
vt 0.531250 0.125000
vt 0.531250 0.718750
vt 0.515625 0.718750
vt 0.515625 0.250000
vt 0.531250 0.250000
vt 0.546875 0.062500
vt 0.546875 0.093750
vt 0.562500 0.062500
vt 0.562500 0.093750
vt 0.546875 0.187500
vt 0.546875 0.218750
vt 0.531250 0.218750
vt 0.531250 0.187500
vt 0.562500 0.187500
vt 0.562500 0.218750
vt 0.546875 0.750000
vt 0.562500 0.750000
vt 0.562500 0.312500
vt 0.546875 0.343750
vt 0.546875 0.843750
vt 0.546875 0.875000
vt 0.562500 0.437500
vt 0.562500 0.468750
vt 0.546875 0.468750
vt 0.546875 0.437500
vt 0.539062 0.968750
vt 0.546875 1.000000
vt 0.578125 0.312500
vt 0.593750 0.312500
vt 0.593750 0.812500
vt 0.593750 0.843750
vt 0.593750 0.875000
vt 0.593750 0.406250
vt 0.578125 0.406250
vt 0.578125 0.437500
vt 0.578125 0.468750
vt 0.578125 0.500000
vt 0.578125 0.062500
vt 0.593750 0.062500
vt 0.570312 0.968750
vt 0.578125 1.000000
vt 0.578125 0.093750
vt 0.593750 0.093750
vt 0.593750 0.593750
vt 0.593750 0.625000
vt 0.578125 0.625000
vt 0.578125 0.593750
vt 0.578125 0.656250
vt 0.578125 0.187500
vt 0.578125 0.218750
vt 0.578125 0.750000
vt 0.609375 0.625000
vt 0.625000 0.250000
vt 0.609375 0.281250
vt 0.609375 0.250000
vt 0.609375 0.312500
vt 0.625000 0.781250
vt 0.625000 0.812500
vt 0.609375 0.812500
vt 0.609375 0.781250
vt 0.609375 0.406250
vt 0.609375 0.875000
vt 0.625000 0.875000
vt 0.625000 0.437500
vt 0.625000 0.468750
vt 0.609375 0.437500
vt 0.601562 0.031250
vt 0.609375 0.062500
vt 0.601562 0.968750
vt 0.609375 1.000000
vt 0.609375 0.093750
vt 0.625000 0.062500
vt 0.640625 0.875000
vt 0.640625 0.843750
vt 0.632812 0.968750
vt 0.640625 1.000000
vt 0.640625 0.062500
vt 0.640625 0.250000
vt 0.656250 0.281250
vt 0.656250 0.312500
vt 0.656250 0.750000
vt 0.656250 0.781250
vt 0.640625 0.781250
vt 0.640625 0.750000
vt 0.687500 0.125000
vt 0.687500 0.156250
vt 0.671875 0.156250
vt 0.671875 0.187500
vt 0.656250 0.187500
vt 0.687500 0.718750
vt 0.687500 0.750000
vt 0.671875 0.750000
vt 0.671875 0.718750
vt 0.671875 0.281250
vt 0.687500 0.250000
vt 0.687500 0.281250
vt 0.671875 0.781250
vt 0.687500 0.781250
vt 0.687500 0.812500
vt 0.671875 0.812500
vt 0.687500 0.437500
vt 0.687500 0.468750
vt 0.671875 0.437500
vt 0.664062 0.968750
vt 0.671875 1.000000
vt 0.671875 0.531250
vt 0.656250 0.531250
vt 0.687500 0.531250
vt 0.687500 0.562500
vt 0.671875 0.562500
vt 0.687500 0.093750
vt 0.695312 0.968750
vt 0.703125 1.000000
vt 0.718750 0.656250
vt 0.718750 0.687500
vt 0.703125 0.687500
vt 0.703125 0.656250
vt 0.703125 0.250000
vt 0.703125 0.281250
vt 0.718750 0.343750
vt 0.718750 0.375000
vt 0.703125 0.812500
vt 0.750000 0.312500
vt 0.750000 0.343750
vt 0.734375 0.343750
vt 0.734375 0.312500
vt 0.750000 0.812500
vt 0.734375 0.812500
vt 0.726562 0.968750
vt 0.734375 1.000000
vt 0.750000 0.500000
vt 0.734375 0.531250
vt 0.734375 0.500000
vt 0.734375 0.562500
vt 0.734375 0.750000
vt 0.734375 0.718750
vt 0.734375 0.781250
s 1
usemtl Material.009
f 1125/1/807 804/2/592 12/3/10 280/4/10
f 1124/5/806 805/6/593 8/7/8 276/8/8
f 263/9/218 795/10/585 807/11/594
f 1122/12/804 807/11/594 5/13/5 272/14/224
f 1120/15/803 808/16/595 6/17/6 273/18/225
f 1118/19/802 297/20/236 15/21/12 286/22/229
f 1117/23/801 299/24/237 20/25/17 292/26/17
f 5/13/5 802/27/590 303/28/239
f 1110/29/800 303/28/239 14/30/11 285/31/228
f 1108/32/799 316/33/248 31/34/28 313/35/247
f 14/30/11 809/36/596 318/37/250
f 1106/38/797 317/39/249 27/40/24 309/41/244
f 1105/42/796 318/37/250 23/43/20 304/44/240
f 1103/45/795 320/46/251 24/47/21 305/48/241
f 1099/49/792 324/50/254 29/51/26 312/52/246
f 1098/53/23 325/54/23 26/55/23 307/56/23
f 1095/57/791 335/58/259 37/59/33 332/60/256
f 1093/61/790 338/62/35 39/63/35 333/64/257
f 1092/65/789 339/66/262 40/67/36 334/68/258
f 23/43/20 810/69/597 341/70/264
f 1091/71/788 341/70/264 32/72/29 327/73/255
f 32/72/29 811/74/598 354/75/276
f 1088/76/785 353/77/275 47/78/43 348/79/270
f 1087/80/784 354/75/276 42/81/38 343/82/266
f 1085/83/782 357/84/278 48/85/44 350/86/272
f 1082/87/780 361/88/41 45/89/41 346/90/268
f 1080/91/779 373/92/291 55/93/50 366/94/285
f 42/81/38 812/95/599 380/96/297
f 170/97/145 813/98/600 814/99/601
f 1074/100/775 380/96/297 53/101/48 364/102/283
f 1072/103/773 382/104/299 54/105/49 365/106/284
f 1071/107/772 383/108/300 58/109/53 369/110/287
f 53/101/48 363/111/282 392/112/306
f 170/113/145 814/114/601 816/115/603
f 1069/116/771 392/112/306 62/117/57 384/118/301
f 1066/119/768 396/120/310 63/121/58 385/122/302
f 1065/123/767 397/124/311 67/125/60 388/126/304
f 1060/127/764 409/128/318 78/129/68 405/130/314
f 1058/131/763 411/132/320 80/133/70 407/134/316
f 62/117/57 815/135/602 414/136/322
f 170/137/145 816/138/603 818/139/605
f 170/140/145 818/141/605 820/142/607
f 1049/143/760 430/144/332 86/145/74 422/146/327
f 1046/147/757 431/148/333 87/149/75 424/150/329
f 1045/151/324 432/152/334 84/153/72 418/154/324
f 72/155/65 817/156/604 428/157/331
f 1044/158/756 444/159/345 94/160/82 441/161/342
f 1041/162/753 445/163/346 89/164/77 435/165/336
f 1040/166/752 447/167/347 96/168/84 442/169/343
f 170/170/145 820/171/607 822/172/609
f 1036/173/750 451/174/351 93/175/81 440/176/341
f 1034/177/748 455/178/353 101/179/87 453/180/87
f 1033/181/86 457/182/86 98/183/86 452/184/86
f 170/185/145 822/186/609 824/187/611
f 170/188/145 824/189/611 826/190/613
f 104/191/89 825/192/612 483/193/372
f 170/194/145 826/195/613 828/196/615
f 1015/197/740 491/198/379 122/199/106 488/200/377
f 110/201/94 827/202/614 493/203/381
f 170/204/145 828/205/615 830/206/617
f 1014/207/739 493/203/381 117/208/101 484/209/373
f 1012/210/737 495/211/383 120/212/104 487/213/376
f 1009/214/392 508/215/392 129/216/111 504/217/388
f 117/208/101 829/218/616 514/219/397
f 170/220/145 830/221/617 832/222/619
f 1004/223/731 513/224/396 128/225/110 503/226/387
f 1003/227/730 514/219/397 125/228/109 498/229/385
f 1001/230/728 525/231/404 135/232/117 520/233/401
f 125/228/109 831/234/618 528/235/407
f 170/236/145 832/237/619 834/238/621
f 1000/239/727 527/240/406 136/241/118 521/242/402
f 999/243/726 528/235/407 131/244/113 515/245/398
f 998/246/403 529/247/408 137/248/119 522/249/403
f 994/250/725 539/251/414 144/252/125 536/253/411
f 992/254/724 542/255/127 146/256/127 537/257/412
f 989/258/721 546/259/417 143/260/124 534/261/410
f 131/244/113 833/262/620 549/263/420
f 170/264/145 834/265/621 836/266/623
f 141/267/123 835/268/622 564/269/429
f 170/270/145 836/271/623 838/272/625
f 982/273/718 565/274/430 153/275/132 556/276/422
f 979/277/432 568/278/432 155/279/134 559/280/425
f 977/281/717 577/282/436 161/283/138 574/284/138
f 975/285/716 579/286/437 162/287/139 575/288/139
f 170/289/145 838/290/625 840/291/627
f 973/292/435 582/293/439 160/294/137 573/295/435
f 972/296/440 583/297/440 157/298/136 569/299/433
f 170/300/145 840/301/627 591/302/443
f 965/303/442 595/304/446 165/305/141 586/306/442
f 961/307/713 604/308/453 174/309/148 600/310/449
f 960/311/712 605/312/454 175/313/149 601/314/450
f 170/315/145 591/316/443 843/317/630
f 958/318/457 609/319/457 177/320/151 602/321/451
f 957/322/711 610/323/146 172/324/146 598/325/447
f 953/326/709 618/327/464 183/328/156 613/329/460
f 952/330/708 622/331/465 181/332/154 611/333/458
f 170/334/145 843/335/630 845/336/632
f 950/337/706 634/338/476 193/339/163 630/340/472
f 948/341/705 633/342/475 194/343/164 631/344/473
f 170/345/145 845/346/632 847/347/634
f 942/348/704 641/349/481 189/350/160 626/351/469
f 938/352/702 656/353/486 204/354/170 648/355/482
f 935/356/700 659/357/489 205/358/171 649/359/483
f 934/360/169 660/361/169 200/362/169 645/363/169
f 170/364/145 847/365/634 849/366/636
f 196/367/166 848/368/635 672/369/496
f 170/370/145 849/371/636 851/372/638
f 929/373/698 673/374/497 208/375/174 665/376/491
f 927/377/697 677/378/498 209/379/175 667/380/493
f 925/381/695 687/382/506 211/383/177 679/384/500
f 921/385/504 689/386/508 219/387/182 684/388/504
f 206/389/172 850/390/637 691/391/509
f 170/392/145 851/393/638 853/394/640
f 916/395/691 704/396/520 223/397/185 694/398/512
f 915/399/690 701/400/518 229/401/190 700/402/190
f 170/403/145 853/404/640 855/405/642
f 914/406/689 705/407/521 224/408/186 696/409/514
f 912/410/515 706/411/522 225/412/187 697/413/515
f 908/414/684 709/415/524 222/416/184 693/417/511
f 907/418/683 710/419/525 227/420/188 699/421/517
f 906/422/682 722/423/532 232/424/192 713/425/527
f 905/426/681 724/427/533 237/428/195 720/429/531
f 903/430/679 725/431/534 233/432/193 715/433/529
f 170/434/145 855/435/642 857/436/644
f 170/437/145 857/438/644 859/439/646
f 899/440/677 738/441/543 239/442/197 728/443/537
f 898/444/676 740/445/544 240/446/198 729/447/538
f 896/448/674 744/449/200 242/450/200 730/451/539
f 893/452/671 754/453/553 254/454/210 751/455/553
f 890/456/669 758/457/557 252/458/209 749/459/551
f 889/460/668 759/461/558 250/462/207 747/463/549
f 888/464/667 761/465/559 251/466/208 748/467/550
f 886/468/666 775/469/570 261/470/216 769/471/566
f 250/462/207 860/472/647 776/473/571
f 884/474/665 776/473/571 255/475/211 763/476/560
f 883/477/664 778/478/572 256/479/212 764/480/561
f 880/481/662 781/482/573 258/483/213 766/484/563
f 879/485/661 783/486/574 259/487/214 767/488/564
f 877/489/575 784/490/575 262/491/217 773/492/568
f 876/493/659 789/494/579 265/495/220 798/496/588
f 873/497/657 790/498/580 268/499/222 787/500/578
f 872/501/656 791/502/581 266/503/221 799/504/589
f 870/505/654 863/506/650 2/507/2 270/508/223
f 255/475/211 861/509/648 793/510/583
f 868/511/653 793/510/583 263/9/218 785/512/576
f 866/513/652 794/514/584 264/515/219 796/516/586
f 789/494/579 865/517/651 797/518/587 265/495/220
f 258/483/213 765/519/562 865/517/651 789/494/579
f 764/480/561 256/479/212 794/514/584 866/513/652
f 794/514/584 868/511/653 785/512/576 264/515/219
f 256/479/212 763/476/560 868/511/653 794/514/584
f 763/476/560 255/475/211 793/510/583 868/511/653
f 793/510/583 795/520/585 263/9/218
f 793/510/583 861/509/648 795/520/585
f 861/509/648 52/521/47 795/520/585
f 769/471/566 261/470/216 863/506/650 870/505/654
f 773/492/568 262/491/217 792/522/582 871/523/655
f 863/506/650 872/501/656 799/504/589 2/507/2
f 261/470/216 768/524/565 872/501/656 863/506/650
f 768/524/565 260/525/215 791/502/581 872/501/656
f 262/491/217 772/526/567 873/497/657 792/522/582
f 260/525/215 767/488/564 874/527/658 791/502/581
f 767/488/564 259/487/214 862/528/649 874/527/658
f 790/498/580 875/529/577 786/530/577 268/499/222
f 259/487/214 766/484/563 876/493/659 862/528/649
f 766/484/563 258/483/213 789/494/579 876/493/659
f 775/469/570 878/531/660 768/524/565 261/470/216
f 783/486/574 880/481/662 766/484/563 259/487/214
f 254/454/210 750/532/552 881/533/552 782/534/552
f 781/482/573 882/535/663 765/519/562 258/483/213
f 748/467/550 251/466/208 778/478/572 883/477/664
f 778/478/572 884/474/665 763/476/560 256/479/212
f 251/466/208 747/463/549 884/474/665 778/478/572
f 747/463/549 250/462/207 776/473/571 884/474/665
f 749/459/551 252/458/209 774/536/569 885/537/569
f 776/473/571 861/538/648 255/475/211
f 776/473/571 860/472/647 861/538/648
f 860/472/647 52/539/47 861/538/648
f 734/540/203 245/541/203 762/542/203 887/543/203
f 240/446/198 728/443/537 888/464/667 753/544/554
f 728/443/537 239/442/197 761/465/559 888/464/667
f 761/465/559 889/460/668 747/463/549 251/466/208
f 732/545/202 244/546/202 758/457/557 890/456/669
f 859/547/646 249/548/206 757/549/556
f 759/461/558 860/550/647 250/462/207
f 759/461/558 858/551/645 860/550/647
f 858/551/645 52/552/47 860/550/647
f 249/548/206 736/553/541 891/554/670 757/549/556
f 736/553/541 248/555/205 756/556/205 891/554/670
f 247/557/204 735/558/540 893/452/671 755/559/555
f 729/447/538 240/446/198 753/544/554 894/560/672
f 234/561/194 715/433/529 895/562/673 737/563/542
f 715/433/529 233/432/193 746/564/548 895/562/673
f 746/564/548 896/448/674 730/451/539 243/565/201
f 233/432/193 714/566/528 896/448/674 746/564/548
f 745/567/547 897/568/675 735/558/540 247/557/204
f 238/569/196 720/429/531 897/568/675 745/567/547
f 720/429/531 237/428/195 743/570/546 897/568/675
f 742/571/545 898/444/676 729/447/538 241/572/199
f 232/424/192 712/573/526 898/444/676 742/571/545
f 712/573/526 231/574/191 740/445/544 898/444/676
f 740/445/544 899/440/677 728/443/537 240/446/198
f 856/575/643 52/576/47 858/577/645
f 716/578/530 234/561/194 737/563/542 900/579/530
f 225/412/187 696/409/514 901/580/678 727/581/536
f 696/409/514 224/408/186 726/582/535 901/580/678
f 854/583/641 52/584/47 856/585/643
f 224/408/186 695/586/513 902/587/513 726/582/535
f 694/398/512 223/397/185 725/431/534 903/430/679
f 725/431/534 904/588/680 714/566/528 233/432/193
f 699/421/517 227/420/188 724/427/533 905/426/681
f 693/417/511 222/416/184 722/423/532 906/422/682
f 702/589/519 907/418/683 699/421/517 228/590/189
f 219/387/182 683/591/503 907/418/683 702/589/519
f 710/419/525 909/592/685 698/593/516 227/420/188
f 682/594/181 218/595/181 708/596/181 909/592/685
f 709/415/524 910/597/686 692/598/510 222/416/184
f 213/599/178 680/600/501 910/597/686 709/415/524
f 679/384/500 211/383/177 707/601/523 911/602/687
f 211/383/177 678/603/499 913/604/688 707/601/523
f 706/411/522 914/406/689 696/409/514 225/412/187
f 852/605/639 52/606/47 854/607/641
f 685/608/183 220/609/183 701/400/518 915/399/690
f 216/610/180 681/611/502 916/395/691 703/612/180
f 681/611/502 215/613/179 704/396/520 916/395/691
f 687/382/506 917/614/692 678/603/499 211/383/177
f 208/375/174 664/615/490 918/616/693 686/617/505
f 691/391/509 850/390/637 852/618/639
f 850/390/637 52/619/47 852/618/639
f 689/386/508 922/620/694 683/591/503 219/387/182
f 210/621/176 667/380/493 922/620/694 689/386/508
f 688/622/507 924/623/507 680/600/501 213/599/178
f 661/624/173 207/625/173 687/382/506 925/381/695
f 665/376/491 208/375/174 686/617/505 926/626/696
f 671/627/495 927/377/697 667/380/493 210/621/176
f 648/628/482 204/629/170 677/378/498 927/377/697
f 677/378/498 928/630/492 666/631/492 209/379/175
f 673/374/497 931/632/699 664/615/490 208/375/174
f 672/369/496 850/633/637 206/389/172
f 672/369/496 848/368/635 850/633/637
f 848/368/635 52/634/47 850/633/637
f 649/635/483 205/636/171 670/637/494 932/638/494
f 644/639/131 199/640/168 669/641/131 933/642/168
f 651/643/484 848/644/635 196/645/166
f 651/643/484 846/646/633 848/644/635
f 846/646/633 52/647/47 848/644/635
f 632/648/474 195/649/165 659/357/489 935/356/700
f 195/649/165 631/344/473 936/650/701 659/357/489
f 631/344/473 194/343/164 658/651/488 936/650/701
f 627/652/470 190/653/161 657/654/487 937/655/470
f 194/343/164 630/340/472 938/352/702 658/651/488
f 630/340/472 193/339/163 656/353/486 938/352/702
f 657/654/487 939/656/703 643/657/167 198/658/167
f 190/653/161 626/351/469 939/656/703 657/654/487
f 626/351/469 189/350/160 655/659/485 939/656/703
f 193/339/163 629/660/471 940/661/471 656/353/486
f 641/349/481 943/662/468 625/663/468 189/350/160
f 183/328/156 612/664/459 945/665/480 640/666/480
f 847/347/634 845/346/632 637/667/479
f 845/346/632 186/668/159 637/667/479
f 844/669/631 52/670/47 846/671/633
f 611/333/458 181/332/154 635/672/477 947/673/477
f 636/674/478 948/341/705 631/344/473 195/649/165
f 615/675/462 185/676/158 633/342/475 948/341/705
f 635/672/477 949/677/162 627/652/470 191/678/162
f 633/342/475 950/337/706 630/340/472 194/343/164
f 185/676/158 614/679/461 950/337/706 633/342/475
f 614/679/461 184/680/157 634/338/476 950/337/706
f 845/336/632 624/681/467 186/668/159
f 845/336/632 843/335/630 624/681/467
f 843/335/630 179/682/153 624/681/467
f 842/683/629 52/684/47 844/685/631
f 176/686/150 601/314/450 951/687/707 616/688/463
f 601/314/450 175/313/149 623/689/466 951/687/707
f 623/689/466 952/330/708 611/333/458 182/690/155
f 175/313/149 600/310/449 952/330/708 623/689/466
f 600/310/449 174/309/148 622/331/465 952/330/708
f 178/691/152 602/321/451 953/326/709 620/692/152
f 602/321/451 177/320/151 618/327/464 953/326/709
f 618/327/464 955/693/710 612/664/459 183/328/156
f 603/694/452 957/322/711 598/325/447 173/695/147
f 165/305/141 585/696/441 957/322/711 603/694/452
f 167/697/142 588/698/142 959/699/142 609/319/457
f 843/317/630 606/700/455 179/682/153
f 843/317/630 591/316/443 606/700/455
f 591/316/443 169/701/144 606/700/455
f 841/702/628 52/703/47 842/704/629
f 607/705/456 960/311/712 601/314/450 176/686/150
f 605/312/454 961/307/713 600/310/449 175/313/149
f 604/308/453 962/706/448 599/707/448 174/309/148
f 596/708/143 966/709/143 589/710/143 168/711/143
f 595/304/446 967/712/714 585/696/441 165/305/141
f 569/299/433 157/298/136 594/713/445 968/714/445
f 591/302/443 592/715/444 169/701/144
f 591/302/443 840/301/627 592/715/444
f 840/301/627 163/716/140 592/715/444
f 839/717/626 52/718/47 841/719/628
f 154/720/133 556/276/422 971/721/715 577/282/436
f 582/293/439 974/722/434 572/723/434 160/294/137
f 840/291/627 581/724/438 163/716/140
f 840/291/627 838/290/625 581/724/438
f 838/290/625 156/725/135 581/724/438
f 837/726/624 52/727/47 839/728/626
f 559/280/425 155/279/134 579/286/437 975/285/716
f 155/279/134 558/729/424 976/730/424 579/286/437
f 557/731/423 154/720/133 577/282/436 977/281/717
f 567/732/421 980/733/131 551/734/421 151/735/131
f 566/736/431 982/273/718 556/276/422 154/720/133
f 145/737/126 536/253/411 982/273/718 566/736/431
f 536/253/411 144/252/125 565/274/430 982/273/718
f 838/272/625 561/738/427 156/725/135
f 838/272/625 836/271/623 561/738/427
f 836/271/623 148/739/129 561/738/427
f 564/269/429 837/740/624 149/741/130
f 564/269/429 835/268/622 837/740/624
f 835/268/622 52/742/47 837/740/624
f 534/261/410 143/260/124 563/743/428 985/744/428
f 561/738/427 986/745/426 560/746/426 156/725/135
f 515/245/398 131/244/113 549/263/420 987/747/719
f 521/242/402 136/241/118 548/748/419 988/749/720
f 836/266/623 547/750/418 148/739/129
f 836/266/623 834/265/621 547/750/418
f 834/265/621 140/751/122 547/750/418
f 549/263/420 835/752/622 141/267/123
f 549/263/420 833/262/620 835/752/622
f 833/262/620 52/753/47 835/752/622
f 136/241/118 520/233/401 989/258/721 548/748/419
f 520/233/401 135/232/117 546/259/417 989/258/721
f 135/232/117 519/754/400 990/755/722 546/259/417
f 519/754/400 134/756/116 545/757/416 990/755/722
f 134/756/116 518/758/399 991/759/723 545/757/416
f 518/758/399 133/760/115 543/761/115 991/759/723
f 544/762/415 992/254/724 537/257/412 147/763/128
f 139/764/121 524/765/121 992/254/724 544/762/415
f 523/766/120 138/767/120 538/768/413 993/769/120
f 538/768/413 994/250/725 536/253/411 145/737/126
f 504/217/388 129/216/111 530/770/409 996/771/409
f 531/772/114 997/773/114 516/774/114 132/775/114
f 498/229/385 125/228/109 528/235/407 999/243/726
f 529/247/408 1000/239/727 521/242/402 137/248/119
f 503/226/387 128/225/110 527/240/406 1000/239/727
f 834/238/621 526/776/405 140/751/122
f 834/238/621 832/237/619 526/776/405
f 832/237/619 130/777/112 526/776/405
f 528/235/407 833/778/620 131/244/113
f 528/235/407 831/234/618 833/778/620
f 831/234/618 52/779/47 833/778/620
f 527/240/406 1001/230/728 520/233/401 136/241/118
f 128/225/110 502/780/386 1001/230/728 527/240/406
f 525/231/404 1002/781/729 519/754/400 135/232/117
f 118/782/102 484/209/373 1003/227/730 507/783/391
f 484/209/373 117/208/101 514/219/397 1003/227/730
f 832/222/619 512/784/395 130/777/112
f 832/222/619 830/221/617 512/784/395
f 830/221/617 124/785/108 512/784/395
f 514/219/397 831/786/618 125/228/109
f 514/219/397 829/218/616 831/786/618
f 829/218/616 52/787/47 831/786/618
f 513/224/396 1005/788/732 502/780/386 128/225/110
f 123/789/107 488/200/377 1005/788/732 513/224/396
f 512/784/395 1006/790/733 505/791/389 130/777/112
f 124/785/108 490/792/378 1006/790/733 512/784/395
f 121/793/105 487/213/376 1007/794/734 510/795/394
f 487/213/376 120/212/104 509/796/393 1007/794/734
f 120/212/104 486/797/375 1008/798/735 509/796/393
f 486/797/375 119/799/103 506/800/390 1008/798/735
f 119/799/103 485/801/374 1010/802/736 506/800/390
f 485/801/374 118/782/102 507/783/391 1010/802/736
f 476/803/99 115/804/99 496/805/99 1011/806/99
f 497/807/384 1012/210/737 487/213/376 121/793/105
f 112/808/96 471/809/366 1012/210/737 497/807/384
f 471/809/366 111/810/95 495/211/383 1012/210/737
f 495/211/383 1013/811/738 486/797/375 120/212/104
f 111/810/95 470/812/365 1013/811/738 495/211/383
f 494/813/382 1014/207/739 484/209/373 118/782/102
f 830/206/617 492/814/380 124/785/108
f 830/206/617 828/205/615 492/814/380
f 828/205/615 116/815/100 492/814/380
f 493/203/381 829/816/616 117/208/101
f 493/203/381 827/202/614 829/816/616
f 827/202/614 52/817/47 829/816/616
f 473/818/368 113/819/97 491/198/379 1015/197/740
f 113/819/97 472/820/367 1016/821/367 491/198/379
f 828/196/615 481/822/371 116/815/100
f 828/196/615 826/195/613 481/822/371
f 826/195/613 109/823/93 481/822/371
f 483/193/372 827/824/614 110/201/94
f 483/193/372 825/192/612 827/824/614
f 825/192/612 52/825/47 827/824/614
f 480/826/370 1019/827/370 471/809/366 112/808/96
f 465/828/361 106/829/91 479/830/91 1020/831/91
f 477/832/369 1022/833/741 474/834/98 114/835/98
f 105/836/90 464/837/360 1022/833/741 477/832/369
f 469/838/364 1023/839/742 465/828/361 107/840/92
f 102/841/88 454/842/352 1023/839/742 469/838/364
f 467/843/363 1025/844/363 464/837/360 105/836/90
f 826/190/613 466/845/362 109/823/93
f 826/190/613 824/189/611 466/845/362
f 823/846/610 52/847/47 825/848/612
f 91/849/79 437/850/338 1027/851/743 456/852/354
f 821/853/608 52/854/47 823/855/610
f 436/856/337 90/857/78 462/858/359 1028/859/337
f 90/857/78 435/165/336 1029/860/744 462/858/359
f 435/165/336 89/164/77 461/861/358 1029/860/744
f 89/164/77 434/862/335 1030/863/745 461/861/358
f 95/864/83 441/161/342 1031/865/746 460/866/357
f 441/161/342 94/160/82 459/867/356 1031/865/746
f 459/867/356 1032/868/747 454/842/352 102/841/88
f 94/160/82 440/176/341 1032/868/747 459/867/356
f 440/176/341 93/175/81 458/869/355 1032/868/747
f 93/175/81 439/870/340 1034/177/748 458/869/355
f 439/870/340 92/871/80 455/178/353 1034/177/748
f 92/871/80 438/872/339 1035/873/749 455/178/353
f 438/872/339 91/849/79 456/852/354 1035/873/749
f 444/159/345 1036/173/750 440/176/341 94/160/82
f 86/145/74 421/874/326 1036/173/750 444/159/345
f 421/874/326 85/875/73 451/174/351 1036/173/750
f 451/174/351 1038/876/751 439/870/340 93/175/81
f 85/875/73 420/877/325 1038/876/751 451/174/351
f 450/878/350 1039/879/350 437/850/338 91/849/79
f 822/172/609 449/880/349 97/881/85
f 822/172/609 820/171/607 449/880/349
f 820/171/607 88/882/76 449/880/349
f 819/883/606 52/884/47 821/885/608
f 449/880/349 1040/166/752 442/169/343 97/881/85
f 88/882/76 424/150/329 1040/166/752 449/880/349
f 424/150/329 87/149/75 447/167/347 1040/166/752
f 448/886/348 1041/162/753 435/165/336 90/857/78
f 84/153/72 417/887/323 1041/162/753 448/886/348
f 87/149/75 423/888/328 1042/889/754 447/167/347
f 445/163/346 1043/890/755 434/862/335 89/164/77
f 443/891/344 1044/158/756 441/161/342 95/864/83
f 422/146/327 86/145/74 444/159/345 1044/158/756
f 428/157/331 817/156/604 819/892/606
f 817/156/604 52/893/47 819/892/606
f 425/894/330 1046/147/757 424/150/329 88/882/76
f 81/895/71 407/134/316 1046/147/757 425/894/330
f 407/134/316 80/133/70 431/148/333 1046/147/757
f 432/152/334 1047/896/758 417/887/323 84/153/72
f 431/148/333 1048/897/759 423/888/328 87/149/75
f 406/898/315 79/899/69 430/144/332 1049/143/760
f 820/142/607 425/894/330 88/882/76
f 820/142/607 818/141/605 425/894/330
f 818/141/605 81/895/71 425/894/330
f 410/900/319 1052/901/761 402/902/66 74/903/66
f 64/904/59 385/122/302 1052/901/761 410/900/319
f 415/905/67 1054/906/67 404/907/67 77/908/67
f 384/118/301 62/117/57 414/136/322 1055/909/762
f 818/139/605 412/910/321 81/895/71
f 818/139/605 816/138/603 412/910/321
f 816/138/603 71/911/64 412/910/321
f 414/136/322 817/912/604 72/155/65
f 414/136/322 815/135/602 817/912/604
f 815/135/602 52/913/47 817/912/604
f 412/910/321 1058/131/763 407/134/316 81/895/71
f 71/911/64 390/914/305 1058/131/763 412/910/321
f 390/914/305 70/915/63 411/132/320 1058/131/763
f 386/916/303 64/904/59 410/900/319 1059/917/303
f 408/918/317 1060/127/764 405/130/314 79/899/69
f 68/919/61 388/126/304 1060/127/764 408/918/317
f 388/126/304 67/125/60 409/128/318 1060/127/764
f 393/920/307 1061/921/765 390/914/305 71/911/64
f 61/922/56 371/923/289 1061/921/765 393/920/307
f 400/924/313 1064/925/766 389/926/62 69/927/62
f 60/928/55 370/929/288 1064/925/766 400/924/313
f 398/930/312 1066/119/768 385/122/302 64/904/59
f 56/931/51 366/94/285 1066/119/768 398/930/312
f 366/94/285 55/93/50 396/120/310 1066/119/768
f 59/932/54 369/110/287 1067/933/769 397/124/311
f 55/93/50 365/106/284 1068/934/770 396/120/310
f 365/106/284 54/105/49 395/935/309 1068/934/770
f 54/105/49 364/102/283 1069/116/771 395/935/309
f 364/102/283 53/101/48 392/112/306 1069/116/771
f 57/936/52 368/937/286 1070/938/308 394/939/308
f 816/115/603 393/920/307 71/911/64
f 816/115/603 814/114/601 393/920/307
f 814/114/601 61/922/56 393/920/307
f 392/112/306 815/940/602 62/117/57
f 392/112/306 363/111/282 815/940/602
f 363/111/282 52/941/47 815/940/602
f 374/942/292 1071/107/772 369/110/287 59/932/54
f 49/943/45 350/86/272 1071/107/772 374/942/292
f 350/86/272 48/85/44 383/108/300 1071/107/772
f 373/92/291 1072/103/773 365/106/284 55/93/50
f 44/944/40 344/945/267 1072/103/773 373/92/291
f 344/945/267 43/946/39 382/104/299 1072/103/773
f 48/85/44 349/947/271 1073/948/774 383/108/300
f 382/104/299 1074/100/775 364/102/283 54/105/49
f 43/946/39 343/82/266 1074/100/775 382/104/299
f 343/82/266 42/81/38 380/96/297 1074/100/775
f 381/949/298 1075/950/776 368/937/286 57/936/52
f 348/79/270 47/78/43 379/951/296 1075/950/776
f 814/99/601 378/952/295 61/922/56
f 814/99/601 813/98/600 378/952/295
f 813/98/600 51/953/46 378/952/295
f 380/96/297 363/954/282 53/101/48
f 380/96/297 812/95/599 363/954/282
f 812/95/599 52/955/47 363/954/282
f 378/952/295 1076/956/777 371/923/289 61/922/56
f 51/953/46 351/957/273 1076/956/777 378/952/295
f 347/958/269 46/959/42 376/960/294 1077/961/269
f 46/959/42 346/90/268 1078/962/778 376/960/294
f 375/963/293 1079/964/293 370/929/288 60/928/55
f 372/965/290 1080/91/779 366/94/285 56/931/51
f 362/966/281 1082/87/780 346/90/268 46/959/42
f 38/967/34 332/60/256 1083/968/781 360/969/280
f 332/60/256 37/59/33 359/970/279 1083/968/781
f 328/971/31 34/972/31 358/973/31 1084/974/31
f 359/970/279 1085/83/782 350/86/272 49/943/45
f 357/84/278 1086/975/783 349/947/271 48/85/44
f 356/976/277 1087/80/784 343/82/266 43/946/39
f 33/977/30 327/73/255 1087/80/784 356/976/277
f 327/73/255 32/72/29 354/75/276 1087/80/784
f 36/978/32 331/979/32 1088/76/785 355/980/32
f 813/981/600 352/982/274 51/953/46
f 354/75/276 812/983/599 42/81/38
f 354/75/276 811/74/598 812/983/599
f 811/74/598 52/984/47 812/983/599
f 352/982/274 1089/985/786 351/957/273 51/953/46
f 41/986/37 334/68/258 1089/985/786 352/982/274
f 305/48/241 24/47/21 342/987/265 1090/988/787
f 342/987/265 1091/71/788 327/73/255 33/977/30
f 24/47/21 304/44/240 1091/71/788 342/987/265
f 304/44/240 23/43/20 341/70/264 1091/71/788
f 341/70/264 811/989/598 32/72/29
f 341/70/264 810/69/597 811/989/598
f 810/69/597 52/990/47 811/989/598
f 340/991/263 1092/65/789 334/68/258 41/986/37
f 313/35/247 31/34/28 339/66/262 1092/65/789
f 339/66/262 1093/61/790 333/64/257 40/67/36
f 337/992/261 1095/57/791 332/60/256 38/967/34
f 29/51/26 311/993/245 1095/57/791 337/992/261
f 311/993/245 28/994/25 335/58/259 1095/57/791
f 25/995/22 306/996/242 1096/997/260 336/998/260
f 22/999/19 294/1000/233 1097/1001/233 316/33/248
f 326/1002/27 1099/49/792 312/52/246 30/1003/27
f 288/1004/231 17/1005/14 323/1006/253 1100/1007/231
f 324/50/254 1101/1008/793 311/993/245 29/51/26
f 21/1009/18 293/1010/232 1101/1008/793 324/50/254
f 323/1006/253 1102/1011/794 306/996/242 25/995/22
f 17/1005/14 287/1012/230 1102/1011/794 323/1006/253
f 287/1012/230 16/1013/13 322/1014/252 1102/1011/794
f 16/1013/13 286/22/229 1103/45/795 322/1014/252
f 286/22/229 15/21/12 320/46/251 1103/45/795
f 320/46/251 1105/42/796 304/44/240 24/47/21
f 15/21/12 285/31/228 1105/42/796 320/46/251
f 285/31/228 14/30/11 318/37/250 1105/42/796
f 19/1015/16 291/1016/16 1106/38/797 319/1017/16
f 318/37/250 810/1018/597 23/43/20
f 318/37/250 809/36/596 810/1018/597
f 809/36/596 52/1019/47 810/1018/597
f 317/39/249 1107/1020/798 308/1021/243 27/40/24
f 290/1022/15 18/1023/15 314/1024/15 1107/1020/798
f 295/1025/234 22/999/19 316/33/248 1108/32/799
f 297/20/236 1110/29/800 285/31/228 15/21/12
f 6/17/6 272/14/224 1110/29/800 297/20/236
f 272/14/224 5/13/5 303/28/239 1110/29/800
f 303/28/239 809/1026/596 14/30/11
f 303/28/239 802/27/590 809/1026/596
f 802/27/590 52/1027/47 809/1026/596
f 275/1028/7 7/1029/7 301/1030/7 1114/1031/7
f 300/1032/238 1116/1033/238 293/1010/232 21/1009/18
f 279/1034/9 11/1035/9 299/24/237 1117/23/801
f 296/1036/235 1118/19/802 286/22/229 16/1013/13
f 273/18/225 6/17/6 297/20/236 1118/19/802
f 4/1037/4 801/1038/4 1119/1039/4 282/1040/4
f 1/1041/1 796/516/586 1120/15/803 281/1042/226
f 796/516/586 264/515/219 808/16/595 1120/15/803
f 808/16/595 1122/12/804 272/14/224 6/17/6
f 264/515/219 785/512/576 1122/12/804 808/16/595
f 785/512/576 263/9/218 807/11/594 1122/12/804
f 807/11/594 802/1043/590 5/13/5
f 807/11/594 795/10/585 802/1043/590
f 795/10/585 52/1044/47 802/1043/590
f 3/1045/3 270/508/223 1123/1046/805 284/1047/3
f 270/508/223 2/507/2 283/1048/227 1123/1046/805
f 2/507/2 799/504/589 1124/5/806 283/1048/227
f 799/504/589 266/503/221 805/6/593 1124/5/806
f 787/500/578 268/499/222 804/2/592 1125/1/807
f 798/496/588 265/495/220 803/1049/591 1126/1050/808
f 265/495/220 797/518/587 1127/1051/809 803/1049/591
f 797/518/587 1/1041/1 281/1042/226 1127/1051/809
l 275 8
l 277 10
l 278 11
l 302 13
l 321 20
l 338 30
l 345 45
l 391 65
l 416 83
l 429 73
l 432 76
l 456 100
l 467 101
l 468 98
l 475 115
l 517 133
l 532 142
l 541 142
l 552 152
l 555 153
l 568 147
l 571 158
l 578 151
l 580 152
l 583 150
l 584 164
l 590 169
l 593 166
l 597 159
l 607 166
l 608 164
l 617 171
l 619 172
l 639 180
l 644 200
l 645 201
l 647 202
l 650 187
l 652 192
l 653 188
l 674 197
l 675 203
l 679 212
l 684 220
l 686 217
l 697 226
l 706 217
l 711 214
l 718 236
l 719 237
l 723 231
l 731 244
l 733 245
l 734 246
l 738 230
l 741 236
l 764 257
l 779 253
l 800 267
l 806 269
l 3 271
l 9 277
l 10 278
l 9 284
l 35 330
l 44 358
l 50 360
l 66 387
l 68 389
l 66 394
l 73 402
l 82 429
l 83 446
l 103 460
l 127 501
l 126 510
l 127 511
l 132 541
l 151 552
l 152 553
l 158 578
l 159 580
l 164 594
l 171 608
l 180 617
l 184 621
l 188 625
l 187 639
l 192 640
l 197 642
l 201 646
l 197 650
l 202 652
l 203 654
l 207 674
l 212 680
l 216 690
l 221 707
l 235 717
l 236 719
l 238 721
l 235 727
l 245 739
l 246 741
l 253 762
l 257 765
l 267 801
l 13 806
l 867 800
l 770 867
l 864 867
l 869 271
l 869 864
l 788 875
l 752 877
l 881 771
l 780 881
l 885 777
l 886 774
l 890 760
l 891 752
l 730 892
l 900 731
l 902 716
l 908 711
l 691 917
l 663 919
l 690 919
l 920 685
l 668 920
l 923 682
l 666 923
l 662 924
l 675 928
l 647 929
l 930 674
l 672 930
l 646 931
l 932 668
l 628 934
l 654 940
l 941 654
l 652 941
l 639 944
l 638 946
l 954 619
l 617 954
l 589 956
l 587 961
l 963 587
l 597 963
l 596 964
l 571 965
l 574 966
l 570 967
l 969 588
l 573 969
l 970 570
l 550 970
l 555 973
l 554 974
l 576 976
l 977 576
l 978 553
l 978 563
l 533 980
l 981 550
l 532 983
l 984 554
l 535 984
l 562 984
l 985 562
l 988 535
l 993 542
l 500 995
l 531 995
l 499 997
l 998 530
l 501 1002
l 1008 500
l 1010 499
l 1011 489
l 1017 473
l 1017 482
l 1020 475
l 463 1021
l 478 1022
l 1024 463
l 1024 468
l 433 1033
l 1037 433
l 443 1042
l 446 1043
l 1045 427
l 1050 419
l 404 1050
l 426 1050
l 403 1051
l 1051 426
l 427 1051
l 1053 409
l 415 1053
l 387 1054
l 1056 403
l 413 1056
l 1057 413
l 400 1062
l 367 1063
l 1063 401
l 399 1063
l 381 1073
l 1077 377
l 1078 367
l 333 1081
l 329 1082
l 355 1086
l 1094 329
l 307 1094
l 1096 328
l 326 1097
l 289 1098
l 1098 315
l 1100 325
l 1104 310
l 1104 321
l 319 1104
l 1109 314
l 315 1109
l 1111 295
l 1111 302
l 276 1112
l 1113 294
l 280 1113
l 1114 289
l 1115 288
l 1115 301
l 298 1116
l 1117 298
l 1119 279
l 1121 278
l 800 1121
l 1127 274
o Sphere.001
v 0.000190 2.316454 0.546611
v 0.014233 2.048496 0.814937
v 0.032581 1.698392 0.960153
v 0.042511 1.508917 0.978841
v 0.052441 1.319443 0.960153
v 0.070789 0.969339 0.814937
v -0.044375 2.459535 0.192381
v -0.077023 2.402404 0.371319
v -0.105077 2.310937 0.536229
v -0.127459 2.188649 0.680774
v -0.143310 2.040240 0.799399
v -0.152019 1.871412 0.887545
v -0.153253 1.688653 0.941825
v -0.146964 1.498987 0.960153
v -0.133393 1.309703 0.941825
v -0.113063 1.128075 0.887545
v -0.086753 0.961082 0.799399
v -0.055477 0.815142 0.680774
v -0.020434 0.695864 0.536229
v 0.017027 0.607831 0.371319
v 0.055468 0.554426 0.192381
v -0.079919 2.457672 0.181584
v -0.146745 2.398750 0.350140
v -0.206298 2.305633 0.505481
v -0.256289 2.181898 0.641640
v -0.294798 2.032300 0.753382
v -0.320344 1.862590 0.836414
v -0.331946 1.679288 0.887545
v -0.329157 1.489439 0.904810
v -0.312086 1.300339 0.887545
v -0.281387 1.119253 0.836414
v -0.238242 0.953143 0.753382
v -0.184307 0.808391 0.641640
v -0.121656 0.690559 0.505481
v -0.052695 0.604177 0.350140
v 0.019923 0.552563 0.181584
v -0.112677 2.455955 0.164050
v -0.211002 2.395383 0.315747
v -0.299584 2.300744 0.455551
v -0.375020 2.175675 0.578090
v -0.434410 2.024984 0.678655
v -0.475473 1.854460 0.753382
v -0.496630 1.670658 0.799399
v -0.497068 1.480639 0.814936
v -0.476770 1.291708 0.799399
v -0.436516 1.111124 0.753382
v -0.377854 0.945826 0.678655
v -0.303038 0.802168 0.578090
v -0.214942 0.685670 0.455551
v -0.116952 0.600809 0.315747
v -0.012834 0.550846 0.164050
v -0.141389 2.454450 0.140454
v -0.267323 2.392431 0.269461
v -0.381350 2.296458 0.388355
v -0.479088 2.170221 0.492566
v -0.556782 2.018571 0.578090
v -0.611445 1.847334 0.641640
v -0.640977 1.663093 0.680774
v -0.644243 1.472926 0.693987
v -0.621117 1.284143 0.680774
v -0.572488 1.103997 0.641640
v -0.500225 0.939413 0.578090
v -0.407106 0.796714 0.492566
v -0.296708 0.681385 0.388355
v -0.173273 0.597857 0.269461
v -0.041547 0.549341 0.140454
v -0.164953 2.453216 0.111703
v -0.313545 2.390008 0.213063
v -0.448453 2.292942 0.306477
v -0.564495 2.165745 0.388355
v -0.657209 2.013308 0.455550
v -0.723034 1.841486 0.505481
v -0.759439 1.656884 0.536229
v -0.765026 1.466596 0.546611
v -0.739579 1.277935 0.536229
v -0.684077 1.098149 0.505481
v -0.600653 0.934150 0.455550
v -0.492512 0.792238 0.388355
v -0.363811 0.677868 0.306477
v -0.219495 0.595435 0.213063
v -0.065110 0.548106 0.111703
v -0.008388 2.480134 0.006292
v -0.182462 2.452298 0.078900
v -0.347890 2.388209 0.148718
v -0.498316 2.290329 0.213063
v -0.627958 2.162419 0.269461
v -0.731834 2.009397 0.315746
v -0.805952 1.837141 0.350140
v -0.847464 1.652271 0.371318
v -0.854776 1.461893 0.378470
v -0.827605 1.273321 0.371318
v -0.766995 1.093804 0.350140
v -0.675277 0.930239 0.315746
v -0.555975 0.788912 0.269461
v -0.413674 0.675255 0.213063
v -0.253841 0.593635 0.148718
v -0.082620 0.547189 0.078900
v -0.193244 2.451733 0.043307
v -0.369041 2.387100 0.078900
v -0.529021 2.288719 0.111703
v -0.667038 2.160371 0.140454
v -0.777787 2.006988 0.164050
v -0.857013 1.834465 0.181584
v -0.901670 1.649430 0.192381
v -0.910043 1.458996 0.196026
v -0.881810 1.270481 0.192381
v -0.818056 1.091128 0.181584
v -0.721231 0.927831 0.164050
v -0.595055 0.786864 0.140454
v -0.444379 0.673646 0.111703
v -0.274991 0.592527 0.078900
v -0.093402 0.546624 0.043307
v -0.196885 2.451542 0.006291
v -0.376182 2.386726 0.006291
v -0.539389 2.288176 0.006291
v -0.680234 2.159680 0.006292
v -0.793304 2.006175 0.006291
v -0.874254 1.833561 0.006292
v -0.919973 1.648471 0.006291
v -0.928705 1.458018 0.006291
v -0.900113 1.269521 0.006291
v -0.835297 1.090224 0.006292
v -0.736747 0.927017 0.006291
v -0.608251 0.786173 0.006292
v -0.454746 0.673103 0.006291
v -0.282132 0.592152 0.006291
v -0.097042 0.546433 0.006291
v -0.193244 2.451733 -0.030724
v -0.369041 2.387100 -0.066317
v -0.529021 2.288719 -0.099120
v -0.667038 2.160371 -0.127871
v -0.777787 2.006988 -0.151467
v -0.857013 1.834465 -0.169001
v -0.901670 1.649430 -0.179798
v -0.910043 1.458996 -0.183444
v -0.881810 1.270481 -0.179798
v -0.818056 1.091128 -0.169001
v -0.721231 0.927831 -0.151467
v -0.595055 0.786864 -0.127871
v -0.444379 0.673646 -0.099120
v -0.274991 0.592527 -0.066317
v -0.093402 0.546624 -0.030724
v -0.182462 2.452298 -0.066317
v -0.347890 2.388209 -0.136135
v -0.498316 2.290329 -0.200480
v -0.627958 2.162419 -0.256878
v -0.731834 2.009397 -0.303164
v -0.805952 1.837141 -0.337556
v -0.847464 1.652271 -0.358736
v -0.854775 1.461893 -0.365887
v -0.827604 1.273321 -0.358736
v -0.766995 1.093804 -0.337556
v -0.675277 0.930239 -0.303164
v -0.555975 0.788912 -0.256878
v -0.413673 0.675255 -0.200480
v -0.253841 0.593635 -0.136135
v -0.082620 0.547189 -0.066317
v -0.164953 2.453216 -0.099120
v -0.313545 2.390009 -0.200480
v -0.448453 2.292942 -0.293894
v -0.564495 2.165745 -0.375772
v -0.657209 2.013308 -0.442968
v -0.723034 1.841486 -0.492898
v -0.759439 1.656884 -0.523646
v -0.765025 1.466596 -0.534028
v -0.739579 1.277935 -0.523646
v -0.684077 1.098149 -0.492898
v -0.600653 0.934150 -0.442968
v -0.492512 0.792238 -0.375772
v -0.363811 0.677868 -0.293894
v -0.219495 0.595435 -0.200480
v -0.065110 0.548106 -0.099120
v -0.141389 2.454450 -0.127871
v -0.267323 2.392431 -0.256878
v -0.381350 2.296458 -0.375772
v -0.479088 2.170221 -0.479983
v -0.556782 2.018571 -0.565507
v -0.611445 1.847334 -0.629057
v -0.640976 1.663093 -0.668191
v -0.644242 1.472926 -0.681404
v -0.621117 1.284143 -0.668191
v -0.572488 1.103997 -0.629057
v -0.500225 0.939413 -0.565507
v -0.407106 0.796714 -0.479983
v -0.296707 0.681385 -0.375772
v -0.173273 0.597857 -0.256878
v -0.041547 0.549341 -0.127871
v -0.112677 2.455955 -0.151467
v -0.211002 2.395383 -0.303164
v -0.299584 2.300744 -0.442967
v -0.375020 2.175675 -0.565507
v -0.434410 2.024984 -0.666072
v -0.475473 1.854460 -0.740799
v -0.496630 1.670658 -0.786815
v -0.497067 1.480639 -0.802353
v -0.476770 1.291708 -0.786815
v -0.436516 1.111124 -0.740799
v -0.377854 0.945826 -0.666072
v -0.303038 0.802168 -0.565507
v -0.214941 0.685670 -0.442967
v -0.116952 0.600809 -0.303164
v -0.012834 0.550846 -0.151467
v -0.079919 2.457672 -0.169001
v -0.146745 2.398750 -0.337556
v -0.206298 2.305633 -0.492898
v -0.256289 2.181898 -0.629057
v -0.294798 2.032301 -0.740799
v -0.320344 1.862590 -0.823831
v -0.331945 1.679288 -0.874962
v -0.329157 1.489439 -0.892226
v -0.312086 1.300339 -0.874962
v -0.281387 1.119253 -0.823831
v -0.238242 0.953143 -0.740799
v -0.184307 0.808391 -0.629057
v -0.121655 0.690559 -0.492898
v -0.052695 0.604177 -0.337556
v 0.019923 0.552563 -0.169001
v -0.044375 2.459535 -0.179798
v -0.077023 2.402404 -0.358736
v -0.105077 2.310937 -0.523646
v -0.127459 2.188649 -0.668191
v -0.143310 2.040240 -0.786815
v -0.152019 1.871412 -0.874962
v -0.153253 1.688653 -0.929242
v -0.146963 1.498988 -0.947570
v -0.133393 1.309703 -0.929242
v -0.113063 1.128075 -0.874962
v -0.086753 0.961082 -0.786815
v -0.055477 0.815142 -0.668191
v -0.020434 0.695864 -0.523646
v 0.017027 0.607831 -0.358736
v 0.055468 0.554426 -0.179798
v -0.007410 2.461472 -0.183443
v -0.004514 2.406204 -0.365887
v 0.000190 2.316454 -0.534028
v 0.006520 2.195671 -0.681404
v 0.014233 2.048496 -0.802353
v 0.023033 1.880586 -0.892226
v 0.032581 1.698392 -0.947570
v 0.042511 1.508917 -0.966257
v 0.052441 1.319443 -0.947570
v 0.061989 1.137249 -0.892226
v 0.070789 0.969339 -0.802353
v 0.078502 0.822164 -0.681404
v 0.084832 0.701381 -0.534028
v 0.089536 0.611631 -0.365887
v 0.092432 0.556363 -0.183443
v 0.029554 2.463409 -0.179798
v 0.067995 2.410004 -0.358736
v 0.105456 2.321971 -0.523645
v 0.140499 2.202693 -0.668190
v 0.171776 2.056753 -0.786815
v 0.198085 1.889760 -0.874962
v 0.218415 1.708132 -0.929242
v 0.231986 1.518847 -0.947570
v 0.238275 1.329182 -0.929242
v 0.237041 1.146423 -0.874962
v 0.228332 0.977595 -0.786815
v 0.212481 0.829185 -0.668190
v 0.190099 0.706897 -0.523645
v 0.162045 0.615431 -0.358736
v 0.129397 0.558300 -0.179798
v 0.065099 2.465272 -0.169001
v 0.137718 2.413658 -0.337556
v 0.206678 2.327276 -0.492898
v 0.269329 2.209444 -0.629057
v 0.323264 2.064692 -0.740799
v 0.366409 1.898581 -0.823831
v 0.397108 1.717496 -0.874961
v 0.414179 1.528396 -0.892226
v 0.416968 1.338547 -0.874961
v 0.405366 1.155245 -0.823831
v 0.379820 0.985534 -0.740799
v 0.341311 0.835937 -0.629057
v 0.291320 0.712202 -0.492898
v 0.231767 0.619085 -0.337556
v 0.164941 0.560163 -0.169001
v 0.097856 2.466989 -0.151467
v 0.201974 2.417026 -0.303163
v 0.299964 2.332165 -0.442967
v 0.388060 2.215667 -0.565507
v 0.462876 2.072009 -0.666072
v 0.521538 1.906711 -0.740799
v 0.561792 1.726127 -0.786815
v 0.582090 1.537196 -0.802353
v 0.581652 1.347177 -0.786815
v 0.560495 1.163375 -0.740799
v 0.519432 0.992851 -0.666072
v 0.460042 0.842160 -0.565507
v 0.384606 0.717091 -0.442967
v 0.296024 0.622452 -0.303163
v 0.197699 0.561880 -0.151467
v 0.126569 2.468493 -0.127871
v 0.258295 2.419977 -0.256878
v 0.381730 2.336450 -0.375772
v 0.492128 2.221121 -0.479983
v 0.585247 2.078422 -0.565506
v 0.657510 1.913837 -0.629057
v 0.706139 1.733692 -0.668190
v 0.729264 1.544909 -0.681404
v 0.725999 1.354742 -0.668190
v 0.696467 1.170501 -0.629057
v 0.641804 0.999264 -0.565506
v 0.564110 0.847614 -0.479983
v 0.466372 0.721376 -0.375772
v 0.352345 0.625404 -0.256878
v 0.226411 0.563384 -0.127871
v 0.093410 0.537701 0.006292
v 0.150132 2.469728 -0.099119
v 0.304517 2.422400 -0.200480
v 0.448833 2.339967 -0.293893
v 0.577534 2.225597 -0.375772
v 0.685675 2.083685 -0.442967
v 0.769099 1.919685 -0.492898
v 0.824601 1.739900 -0.523645
v 0.850047 1.551239 -0.534027
v 0.844461 1.360951 -0.523645
v 0.808056 1.176349 -0.492898
v 0.742231 1.004527 -0.442967
v 0.649517 0.852089 -0.375772
v 0.533475 0.724893 -0.293893
v 0.398567 0.627826 -0.200480
v 0.249975 0.564619 -0.099119
v 0.167642 2.470646 -0.066317
v 0.338863 2.424200 -0.136135
v 0.498695 2.342580 -0.200479
v 0.640997 2.228923 -0.256878
v 0.760299 2.087596 -0.303163
v 0.852017 1.924031 -0.337556
v 0.912626 1.744514 -0.358735
v 0.939797 1.555942 -0.365886
v 0.932486 1.365564 -0.358735
v 0.890974 1.180694 -0.337556
v 0.816855 1.008438 -0.303163
v 0.712980 0.855415 -0.256878
v 0.583338 0.727506 -0.200479
v 0.432913 0.629626 -0.136135
v 0.267484 0.565537 -0.066317
v 0.178424 2.471211 -0.030724
v 0.360013 2.425308 -0.066317
v 0.529400 2.344189 -0.099119
v 0.680077 2.230971 -0.127871
v 0.806253 2.090004 -0.151467
v 0.903078 1.926707 -0.169001
v 0.966832 1.747354 -0.179797
v 0.995065 1.558839 -0.183443
v 0.986692 1.368405 -0.179797
v 0.942035 1.183370 -0.169001
v 0.862809 1.010847 -0.151467
v 0.752060 0.857464 -0.127871
v 0.614043 0.729115 -0.099119
v 0.454063 0.630735 -0.066317
v 0.278266 0.566102 -0.030724
v 0.182065 2.471402 0.006292
v 0.367154 2.425683 0.006292
v 0.539768 2.344732 0.006292
v 0.693273 2.231662 0.006292
v 0.821769 2.090817 0.006292
v 0.920319 1.927611 0.006292
v 0.985135 1.748314 0.006292
v 1.013726 1.559817 0.006292
v 1.004995 1.369364 0.006292
v 0.959276 1.184274 0.006292
v 0.878326 1.011660 0.006292
v 0.765256 0.858155 0.006292
v 0.624411 0.729659 0.006292
v 0.461204 0.631109 0.006292
v 0.281907 0.566293 0.006292
v 0.178424 2.471211 0.043307
v 0.360013 2.425308 0.078900
v 0.529400 2.344189 0.111703
v 0.680077 2.230971 0.140454
v 0.806253 2.090004 0.164050
v 0.903078 1.926707 0.181584
v 0.966832 1.747354 0.192381
v 0.995065 1.558839 0.196027
v 0.986692 1.368405 0.192381
v 0.942035 1.183370 0.181584
v 0.862809 1.010847 0.164050
v 0.752060 0.857464 0.140454
v 0.614043 0.729115 0.111703
v 0.454063 0.630735 0.078900
v 0.278266 0.566102 0.043307
v 0.167642 2.470646 0.078900
v 0.338863 2.424200 0.148718
v 0.498695 2.342580 0.213063
v 0.640997 2.228923 0.269461
v 0.760299 2.087596 0.315747
v 0.852017 1.924031 0.350139
v 0.912626 1.744514 0.371319
v 0.939797 1.555942 0.378470
v 0.932486 1.365564 0.371319
v 0.890974 1.180694 0.350139
v 0.816855 1.008438 0.315747
v 0.712980 0.855415 0.269461
v 0.583338 0.727506 0.213063
v 0.432912 0.629626 0.148718
v 0.267484 0.565537 0.078900
v 0.150132 2.469728 0.111703
v 0.304517 2.422400 0.213063
v 0.448833 2.339967 0.306477
v 0.577534 2.225597 0.388355
v 0.685675 2.083685 0.455550
v 0.769099 1.919685 0.505481
v 0.824601 1.739900 0.536229
v 0.850047 1.551239 0.546611
v 0.844461 1.360951 0.536229
v 0.808056 1.176349 0.505481
v 0.742231 1.004527 0.455550
v 0.649517 0.852089 0.388355
v 0.533475 0.724893 0.306477
v 0.398567 0.627826 0.213063
v 0.249975 0.564619 0.111703
v 0.126569 2.468493 0.140454
v 0.258295 2.419977 0.269461
v 0.381729 2.336450 0.388355
v 0.492128 2.221121 0.492566
v 0.585247 2.078422 0.578090
v 0.657510 1.913837 0.641639
v 0.706138 1.733692 0.680773
v 0.729264 1.544909 0.693987
v 0.725998 1.354742 0.680773
v 0.696467 1.170501 0.641639
v 0.641803 0.999264 0.578090
v 0.564110 0.847614 0.492566
v 0.466372 0.721376 0.388355
v 0.352345 0.625404 0.269461
v 0.226411 0.563384 0.140454
v 0.097856 2.466989 0.164050
v 0.201974 2.417026 0.315746
v 0.299963 2.332165 0.455550
v 0.388059 2.215667 0.578090
v 0.462876 2.072009 0.678655
v 0.521538 1.906711 0.753382
v 0.561792 1.726127 0.799398
v 0.582089 1.537196 0.814936
v 0.581651 1.347177 0.799398
v 0.560495 1.163375 0.753382
v 0.519432 0.992851 0.678655
v 0.460042 0.842160 0.578090
v 0.384606 0.717091 0.455550
v 0.296024 0.622452 0.315746
v 0.197699 0.561880 0.164050
v 0.065099 2.465272 0.181584
v 0.137717 2.413658 0.350139
v 0.206677 2.327276 0.505481
v 0.269329 2.209444 0.641640
v 0.323263 2.064692 0.753382
v 0.366409 1.898581 0.836414
v 0.397107 1.717496 0.887544
v 0.414179 1.528396 0.904809
v 0.416967 1.338547 0.887544
v 0.405366 1.155245 0.836414
v 0.379820 0.985534 0.753382
v 0.341311 0.835937 0.641640
v 0.291320 0.712202 0.505481
v 0.231767 0.619085 0.350139
v 0.164941 0.560163 0.181584
v 0.029554 2.463409 0.192381
v 0.067995 2.410004 0.371318
v 0.105456 2.321971 0.536228
v 0.140499 2.202693 0.680773
v 0.171775 2.056753 0.799398
v 0.198085 1.889760 0.887544
v 0.218415 1.708131 0.941825
v 0.231985 1.518847 0.960152
v 0.238275 1.329182 0.941825
v 0.237041 1.146423 0.887544
v 0.228331 0.977595 0.799398
v 0.212481 0.829185 0.680773
v 0.190099 0.706897 0.536228
v 0.162045 0.615431 0.371318
v 0.129397 0.558300 0.192381
v -0.007410 2.461472 0.196026
v -0.004514 2.406204 0.378470
v 0.006520 2.195671 0.693987
v 0.023033 1.880586 0.904809
v 0.061989 1.137249 0.904809
v 0.078502 0.822164 0.693987
v 0.084832 0.701381 0.546610
v 0.089536 0.611631 0.378470
v 0.092432 0.556363 0.196026
vn -0.0434 0.8275 0.5598
vn -0.0289 0.5520 0.8333
vn -0.0101 0.1937 0.9810
vn -0.0000 -0.0000 1.0000
vn 0.0102 -0.1937 0.9810
vn 0.0289 -0.5520 0.8333
vn -0.0904 0.9762 0.1971
vn -0.1238 0.9165 0.3804
vn -0.1524 0.8218 0.5490
vn -0.1752 0.6958 0.6965
vn -0.1913 0.5435 0.8173
vn -0.2001 0.3706 0.9070
vn -0.2013 0.1836 0.9622
vn -0.1948 -0.0102 0.9808
vn -0.1810 -0.2037 0.9622
vn -0.1602 -0.3895 0.9070
vn -0.1334 -0.5605 0.8173
vn -0.1015 -0.7103 0.6965
vn -0.0657 -0.8332 0.5490
vn -0.0273 -0.9244 0.3804
vn 0.0121 -0.9803 0.1971
vn -0.1281 0.9742 0.1857
vn -0.1965 0.9127 0.3584
vn -0.2573 0.8163 0.5172
vn -0.3082 0.6889 0.6561
vn -0.3474 0.5353 0.7699
vn -0.3733 0.3615 0.8544
vn -0.3851 0.1740 0.9063
vn -0.3822 -0.0200 0.9239
vn -0.3648 -0.2133 0.9063
vn -0.3335 -0.3985 0.8544
vn -0.2895 -0.5687 0.7699
vn -0.2345 -0.7173 0.6561
vn -0.1706 -0.8387 0.5172
vn -0.1000 -0.9282 0.3584
vn -0.0255 -0.9823 0.1857
vn -0.1628 0.9724 0.1671
vn -0.2634 0.9092 0.3225
vn -0.3539 0.8112 0.4654
vn -0.4308 0.6824 0.5905
vn -0.4913 0.5278 0.6929
vn -0.5330 0.3531 0.7689
vn -0.5544 0.1651 0.8157
vn -0.5548 -0.0291 0.8315
vn -0.5341 -0.2222 0.8157
vn -0.4932 -0.4069 0.7689
vn -0.4334 -0.5762 0.6929
vn -0.3571 -0.7237 0.5905
vn -0.2672 -0.8438 0.4654
vn -0.1670 -0.9317 0.3225
vn -0.0602 -0.9841 0.1671
vn -0.1932 0.9708 0.1421
vn -0.3221 0.9061 0.2743
vn -0.4386 0.8068 0.3958
vn -0.5383 0.6768 0.5021
vn -0.6174 0.5212 0.5893
vn -0.6729 0.3458 0.6539
vn -0.7029 0.1574 0.6937
vn -0.7061 -0.0370 0.7071
vn -0.6826 -0.2300 0.6937
vn -0.6331 -0.4142 0.6539
vn -0.5595 -0.5828 0.5893
vn -0.4646 -0.7294 0.5021
vn -0.3519 -0.8482 0.3958
vn -0.2257 -0.9348 0.2743
vn -0.0906 -0.9857 0.1421
vn -0.2181 0.9695 0.1117
vn -0.3703 0.9036 0.2155
vn -0.5082 0.8032 0.3110
vn -0.6265 0.6722 0.3945
vn -0.7209 0.5157 0.4630
vn -0.7878 0.3398 0.5138
vn -0.8247 0.1510 0.5450
vn -0.8303 -0.0435 0.5556
vn -0.8044 -0.2364 0.5450
vn -0.7479 -0.4203 0.5138
vn -0.6630 -0.5883 0.4630
vn -0.5528 -0.7340 0.3945
vn -0.4214 -0.8519 0.3110
vn -0.2738 -0.9373 0.2155
vn -0.1156 -0.9870 0.1117
vn -0.0523 0.9986 -0.0000
vn -0.2367 0.9685 0.0769
vn -0.4061 0.9017 0.1484
vn -0.5598 0.8004 0.2142
vn -0.6920 0.6688 0.2718
vn -0.7978 0.5117 0.3189
vn -0.8731 0.3353 0.3539
vn -0.9152 0.1462 0.3754
vn -0.9226 -0.0484 0.3827
vn -0.8949 -0.2411 0.3754
vn -0.8333 -0.4247 0.3539
vn -0.7399 -0.5923 0.3189
vn -0.6183 -0.7374 0.2718
vn -0.4731 -0.8546 0.2142
vn -0.3096 -0.9392 0.1484
vn -0.1341 -0.9880 0.0769
vn -0.2481 0.9679 0.0392
vn -0.4281 0.9005 0.0757
vn -0.5916 0.7988 0.1092
vn -0.7324 0.6666 0.1385
vn -0.8451 0.5092 0.1626
vn -0.9257 0.3325 0.1804
vn -0.9710 0.1433 0.1914
vn -0.9794 -0.0513 0.1951
vn -0.9507 -0.2440 0.1914
vn -0.8858 -0.4275 0.1804
vn -0.7873 -0.5948 0.1626
vn -0.6587 -0.7395 0.1385
vn -0.5049 -0.8562 0.1092
vn -0.3317 -0.9404 0.0757
vn -0.1456 -0.9886 0.0392
vn -0.2520 0.9677 -0.0000
vn -0.4356 0.9001 -0.0000
vn -0.6024 0.7982 -0.0000
vn -0.7460 0.6659 -0.0000
vn -0.8611 0.5084 -0.0000
vn -0.9434 0.3316 -0.0000
vn -0.9898 0.1423 -0.0000
vn -0.9986 -0.0523 -0.0000
vn -0.9695 -0.2450 -0.0000
vn -0.9036 -0.4284 -0.0000
vn -0.8033 -0.5956 -0.0000
vn -0.6723 -0.7403 -0.0000
vn -0.5156 -0.8568 -0.0000
vn -0.3391 -0.9407 -0.0000
vn -0.1494 -0.9888 -0.0000
vn -0.2481 0.9679 -0.0392
vn -0.4281 0.9005 -0.0757
vn -0.5916 0.7988 -0.1092
vn -0.7324 0.6666 -0.1385
vn -0.8451 0.5092 -0.1626
vn -0.9257 0.3325 -0.1804
vn -0.9710 0.1433 -0.1914
vn -0.9794 -0.0513 -0.1951
vn -0.9507 -0.2440 -0.1914
vn -0.8858 -0.4275 -0.1804
vn -0.7873 -0.5948 -0.1626
vn -0.6587 -0.7395 -0.1385
vn -0.5049 -0.8562 -0.1092
vn -0.3317 -0.9404 -0.0757
vn -0.1456 -0.9886 -0.0392
vn -0.2367 0.9685 -0.0769
vn -0.4061 0.9017 -0.1484
vn -0.5598 0.8004 -0.2142
vn -0.6920 0.6688 -0.2718
vn -0.7978 0.5117 -0.3189
vn -0.8731 0.3353 -0.3539
vn -0.9152 0.1462 -0.3754
vn -0.9226 -0.0484 -0.3827
vn -0.8949 -0.2411 -0.3754
vn -0.8333 -0.4247 -0.3539
vn -0.7399 -0.5923 -0.3189
vn -0.6183 -0.7374 -0.2718
vn -0.4731 -0.8546 -0.2142
vn -0.3096 -0.9392 -0.1484
vn -0.1341 -0.9880 -0.0769
vn -0.2181 0.9695 -0.1117
vn -0.3703 0.9036 -0.2155
vn -0.5082 0.8032 -0.3110
vn -0.6265 0.6722 -0.3945
vn -0.7209 0.5157 -0.4630
vn -0.7878 0.3398 -0.5138
vn -0.8247 0.1510 -0.5450
vn -0.8303 -0.0435 -0.5556
vn -0.8044 -0.2364 -0.5450
vn -0.7479 -0.4203 -0.5138
vn -0.6630 -0.5883 -0.4630
vn -0.5528 -0.7340 -0.3945
vn -0.4214 -0.8519 -0.3110
vn -0.2738 -0.9373 -0.2155
vn -0.1156 -0.9870 -0.1117
vn -0.1932 0.9708 -0.1421
vn -0.3221 0.9061 -0.2743
vn -0.4386 0.8068 -0.3958
vn -0.5383 0.6768 -0.5021
vn -0.6174 0.5212 -0.5893
vn -0.6729 0.3458 -0.6539
vn -0.7029 0.1574 -0.6937
vn -0.7061 -0.0370 -0.7071
vn -0.6826 -0.2300 -0.6937
vn -0.6331 -0.4142 -0.6539
vn -0.5595 -0.5828 -0.5893
vn -0.4646 -0.7294 -0.5021
vn -0.3519 -0.8482 -0.3958
vn -0.2257 -0.9348 -0.2743
vn -0.0906 -0.9857 -0.1421
vn -0.1628 0.9724 -0.1671
vn -0.2634 0.9092 -0.3225
vn -0.3539 0.8112 -0.4654
vn -0.4308 0.6824 -0.5905
vn -0.4913 0.5278 -0.6929
vn -0.5330 0.3531 -0.7689
vn -0.5544 0.1651 -0.8157
vn -0.5548 -0.0291 -0.8315
vn -0.5341 -0.2222 -0.8157
vn -0.4932 -0.4069 -0.7689
vn -0.4334 -0.5762 -0.6929
vn -0.3571 -0.7237 -0.5905
vn -0.2672 -0.8438 -0.4654
vn -0.1670 -0.9317 -0.3225
vn -0.0602 -0.9841 -0.1671
vn -0.1281 0.9742 -0.1857
vn -0.1965 0.9127 -0.3584
vn -0.2573 0.8163 -0.5172
vn -0.3082 0.6889 -0.6561
vn -0.3474 0.5353 -0.7699
vn -0.3733 0.3615 -0.8544
vn -0.3851 0.1740 -0.9063
vn -0.3822 -0.0200 -0.9239
vn -0.3648 -0.2133 -0.9063
vn -0.3335 -0.3985 -0.8544
vn -0.2895 -0.5687 -0.7699
vn -0.2345 -0.7173 -0.6561
vn -0.1706 -0.8387 -0.5172
vn -0.1000 -0.9282 -0.3584
vn -0.0255 -0.9823 -0.1857
vn -0.0904 0.9762 -0.1971
vn -0.1238 0.9165 -0.3804
vn -0.1524 0.8218 -0.5490
vn -0.1752 0.6958 -0.6965
vn -0.1913 0.5435 -0.8173
vn -0.2001 0.3706 -0.9070
vn -0.2013 0.1836 -0.9622
vn -0.1948 -0.0102 -0.9808
vn -0.1810 -0.2037 -0.9622
vn -0.1602 -0.3895 -0.9070
vn -0.1334 -0.5605 -0.8173
vn -0.1015 -0.7103 -0.6965
vn -0.0657 -0.8332 -0.5490
vn -0.0273 -0.9244 -0.3804
vn 0.0121 -0.9803 -0.1971
vn -0.0513 0.9783 -0.2010
vn -0.0482 0.9204 -0.3879
vn -0.0434 0.8275 -0.5598
vn -0.0368 0.7031 -0.7101
vn -0.0289 0.5520 -0.8333
vn -0.0199 0.3800 -0.9248
vn -0.0101 0.1937 -0.9810
vn -0.0000 -0.0000 -1.0000
vn 0.0101 -0.1937 -0.9810
vn 0.0199 -0.3800 -0.9248
vn 0.0289 -0.5520 -0.8333
vn 0.0368 -0.7031 -0.7101
vn 0.0434 -0.8275 -0.5598
vn 0.0482 -0.9204 -0.3879
vn 0.0513 -0.9783 -0.2010
vn -0.0121 0.9803 -0.1971
vn 0.0273 0.9244 -0.3804
vn 0.0657 0.8332 -0.5490
vn 0.1015 0.7103 -0.6965
vn 0.1334 0.5605 -0.8173
vn 0.1602 0.3895 -0.9070
vn 0.1810 0.2037 -0.9622
vn 0.1948 0.0102 -0.9808
vn 0.2013 -0.1836 -0.9622
vn 0.2001 -0.3706 -0.9070
vn 0.1913 -0.5435 -0.8173
vn 0.1752 -0.6958 -0.6965
vn 0.1524 -0.8218 -0.5490
vn 0.1238 -0.9165 -0.3804
vn 0.0904 -0.9762 -0.1971
vn 0.0255 0.9823 -0.1857
vn 0.1000 0.9282 -0.3584
vn 0.1706 0.8387 -0.5172
vn 0.2345 0.7173 -0.6561
vn 0.2895 0.5687 -0.7699
vn 0.3335 0.3985 -0.8544
vn 0.3648 0.2133 -0.9063
vn 0.3822 0.0200 -0.9239
vn 0.3851 -0.1740 -0.9063
vn 0.3733 -0.3615 -0.8544
vn 0.3474 -0.5353 -0.7699
vn 0.3082 -0.6889 -0.6561
vn 0.2573 -0.8163 -0.5172
vn 0.1965 -0.9127 -0.3584
vn 0.1281 -0.9742 -0.1857
vn 0.0602 0.9841 -0.1671
vn 0.1670 0.9317 -0.3225
vn 0.2672 0.8438 -0.4654
vn 0.3571 0.7237 -0.5905
vn 0.4334 0.5762 -0.6929
vn 0.4932 0.4069 -0.7689
vn 0.5341 0.2222 -0.8157
vn 0.5548 0.0291 -0.8315
vn 0.5544 -0.1651 -0.8157
vn 0.5330 -0.3531 -0.7689
vn 0.4913 -0.5278 -0.6929
vn 0.4308 -0.6824 -0.5905
vn 0.3539 -0.8112 -0.4654
vn 0.2634 -0.9092 -0.3225
vn 0.1628 -0.9724 -0.1671
vn 0.0906 0.9857 -0.1421
vn 0.2257 0.9348 -0.2743
vn 0.3519 0.8482 -0.3958
vn 0.4646 0.7294 -0.5021
vn 0.5595 0.5828 -0.5893
vn 0.6331 0.4142 -0.6539
vn 0.6826 0.2300 -0.6937
vn 0.7061 0.0370 -0.7071
vn 0.7029 -0.1574 -0.6937
vn 0.6729 -0.3458 -0.6539
vn 0.6174 -0.5212 -0.5893
vn 0.5383 -0.6768 -0.5021
vn 0.4386 -0.8068 -0.3958
vn 0.3221 -0.9061 -0.2743
vn 0.1932 -0.9708 -0.1421
vn 0.0523 -0.9986 -0.0000
vn 0.1156 0.9870 -0.1117
vn 0.2738 0.9373 -0.2155
vn 0.4214 0.8519 -0.3110
vn 0.5528 0.7340 -0.3945
vn 0.6630 0.5883 -0.4630
vn 0.7479 0.4203 -0.5138
vn 0.8044 0.2364 -0.5450
vn 0.8303 0.0435 -0.5556
vn 0.8247 -0.1510 -0.5450
vn 0.7878 -0.3398 -0.5138
vn 0.7209 -0.5157 -0.4630
vn 0.6265 -0.6722 -0.3945
vn 0.5082 -0.8032 -0.3110
vn 0.3703 -0.9036 -0.2155
vn 0.2181 -0.9695 -0.1117
vn 0.1341 0.9880 -0.0769
vn 0.3096 0.9392 -0.1484
vn 0.4731 0.8546 -0.2142
vn 0.6183 0.7374 -0.2718
vn 0.7399 0.5923 -0.3189
vn 0.8333 0.4247 -0.3539
vn 0.8949 0.2411 -0.3754
vn 0.9226 0.0484 -0.3827
vn 0.9152 -0.1462 -0.3754
vn 0.8731 -0.3353 -0.3539
vn 0.7978 -0.5117 -0.3189
vn 0.6920 -0.6688 -0.2718
vn 0.5598 -0.8004 -0.2142
vn 0.4061 -0.9017 -0.1484
vn 0.2367 -0.9685 -0.0769
vn 0.1456 0.9886 -0.0392
vn 0.3317 0.9404 -0.0757
vn 0.5049 0.8562 -0.1092
vn 0.6587 0.7395 -0.1385
vn 0.7873 0.5948 -0.1626
vn 0.8858 0.4275 -0.1804
vn 0.9507 0.2440 -0.1914
vn 0.9794 0.0513 -0.1951
vn 0.9710 -0.1433 -0.1914
vn 0.9257 -0.3325 -0.1804
vn 0.8451 -0.5092 -0.1626
vn 0.7324 -0.6666 -0.1385
vn 0.5916 -0.7988 -0.1092
vn 0.4281 -0.9005 -0.0757
vn 0.2481 -0.9679 -0.0392
vn 0.1494 0.9888 -0.0000
vn 0.3391 0.9407 -0.0000
vn 0.5156 0.8568 -0.0000
vn 0.6723 0.7403 -0.0000
vn 0.8033 0.5956 -0.0000
vn 0.9036 0.4284 -0.0000
vn 0.9695 0.2450 -0.0000
vn 0.9986 0.0523 -0.0000
vn 0.9898 -0.1423 -0.0000
vn 0.9434 -0.3316 -0.0000
vn 0.8611 -0.5084 -0.0000
vn 0.7460 -0.6659 -0.0000
vn 0.6024 -0.7982 -0.0000
vn 0.4356 -0.9001 -0.0000
vn 0.2520 -0.9677 -0.0000
vn 0.1456 0.9886 0.0392
vn 0.3317 0.9404 0.0757
vn 0.5049 0.8562 0.1092
vn 0.6587 0.7395 0.1385
vn 0.7873 0.5948 0.1626
vn 0.8858 0.4275 0.1804
vn 0.9507 0.2440 0.1914
vn 0.9794 0.0513 0.1951
vn 0.9710 -0.1433 0.1914
vn 0.9257 -0.3325 0.1804
vn 0.8451 -0.5092 0.1626
vn 0.7324 -0.6666 0.1385
vn 0.5916 -0.7988 0.1092
vn 0.4281 -0.9005 0.0757
vn 0.2481 -0.9679 0.0392
vn 0.1341 0.9880 0.0769
vn 0.3096 0.9392 0.1484
vn 0.4731 0.8546 0.2142
vn 0.6183 0.7374 0.2718
vn 0.7399 0.5923 0.3189
vn 0.8333 0.4247 0.3539
vn 0.8949 0.2411 0.3754
vn 0.9226 0.0484 0.3827
vn 0.9152 -0.1462 0.3754
vn 0.8731 -0.3353 0.3539
vn 0.7978 -0.5117 0.3189
vn 0.6920 -0.6688 0.2718
vn 0.5598 -0.8004 0.2142
vn 0.4061 -0.9017 0.1484
vn 0.2367 -0.9685 0.0769
vn 0.1156 0.9870 0.1117
vn 0.2738 0.9373 0.2155
vn 0.4214 0.8519 0.3110
vn 0.5528 0.7340 0.3945
vn 0.6630 0.5883 0.4630
vn 0.7479 0.4203 0.5138
vn 0.8044 0.2364 0.5450
vn 0.8303 0.0435 0.5556
vn 0.8247 -0.1510 0.5450
vn 0.7878 -0.3398 0.5138
vn 0.7209 -0.5157 0.4630
vn 0.6265 -0.6722 0.3945
vn 0.5082 -0.8032 0.3110
vn 0.3703 -0.9036 0.2155
vn 0.2181 -0.9695 0.1117
vn 0.0906 0.9857 0.1421
vn 0.2257 0.9348 0.2743
vn 0.3519 0.8482 0.3958
vn 0.4646 0.7294 0.5021
vn 0.5595 0.5828 0.5893
vn 0.6331 0.4142 0.6539
vn 0.6826 0.2300 0.6937
vn 0.7061 0.0370 0.7071
vn 0.7029 -0.1574 0.6937
vn 0.6729 -0.3458 0.6539
vn 0.6174 -0.5212 0.5893
vn 0.5383 -0.6768 0.5021
vn 0.4386 -0.8068 0.3958
vn 0.3221 -0.9061 0.2743
vn 0.1932 -0.9708 0.1421
vn 0.0602 0.9841 0.1671
vn 0.1670 0.9317 0.3225
vn 0.2672 0.8438 0.4654
vn 0.3571 0.7237 0.5905
vn 0.4334 0.5762 0.6929
vn 0.4932 0.4069 0.7689
vn 0.5341 0.2222 0.8157
vn 0.5548 0.0291 0.8315
vn 0.5544 -0.1651 0.8157
vn 0.5330 -0.3531 0.7689
vn 0.4913 -0.5278 0.6929
vn 0.4308 -0.6824 0.5905
vn 0.3539 -0.8112 0.4654
vn 0.2634 -0.9092 0.3225
vn 0.1628 -0.9724 0.1671
vn 0.0255 0.9823 0.1857
vn 0.1000 0.9282 0.3584
vn 0.1706 0.8387 0.5172
vn 0.2345 0.7173 0.6561
vn 0.2895 0.5687 0.7699
vn 0.3335 0.3985 0.8544
vn 0.3648 0.2133 0.9063
vn 0.3822 0.0200 0.9239
vn 0.3851 -0.1740 0.9063
vn 0.3733 -0.3615 0.8544
vn 0.3474 -0.5353 0.7699
vn 0.3082 -0.6889 0.6561
vn 0.2573 -0.8163 0.5172
vn 0.1965 -0.9127 0.3584
vn 0.1281 -0.9742 0.1857
vn -0.0121 0.9803 0.1971
vn 0.0273 0.9244 0.3804
vn 0.0657 0.8332 0.5490
vn 0.1015 0.7103 0.6965
vn 0.1334 0.5605 0.8173
vn 0.1603 0.3895 0.9070
vn 0.1810 0.2037 0.9622
vn 0.1948 0.0102 0.9808
vn 0.2013 -0.1836 0.9622
vn 0.2001 -0.3706 0.9070
vn 0.1913 -0.5435 0.8173
vn 0.1752 -0.6958 0.6965
vn 0.1524 -0.8218 0.5490
vn 0.1238 -0.9165 0.3804
vn 0.0904 -0.9762 0.1971
vn -0.0513 0.9783 0.2010
vn -0.0482 0.9204 0.3879
vn -0.0368 0.7031 0.7101
vn -0.0199 0.3800 0.9248
vn 0.0199 -0.3800 0.9248
vn 0.0368 -0.7031 0.7101
vn 0.0434 -0.8275 0.5598
vn 0.0482 -0.9204 0.3879
vn 0.0513 -0.9783 0.2010
vt 0.734375 0.000000
vt 0.750000 0.062500
vt 0.718750 0.062500
vt 0.750000 0.437500
vt 0.750000 0.500000
vt 0.718750 0.500000
vt 0.718750 0.437500
vt 0.750000 0.875000
vt 0.750000 0.937500
vt 0.718750 0.937500
vt 0.718750 0.875000
vt 0.750000 0.375000
vt 0.718750 0.375000
vt 0.750000 0.812500
vt 0.718750 0.812500
vt 0.750000 0.312500
vt 0.718750 0.312500
vt 0.750000 0.750000
vt 0.718750 0.750000
vt 0.750000 0.250000
vt 0.718750 0.250000
vt 0.750000 0.687500
vt 0.718750 0.687500
vt 0.750000 0.187500
vt 0.718750 0.187500
vt 0.750000 0.625000
vt 0.718750 0.625000
vt 0.750000 0.125000
vt 0.718750 0.125000
vt 0.750000 0.562500
vt 0.718750 0.562500
vt 0.734375 1.000000
vt 0.687500 0.125000
vt 0.687500 0.062500
vt 0.687500 0.562500
vt 0.687500 0.500000
vt 0.703125 1.000000
vt 0.687500 0.937500
vt 0.703125 0.000000
vt 0.687500 0.437500
vt 0.687500 0.875000
vt 0.687500 0.375000
vt 0.687500 0.812500
vt 0.687500 0.312500
vt 0.687500 0.750000
vt 0.687500 0.250000
vt 0.687500 0.687500
vt 0.687500 0.187500
vt 0.687500 0.625000
vt 0.656250 0.812500
vt 0.656250 0.750000
vt 0.656250 0.312500
vt 0.656250 0.250000
vt 0.656250 0.687500
vt 0.656250 0.187500
vt 0.656250 0.625000
vt 0.656250 0.125000
vt 0.656250 0.562500
vt 0.656250 0.062500
vt 0.656250 0.500000
vt 0.671875 1.000000
vt 0.656250 0.937500
vt 0.671875 0.000000
vt 0.656250 0.437500
vt 0.656250 0.875000
vt 0.656250 0.375000
vt 0.625000 0.562500
vt 0.625000 0.500000
vt 0.640625 1.000000
vt 0.625000 0.937500
vt 0.640625 0.000000
vt 0.625000 0.062500
vt 0.625000 0.437500
vt 0.625000 0.875000
vt 0.625000 0.375000
vt 0.625000 0.812500
vt 0.625000 0.312500
vt 0.625000 0.750000
vt 0.625000 0.250000
vt 0.625000 0.687500
vt 0.625000 0.187500
vt 0.625000 0.625000
vt 0.625000 0.125000
vt 0.593750 0.312500
vt 0.593750 0.250000
vt 0.593750 0.750000
vt 0.593750 0.687500
vt 0.593750 0.187500
vt 0.593750 0.625000
vt 0.593750 0.125000
vt 0.593750 0.562500
vt 0.593750 0.062500
vt 0.593750 0.500000
vt 0.609375 1.000000
vt 0.593750 0.937500
vt 0.609375 0.000000
vt 0.593750 0.437500
vt 0.593750 0.875000
vt 0.593750 0.375000
vt 0.593750 0.812500
vt 0.578125 0.000000
vt 0.562500 0.062500
vt 0.562500 0.500000
vt 0.562500 0.437500
vt 0.562500 0.937500
vt 0.562500 0.875000
vt 0.562500 0.375000
vt 0.562500 0.812500
vt 0.562500 0.312500
vt 0.562500 0.750000
vt 0.562500 0.250000
vt 0.562500 0.687500
vt 0.562500 0.187500
vt 0.562500 0.625000
vt 0.562500 0.125000
vt 0.562500 0.562500
vt 0.578125 1.000000
vt 0.531250 0.250000
vt 0.531250 0.187500
vt 0.531250 0.687500
vt 0.531250 0.625000
vt 0.531250 0.125000
vt 0.531250 0.562500
vt 0.531250 0.062500
vt 0.531250 0.500000
vt 0.546875 1.000000
vt 0.531250 0.937500
vt 0.546875 0.000000
vt 0.531250 0.437500
vt 0.531250 0.875000
vt 0.531250 0.375000
vt 0.531250 0.812500
vt 0.531250 0.312500
vt 0.531250 0.750000
vt 0.500000 0.937500
vt 0.500000 0.875000
vt 0.500000 0.437500
vt 0.500000 0.375000
vt 0.500000 0.812500
vt 0.500000 0.312500
vt 0.500000 0.750000
vt 0.500000 0.250000
vt 0.500000 0.687500
vt 0.500000 0.187500
vt 0.500000 0.625000
vt 0.500000 0.125000
vt 0.500000 0.562500
vt 0.500000 0.062500
vt 0.500000 0.500000
vt 0.515625 1.000000
vt 0.515625 0.000000
vt 0.468750 0.687500
vt 0.468750 0.625000
vt 0.468750 0.187500
vt 0.468750 0.125000
vt 0.468750 0.562500
vt 0.468750 0.062500
vt 0.468750 0.500000
vt 0.484375 1.000000
vt 0.468750 0.937500
vt 0.484375 0.000000
vt 0.468750 0.437500
vt 0.468750 0.875000
vt 0.468750 0.375000
vt 0.468750 0.812500
vt 0.468750 0.312500
vt 0.468750 0.750000
vt 0.468750 0.250000
vt 0.437500 0.437500
vt 0.437500 0.375000
vt 0.437500 0.875000
vt 0.437500 0.812500
vt 0.437500 0.312500
vt 0.437500 0.750000
vt 0.437500 0.250000
vt 0.437500 0.687500
vt 0.437500 0.187500
vt 0.437500 0.625000
vt 0.437500 0.125000
vt 0.437500 0.562500
vt 0.437500 0.062500
vt 0.437500 0.500000
vt 0.453125 1.000000
vt 0.437500 0.937500
vt 0.453125 0.000000
vt 0.406250 0.187500
vt 0.406250 0.125000
vt 0.406250 0.625000
vt 0.406250 0.562500
vt 0.406250 0.062500
vt 0.406250 0.500000
vt 0.421875 1.000000
vt 0.406250 0.937500
vt 0.421875 0.000000
vt 0.406250 0.437500
vt 0.406250 0.875000
vt 0.406250 0.375000
vt 0.406250 0.812500
vt 0.406250 0.312500
vt 0.406250 0.750000
vt 0.406250 0.250000
vt 0.406250 0.687500
vt 0.375000 0.875000
vt 0.375000 0.812500
vt 0.375000 0.375000
vt 0.375000 0.312500
vt 0.375000 0.750000
vt 0.375000 0.250000
vt 0.375000 0.687500
vt 0.375000 0.187500
vt 0.375000 0.625000
vt 0.375000 0.125000
vt 0.375000 0.562500
vt 0.375000 0.062500
vt 0.375000 0.500000
vt 0.390625 1.000000
vt 0.375000 0.937500
vt 0.390625 0.000000
vt 0.375000 0.437500
vt 0.343750 0.625000
vt 0.343750 0.562500
vt 0.343750 0.125000
vt 0.343750 0.062500
vt 0.343750 0.500000
vt 0.359375 1.000000
vt 0.343750 0.937500
vt 0.359375 0.000000
vt 0.343750 0.437500
vt 0.343750 0.875000
vt 0.343750 0.375000
vt 0.343750 0.812500
vt 0.343750 0.312500
vt 0.343750 0.750000
vt 0.343750 0.250000
vt 0.343750 0.687500
vt 0.343750 0.187500
vt 0.312500 0.375000
vt 0.312500 0.312500
vt 0.312500 0.812500
vt 0.312500 0.750000
vt 0.312500 0.250000
vt 0.312500 0.687500
vt 0.312500 0.187500
vt 0.312500 0.625000
vt 0.312500 0.125000
vt 0.312500 0.562500
vt 0.312500 0.062500
vt 0.312500 0.500000
vt 0.328125 1.000000
vt 0.312500 0.937500
vt 0.328125 0.000000
vt 0.312500 0.437500
vt 0.312500 0.875000
vt 0.281250 0.125000
vt 0.281250 0.062500
vt 0.281250 0.562500
vt 0.281250 0.500000
vt 0.296875 1.000000
vt 0.281250 0.937500
vt 0.296875 0.000000
vt 0.281250 0.437500
vt 0.281250 0.875000
vt 0.281250 0.375000
vt 0.281250 0.812500
vt 0.281250 0.312500
vt 0.281250 0.750000
vt 0.281250 0.250000
vt 0.281250 0.687500
vt 0.281250 0.187500
vt 0.281250 0.625000
vt 0.250000 0.312500
vt 0.250000 0.250000
vt 0.250000 0.750000
vt 0.250000 0.687500
vt 0.250000 0.187500
vt 0.250000 0.625000
vt 0.250000 0.125000
vt 0.250000 0.562500
vt 0.250000 0.062500
vt 0.250000 0.500000
vt 0.265625 1.000000
vt 0.250000 0.937500
vt 0.265625 0.000000
vt 0.250000 0.437500
vt 0.250000 0.875000
vt 0.250000 0.375000
vt 0.250000 0.812500
vt 0.234375 1.000000
vt 0.218750 0.937500
vt 0.234375 0.000000
vt 0.218750 0.062500
vt 0.218750 0.500000
vt 0.218750 0.437500
vt 0.218750 0.875000
vt 0.218750 0.375000
vt 0.218750 0.812500
vt 0.218750 0.312500
vt 0.218750 0.750000
vt 0.218750 0.250000
vt 0.218750 0.687500
vt 0.218750 0.187500
vt 0.218750 0.625000
vt 0.218750 0.125000
vt 0.218750 0.562500
vt 0.187500 0.750000
vt 0.187500 0.687500
vt 0.187500 0.250000
vt 0.187500 0.187500
vt 0.187500 0.625000
vt 0.187500 0.125000
vt 0.187500 0.562500
vt 0.187500 0.062500
vt 0.187500 0.500000
vt 0.203125 1.000000
vt 0.187500 0.937500
vt 0.203125 0.000000
vt 0.187500 0.437500
vt 0.187500 0.875000
vt 0.187500 0.375000
vt 0.187500 0.812500
vt 0.187500 0.312500
vt 0.156250 0.500000
vt 0.156250 0.437500
vt 0.156250 0.937500
vt 0.156250 0.875000
vt 0.156250 0.375000
vt 0.156250 0.812500
vt 0.156250 0.312500
vt 0.156250 0.750000
vt 0.156250 0.250000
vt 0.156250 0.687500
vt 0.156250 0.187500
vt 0.156250 0.625000
vt 0.156250 0.125000
vt 0.156250 0.562500
vt 0.156250 0.062500
vt 0.171875 1.000000
vt 0.171875 0.000000
vt 0.125000 0.250000
vt 0.125000 0.187500
vt 0.125000 0.687500
vt 0.125000 0.625000
vt 0.125000 0.125000
vt 0.125000 0.562500
vt 0.125000 0.062500
vt 0.125000 0.500000
vt 0.140625 1.000000
vt 0.125000 0.937500
vt 0.140625 0.000000
vt 0.125000 0.437500
vt 0.125000 0.875000
vt 0.125000 0.375000
vt 0.125000 0.812500
vt 0.125000 0.312500
vt 0.125000 0.750000
vt 0.093750 0.937500
vt 0.093750 0.875000
vt 0.093750 0.437500
vt 0.093750 0.375000
vt 0.093750 0.812500
vt 0.093750 0.312500
vt 0.093750 0.750000
vt 0.093750 0.250000
vt 0.093750 0.687500
vt 0.093750 0.187500
vt 0.093750 0.625000
vt 0.093750 0.125000
vt 0.093750 0.562500
vt 0.093750 0.062500
vt 0.093750 0.500000
vt 0.109375 1.000000
vt 0.109375 0.000000
vt 0.062500 0.687500
vt 0.062500 0.625000
vt 0.062500 0.187500
vt 0.062500 0.125000
vt 0.062500 0.562500
vt 0.062500 0.062500
vt 0.062500 0.500000
vt 0.078125 1.000000
vt 0.062500 0.937500
vt 0.078125 0.000000
vt 0.062500 0.437500
vt 0.062500 0.875000
vt 0.062500 0.375000
vt 0.062500 0.812500
vt 0.062500 0.312500
vt 0.062500 0.750000
vt 0.062500 0.250000
vt 0.031250 0.437500
vt 0.031250 0.375000
vt 0.031250 0.875000
vt 0.031250 0.812500
vt 0.031250 0.312500
vt 0.031250 0.750000
vt 0.031250 0.250000
vt 0.031250 0.687500
vt 0.031250 0.187500
vt 0.031250 0.625000
vt 0.031250 0.125000
vt 0.031250 0.562500
vt 0.031250 0.062500
vt 0.031250 0.500000
vt 0.046875 1.000000
vt 0.031250 0.937500
vt 0.046875 0.000000
vt 0.000000 0.187500
vt 0.000000 0.125000
vt 0.000000 0.625000
vt 0.000000 0.562500
vt 0.000000 0.062500
vt 0.000000 0.500000
vt 0.015625 1.000000
vt 0.000000 0.937500
vt 0.015625 0.000000
vt 0.000000 0.437500
vt 0.000000 0.875000
vt 0.000000 0.375000
vt 0.000000 0.812500
vt 0.000000 0.312500
vt 0.000000 0.750000
vt 0.000000 0.250000
vt 0.000000 0.687500
vt 1.000000 0.312500
vt 1.000000 0.375000
vt 0.968750 0.375000
vt 0.968750 0.312500
vt 1.000000 0.750000
vt 1.000000 0.812500
vt 0.968750 0.812500
vt 0.968750 0.750000
vt 1.000000 0.250000
vt 0.968750 0.250000
vt 1.000000 0.687500
vt 0.968750 0.687500
vt 1.000000 0.187500
vt 0.968750 0.187500
vt 1.000000 0.625000
vt 0.968750 0.625000
vt 1.000000 0.125000
vt 0.968750 0.125000
vt 1.000000 0.562500
vt 0.968750 0.562500
vt 1.000000 0.062500
vt 0.968750 0.062500
vt 1.000000 0.500000
vt 0.968750 0.500000
vt 1.000000 0.937500
vt 0.984375 1.000000
vt 0.968750 0.937500
vt 0.984375 0.000000
vt 1.000000 0.437500
vt 0.968750 0.437500
vt 1.000000 0.875000
vt 0.968750 0.875000
vt 0.937500 0.125000
vt 0.937500 0.062500
vt 0.937500 0.562500
vt 0.937500 0.500000
vt 0.953125 1.000000
vt 0.937500 0.937500
vt 0.953125 0.000000
vt 0.937500 0.437500
vt 0.937500 0.875000
vt 0.937500 0.375000
vt 0.937500 0.812500
vt 0.937500 0.312500
vt 0.937500 0.750000
vt 0.937500 0.250000
vt 0.937500 0.687500
vt 0.937500 0.187500
vt 0.937500 0.625000
vt 0.906250 0.812500
vt 0.906250 0.750000
vt 0.906250 0.312500
vt 0.906250 0.250000
vt 0.906250 0.687500
vt 0.906250 0.187500
vt 0.906250 0.625000
vt 0.906250 0.125000
vt 0.906250 0.562500
vt 0.906250 0.062500
vt 0.906250 0.500000
vt 0.921875 1.000000
vt 0.906250 0.937500
vt 0.921875 0.000000
vt 0.906250 0.437500
vt 0.906250 0.875000
vt 0.906250 0.375000
vt 0.875000 0.562500
vt 0.875000 0.500000
vt 0.890625 1.000000
vt 0.875000 0.937500
vt 0.890625 0.000000
vt 0.875000 0.062500
vt 0.875000 0.437500
vt 0.875000 0.875000
vt 0.875000 0.375000
vt 0.875000 0.812500
vt 0.875000 0.312500
vt 0.875000 0.750000
vt 0.875000 0.250000
vt 0.875000 0.687500
vt 0.875000 0.187500
vt 0.875000 0.625000
vt 0.875000 0.125000
vt 0.843750 0.312500
vt 0.843750 0.250000
vt 0.843750 0.750000
vt 0.843750 0.687500
vt 0.843750 0.187500
vt 0.843750 0.625000
vt 0.843750 0.125000
vt 0.843750 0.562500
vt 0.843750 0.062500
vt 0.843750 0.500000
vt 0.859375 1.000000
vt 0.843750 0.937500
vt 0.859375 0.000000
vt 0.843750 0.437500
vt 0.843750 0.875000
vt 0.843750 0.375000
vt 0.843750 0.812500
vt 0.828125 1.000000
vt 0.812500 0.937500
vt 0.828125 0.000000
vt 0.812500 0.062500
vt 0.812500 0.500000
vt 0.812500 0.437500
vt 0.812500 0.875000
vt 0.812500 0.375000
vt 0.812500 0.812500
vt 0.812500 0.312500
vt 0.812500 0.750000
vt 0.812500 0.250000
vt 0.812500 0.687500
vt 0.812500 0.187500
vt 0.812500 0.625000
vt 0.812500 0.125000
vt 0.812500 0.562500
vt 0.781250 0.750000
vt 0.781250 0.687500
vt 0.781250 0.250000
vt 0.781250 0.187500
vt 0.781250 0.625000
vt 0.781250 0.125000
vt 0.781250 0.562500
vt 0.781250 0.062500
vt 0.781250 0.500000
vt 0.796875 1.000000
vt 0.781250 0.937500
vt 0.796875 0.000000
vt 0.781250 0.437500
vt 0.781250 0.875000
vt 0.781250 0.375000
vt 0.781250 0.812500
vt 0.781250 0.312500
vt 0.765625 1.000000
vt 0.765625 0.000000
s 1
usemtl Material.007
f 1435/1052/1117 1609/1053/1291 1148/1054/830
f 1132/1055/814 1131/1056/813 1141/1057/823 1142/1058/824
f 1602/1059/1284 1601/1060/1283 1134/1061/816 1135/1062/817
f 1605/1063/1287 1132/1055/814 1142/1058/824 1143/1064/825
f 1128/1065/810 1602/1059/1284 1135/1062/817 1136/1066/818
f 1133/1067/815 1605/1063/1287 1143/1064/825 1144/1068/826
f 1603/1069/1285 1128/1065/810 1136/1066/818 1137/1070/819
f 1606/1071/1288 1133/1067/815 1144/1068/826 1145/1072/827
f 1129/1073/811 1603/1069/1285 1137/1070/819 1138/1074/820
f 1607/1075/1289 1606/1071/1288 1145/1072/827 1146/1076/828
f 1604/1077/1286 1129/1073/811 1138/1074/820 1139/1078/821
f 1608/1079/1290 1607/1075/1289 1146/1076/828 1147/1080/829
f 1130/1081/812 1604/1077/1286 1139/1078/821 1140/1082/822
f 1609/1053/1291 1608/1079/1290 1147/1080/829 1148/1054/830
f 1131/1056/813 1130/1081/812 1140/1082/822 1141/1057/823
f 1601/1060/1283 1209/1083/891 1134/1061/816
f 1148/1054/830 1147/1080/829 1162/1084/844 1163/1085/845
f 1141/1057/823 1140/1082/822 1155/1086/837 1156/1087/838
f 1134/1061/816 1209/1088/891 1149/1089/831
f 1435/1090/1117 1148/1054/830 1163/1085/845
f 1142/1058/824 1141/1057/823 1156/1087/838 1157/1091/839
f 1135/1062/817 1134/1061/816 1149/1089/831 1150/1092/832
f 1143/1064/825 1142/1058/824 1157/1091/839 1158/1093/840
f 1136/1066/818 1135/1062/817 1150/1092/832 1151/1094/833
f 1144/1068/826 1143/1064/825 1158/1093/840 1159/1095/841
f 1137/1070/819 1136/1066/818 1151/1094/833 1152/1096/834
f 1145/1072/827 1144/1068/826 1159/1095/841 1160/1097/842
f 1138/1074/820 1137/1070/819 1152/1096/834 1153/1098/835
f 1146/1076/828 1145/1072/827 1160/1097/842 1161/1099/843
f 1139/1078/821 1138/1074/820 1153/1098/835 1154/1100/836
f 1147/1080/829 1146/1076/828 1161/1099/843 1162/1084/844
f 1140/1082/822 1139/1078/821 1154/1100/836 1155/1086/837
f 1152/1096/834 1151/1094/833 1166/1101/848 1167/1102/849
f 1160/1097/842 1159/1095/841 1174/1103/856 1175/1104/857
f 1153/1098/835 1152/1096/834 1167/1102/849 1168/1105/850
f 1161/1099/843 1160/1097/842 1175/1104/857 1176/1106/858
f 1154/1100/836 1153/1098/835 1168/1105/850 1169/1107/851
f 1162/1084/844 1161/1099/843 1176/1106/858 1177/1108/859
f 1155/1086/837 1154/1100/836 1169/1107/851 1170/1109/852
f 1163/1085/845 1162/1084/844 1177/1108/859 1178/1110/860
f 1156/1087/838 1155/1086/837 1170/1109/852 1171/1111/853
f 1149/1089/831 1209/1112/891 1164/1113/846
f 1435/1114/1117 1163/1085/845 1178/1110/860
f 1157/1091/839 1156/1087/838 1171/1111/853 1172/1115/854
f 1150/1092/832 1149/1089/831 1164/1113/846 1165/1116/847
f 1158/1093/840 1157/1091/839 1172/1115/854 1173/1117/855
f 1151/1094/833 1150/1092/832 1165/1116/847 1166/1101/848
f 1159/1095/841 1158/1093/840 1173/1117/855 1174/1103/856
f 1171/1111/853 1170/1109/852 1185/1118/867 1186/1119/868
f 1164/1113/846 1209/1120/891 1179/1121/861
f 1435/1122/1117 1178/1110/860 1193/1123/875
f 1172/1115/854 1171/1111/853 1186/1119/868 1187/1124/869
f 1165/1116/847 1164/1113/846 1179/1121/861 1180/1125/862
f 1173/1117/855 1172/1115/854 1187/1124/869 1188/1126/870
f 1166/1101/848 1165/1116/847 1180/1125/862 1181/1127/863
f 1174/1103/856 1173/1117/855 1188/1126/870 1189/1128/871
f 1167/1102/849 1166/1101/848 1181/1127/863 1182/1129/864
f 1175/1104/857 1174/1103/856 1189/1128/871 1190/1130/872
f 1168/1105/850 1167/1102/849 1182/1129/864 1183/1131/865
f 1176/1106/858 1175/1104/857 1190/1130/872 1191/1132/873
f 1169/1107/851 1168/1105/850 1183/1131/865 1184/1133/866
f 1177/1108/859 1176/1106/858 1191/1132/873 1192/1134/874
f 1170/1109/852 1169/1107/851 1184/1133/866 1185/1118/867
f 1178/1110/860 1177/1108/859 1192/1134/874 1193/1123/875
f 1190/1130/872 1189/1128/871 1204/1135/886 1205/1136/887
f 1183/1131/865 1182/1129/864 1197/1137/879 1198/1138/880
f 1191/1132/873 1190/1130/872 1205/1136/887 1206/1139/888
f 1184/1133/866 1183/1131/865 1198/1138/880 1199/1140/881
f 1192/1134/874 1191/1132/873 1206/1139/888 1207/1141/889
f 1185/1118/867 1184/1133/866 1199/1140/881 1200/1142/882
f 1193/1123/875 1192/1134/874 1207/1141/889 1208/1143/890
f 1186/1119/868 1185/1118/867 1200/1142/882 1201/1144/883
f 1179/1121/861 1209/1145/891 1194/1146/876
f 1435/1147/1117 1193/1123/875 1208/1143/890
f 1187/1124/869 1186/1119/868 1201/1144/883 1202/1148/884
f 1180/1125/862 1179/1121/861 1194/1146/876 1195/1149/877
f 1188/1126/870 1187/1124/869 1202/1148/884 1203/1150/885
f 1181/1127/863 1180/1125/862 1195/1149/877 1196/1151/878
f 1189/1128/871 1188/1126/870 1203/1150/885 1204/1135/886
f 1182/1129/864 1181/1127/863 1196/1151/878 1197/1137/879
f 1435/1152/1117 1208/1143/890 1224/1153/906
f 1202/1148/884 1201/1144/883 1217/1154/899 1218/1155/900
f 1195/1149/877 1194/1146/876 1210/1156/892 1211/1157/893
f 1203/1150/885 1202/1148/884 1218/1155/900 1219/1158/901
f 1196/1151/878 1195/1149/877 1211/1157/893 1212/1159/894
f 1204/1135/886 1203/1150/885 1219/1158/901 1220/1160/902
f 1197/1137/879 1196/1151/878 1212/1159/894 1213/1161/895
f 1205/1136/887 1204/1135/886 1220/1160/902 1221/1162/903
f 1198/1138/880 1197/1137/879 1213/1161/895 1214/1163/896
f 1206/1139/888 1205/1136/887 1221/1162/903 1222/1164/904
f 1199/1140/881 1198/1138/880 1214/1163/896 1215/1165/897
f 1207/1141/889 1206/1139/888 1222/1164/904 1223/1166/905
f 1200/1142/882 1199/1140/881 1215/1165/897 1216/1167/898
f 1208/1143/890 1207/1141/889 1223/1166/905 1224/1153/906
f 1201/1144/883 1200/1142/882 1216/1167/898 1217/1154/899
f 1194/1146/876 1209/1168/891 1210/1156/892
f 1222/1164/904 1221/1162/903 1236/1169/918 1237/1170/919
f 1215/1165/897 1214/1163/896 1229/1171/911 1230/1172/912
f 1223/1166/905 1222/1164/904 1237/1170/919 1238/1173/920
f 1216/1167/898 1215/1165/897 1230/1172/912 1231/1174/913
f 1224/1153/906 1223/1166/905 1238/1173/920 1239/1175/921
f 1217/1154/899 1216/1167/898 1231/1174/913 1232/1176/914
f 1210/1156/892 1209/1177/891 1225/1178/907
f 1435/1179/1117 1224/1153/906 1239/1175/921
f 1218/1155/900 1217/1154/899 1232/1176/914 1233/1180/915
f 1211/1157/893 1210/1156/892 1225/1178/907 1226/1181/908
f 1219/1158/901 1218/1155/900 1233/1180/915 1234/1182/916
f 1212/1159/894 1211/1157/893 1226/1181/908 1227/1183/909
f 1220/1160/902 1219/1158/901 1234/1182/916 1235/1184/917
f 1213/1161/895 1212/1159/894 1227/1183/909 1228/1185/910
f 1221/1162/903 1220/1160/902 1235/1184/917 1236/1169/918
f 1214/1163/896 1213/1161/895 1228/1185/910 1229/1171/911
f 1226/1181/908 1225/1178/907 1240/1186/922 1241/1187/923
f 1234/1182/916 1233/1180/915 1248/1188/930 1249/1189/931
f 1227/1183/909 1226/1181/908 1241/1187/923 1242/1190/924
f 1235/1184/917 1234/1182/916 1249/1189/931 1250/1191/932
f 1228/1185/910 1227/1183/909 1242/1190/924 1243/1192/925
f 1236/1169/918 1235/1184/917 1250/1191/932 1251/1193/933
f 1229/1171/911 1228/1185/910 1243/1192/925 1244/1194/926
f 1237/1170/919 1236/1169/918 1251/1193/933 1252/1195/934
f 1230/1172/912 1229/1171/911 1244/1194/926 1245/1196/927
f 1238/1173/920 1237/1170/919 1252/1195/934 1253/1197/935
f 1231/1174/913 1230/1172/912 1245/1196/927 1246/1198/928
f 1239/1175/921 1238/1173/920 1253/1197/935 1254/1199/936
f 1232/1176/914 1231/1174/913 1246/1198/928 1247/1200/929
f 1225/1178/907 1209/1201/891 1240/1186/922
f 1435/1202/1117 1239/1175/921 1254/1199/936
f 1233/1180/915 1232/1176/914 1247/1200/929 1248/1188/930
f 1245/1196/927 1244/1194/926 1259/1203/941 1260/1204/942
f 1253/1197/935 1252/1195/934 1267/1205/949 1268/1206/950
f 1246/1198/928 1245/1196/927 1260/1204/942 1261/1207/943
f 1254/1199/936 1253/1197/935 1268/1206/950 1269/1208/951
f 1247/1200/929 1246/1198/928 1261/1207/943 1262/1209/944
f 1240/1186/922 1209/1210/891 1255/1211/937
f 1435/1212/1117 1254/1199/936 1269/1208/951
f 1248/1188/930 1247/1200/929 1262/1209/944 1263/1213/945
f 1241/1187/923 1240/1186/922 1255/1211/937 1256/1214/938
f 1249/1189/931 1248/1188/930 1263/1213/945 1264/1215/946
f 1242/1190/924 1241/1187/923 1256/1214/938 1257/1216/939
f 1250/1191/932 1249/1189/931 1264/1215/946 1265/1217/947
f 1243/1192/925 1242/1190/924 1257/1216/939 1258/1218/940
f 1251/1193/933 1250/1191/932 1265/1217/947 1266/1219/948
f 1244/1194/926 1243/1192/925 1258/1218/940 1259/1203/941
f 1252/1195/934 1251/1193/933 1266/1219/948 1267/1205/949
f 1264/1215/946 1263/1213/945 1278/1220/960 1279/1221/961
f 1257/1216/939 1256/1214/938 1271/1222/953 1272/1223/954
f 1265/1217/947 1264/1215/946 1279/1221/961 1280/1224/962
f 1258/1218/940 1257/1216/939 1272/1223/954 1273/1225/955
f 1266/1219/948 1265/1217/947 1280/1224/962 1281/1226/963
f 1259/1203/941 1258/1218/940 1273/1225/955 1274/1227/956
f 1267/1205/949 1266/1219/948 1281/1226/963 1282/1228/964
f 1260/1204/942 1259/1203/941 1274/1227/956 1275/1229/957
f 1268/1206/950 1267/1205/949 1282/1228/964 1283/1230/965
f 1261/1207/943 1260/1204/942 1275/1229/957 1276/1231/958
f 1269/1208/951 1268/1206/950 1283/1230/965 1284/1232/966
f 1262/1209/944 1261/1207/943 1276/1231/958 1277/1233/959
f 1255/1211/937 1209/1234/891 1270/1235/952
f 1435/1236/1117 1269/1208/951 1284/1232/966
f 1263/1213/945 1262/1209/944 1277/1233/959 1278/1220/960
f 1256/1214/938 1255/1211/937 1270/1235/952 1271/1222/953
f 1283/1230/965 1282/1228/964 1297/1237/979 1298/1238/980
f 1276/1231/958 1275/1229/957 1290/1239/972 1291/1240/973
f 1284/1232/966 1283/1230/965 1298/1238/980 1299/1241/981
f 1277/1233/959 1276/1231/958 1291/1240/973 1292/1242/974
f 1270/1235/952 1209/1243/891 1285/1244/967
f 1435/1245/1117 1284/1232/966 1299/1241/981
f 1278/1220/960 1277/1233/959 1292/1242/974 1293/1246/975
f 1271/1222/953 1270/1235/952 1285/1244/967 1286/1247/968
f 1279/1221/961 1278/1220/960 1293/1246/975 1294/1248/976
f 1272/1223/954 1271/1222/953 1286/1247/968 1287/1249/969
f 1280/1224/962 1279/1221/961 1294/1248/976 1295/1250/977
f 1273/1225/955 1272/1223/954 1287/1249/969 1288/1251/970
f 1281/1226/963 1280/1224/962 1295/1250/977 1296/1252/978
f 1274/1227/956 1273/1225/955 1288/1251/970 1289/1253/971
f 1282/1228/964 1281/1226/963 1296/1252/978 1297/1237/979
f 1275/1229/957 1274/1227/956 1289/1253/971 1290/1239/972
f 1287/1249/969 1286/1247/968 1301/1254/983 1302/1255/984
f 1295/1250/977 1294/1248/976 1309/1256/991 1310/1257/992
f 1288/1251/970 1287/1249/969 1302/1255/984 1303/1258/985
f 1296/1252/978 1295/1250/977 1310/1257/992 1311/1259/993
f 1289/1253/971 1288/1251/970 1303/1258/985 1304/1260/986
f 1297/1237/979 1296/1252/978 1311/1259/993 1312/1261/994
f 1290/1239/972 1289/1253/971 1304/1260/986 1305/1262/987
f 1298/1238/980 1297/1237/979 1312/1261/994 1313/1263/995
f 1291/1240/973 1290/1239/972 1305/1262/987 1306/1264/988
f 1299/1241/981 1298/1238/980 1313/1263/995 1314/1265/996
f 1292/1242/974 1291/1240/973 1306/1264/988 1307/1266/989
f 1285/1244/967 1209/1267/891 1300/1268/982
f 1435/1269/1117 1299/1241/981 1314/1265/996
f 1293/1246/975 1292/1242/974 1307/1266/989 1308/1270/990
f 1286/1247/968 1285/1244/967 1300/1268/982 1301/1254/983
f 1294/1248/976 1293/1246/975 1308/1270/990 1309/1256/991
f 1306/1264/988 1305/1262/987 1320/1271/1002 1321/1272/1003
f 1314/1265/996 1313/1263/995 1328/1273/1010 1329/1274/1011
f 1307/1266/989 1306/1264/988 1321/1272/1003 1322/1275/1004
f 1300/1268/982 1209/1276/891 1315/1277/997
f 1435/1278/1117 1314/1265/996 1329/1274/1011
f 1308/1270/990 1307/1266/989 1322/1275/1004 1323/1279/1005
f 1301/1254/983 1300/1268/982 1315/1277/997 1316/1280/998
f 1309/1256/991 1308/1270/990 1323/1279/1005 1324/1281/1006
f 1302/1255/984 1301/1254/983 1316/1280/998 1317/1282/999
f 1310/1257/992 1309/1256/991 1324/1281/1006 1325/1283/1007
f 1303/1258/985 1302/1255/984 1317/1282/999 1318/1284/1000
f 1311/1259/993 1310/1257/992 1325/1283/1007 1326/1285/1008
f 1304/1260/986 1303/1258/985 1318/1284/1000 1319/1286/1001
f 1312/1261/994 1311/1259/993 1326/1285/1008 1327/1287/1009
f 1305/1262/987 1304/1260/986 1319/1286/1001 1320/1271/1002
f 1313/1263/995 1312/1261/994 1327/1287/1009 1328/1273/1010
f 1325/1283/1007 1324/1281/1006 1339/1288/1021 1340/1289/1022
f 1318/1284/1000 1317/1282/999 1332/1290/1014 1333/1291/1015
f 1326/1285/1008 1325/1283/1007 1340/1289/1022 1341/1292/1023
f 1319/1286/1001 1318/1284/1000 1333/1291/1015 1334/1293/1016
f 1327/1287/1009 1326/1285/1008 1341/1292/1023 1342/1294/1024
f 1320/1271/1002 1319/1286/1001 1334/1293/1016 1335/1295/1017
f 1328/1273/1010 1327/1287/1009 1342/1294/1024 1343/1296/1025
f 1321/1272/1003 1320/1271/1002 1335/1295/1017 1336/1297/1018
f 1329/1274/1011 1328/1273/1010 1343/1296/1025 1344/1298/1026
f 1322/1275/1004 1321/1272/1003 1336/1297/1018 1337/1299/1019
f 1315/1277/997 1209/1300/891 1330/1301/1012
f 1435/1302/1117 1329/1274/1011 1344/1298/1026
f 1323/1279/1005 1322/1275/1004 1337/1299/1019 1338/1303/1020
f 1316/1280/998 1315/1277/997 1330/1301/1012 1331/1304/1013
f 1324/1281/1006 1323/1279/1005 1338/1303/1020 1339/1288/1021
f 1317/1282/999 1316/1280/998 1331/1304/1013 1332/1290/1014
f 1344/1298/1026 1343/1296/1025 1358/1305/1040 1359/1306/1041
f 1337/1299/1019 1336/1297/1018 1351/1307/1033 1352/1308/1034
f 1330/1301/1012 1209/1309/891 1345/1310/1027
f 1435/1311/1117 1344/1298/1026 1359/1306/1041
f 1338/1303/1020 1337/1299/1019 1352/1308/1034 1353/1312/1035
f 1331/1304/1013 1330/1301/1012 1345/1310/1027 1346/1313/1028
f 1339/1288/1021 1338/1303/1020 1353/1312/1035 1354/1314/1036
f 1332/1290/1014 1331/1304/1013 1346/1313/1028 1347/1315/1029
f 1340/1289/1022 1339/1288/1021 1354/1314/1036 1355/1316/1037
f 1333/1291/1015 1332/1290/1014 1347/1315/1029 1348/1317/1030
f 1341/1292/1023 1340/1289/1022 1355/1316/1037 1356/1318/1038
f 1334/1293/1016 1333/1291/1015 1348/1317/1030 1349/1319/1031
f 1342/1294/1024 1341/1292/1023 1356/1318/1038 1357/1320/1039
f 1335/1295/1017 1334/1293/1016 1349/1319/1031 1350/1321/1032
f 1343/1296/1025 1342/1294/1024 1357/1320/1039 1358/1305/1040
f 1336/1297/1018 1335/1295/1017 1350/1321/1032 1351/1307/1033
f 1356/1318/1038 1355/1316/1037 1370/1322/1052 1371/1323/1053
f 1349/1319/1031 1348/1317/1030 1363/1324/1045 1364/1325/1046
f 1357/1320/1039 1356/1318/1038 1371/1323/1053 1372/1326/1054
f 1350/1321/1032 1349/1319/1031 1364/1325/1046 1365/1327/1047
f 1358/1305/1040 1357/1320/1039 1372/1326/1054 1373/1328/1055
f 1351/1307/1033 1350/1321/1032 1365/1327/1047 1366/1329/1048
f 1359/1306/1041 1358/1305/1040 1373/1328/1055 1374/1330/1056
f 1352/1308/1034 1351/1307/1033 1366/1329/1048 1367/1331/1049
f 1345/1310/1027 1209/1332/891 1360/1333/1042
f 1435/1334/1117 1359/1306/1041 1374/1330/1056
f 1353/1312/1035 1352/1308/1034 1367/1331/1049 1368/1335/1050
f 1346/1313/1028 1345/1310/1027 1360/1333/1042 1361/1336/1043
f 1354/1314/1036 1353/1312/1035 1368/1335/1050 1369/1337/1051
f 1347/1315/1029 1346/1313/1028 1361/1336/1043 1362/1338/1044
f 1355/1316/1037 1354/1314/1036 1369/1337/1051 1370/1322/1052
f 1348/1317/1030 1347/1315/1029 1362/1338/1044 1363/1324/1045
f 1360/1333/1042 1209/1339/891 1375/1340/1057
f 1435/1341/1117 1374/1330/1056 1389/1342/1071
f 1368/1335/1050 1367/1331/1049 1382/1343/1064 1383/1344/1065
f 1361/1336/1043 1360/1333/1042 1375/1340/1057 1376/1345/1058
f 1369/1337/1051 1368/1335/1050 1383/1344/1065 1384/1346/1066
f 1362/1338/1044 1361/1336/1043 1376/1345/1058 1377/1347/1059
f 1370/1322/1052 1369/1337/1051 1384/1346/1066 1385/1348/1067
f 1363/1324/1045 1362/1338/1044 1377/1347/1059 1378/1349/1060
f 1371/1323/1053 1370/1322/1052 1385/1348/1067 1386/1350/1068
f 1364/1325/1046 1363/1324/1045 1378/1349/1060 1379/1351/1061
f 1372/1326/1054 1371/1323/1053 1386/1350/1068 1387/1352/1069
f 1365/1327/1047 1364/1325/1046 1379/1351/1061 1380/1353/1062
f 1373/1328/1055 1372/1326/1054 1387/1352/1069 1388/1354/1070
f 1366/1329/1048 1365/1327/1047 1380/1353/1062 1381/1355/1063
f 1374/1330/1056 1373/1328/1055 1388/1354/1070 1389/1342/1071
f 1367/1331/1049 1366/1329/1048 1381/1355/1063 1382/1343/1064
f 1379/1351/1061 1378/1349/1060 1393/1356/1075 1394/1357/1076
f 1387/1352/1069 1386/1350/1068 1401/1358/1083 1402/1359/1084
f 1380/1353/1062 1379/1351/1061 1394/1357/1076 1395/1360/1077
f 1388/1354/1070 1387/1352/1069 1402/1359/1084 1403/1361/1085
f 1381/1355/1063 1380/1353/1062 1395/1360/1077 1396/1362/1078
f 1389/1342/1071 1388/1354/1070 1403/1361/1085 1404/1363/1086
f 1382/1343/1064 1381/1355/1063 1396/1362/1078 1397/1364/1079
f 1375/1340/1057 1209/1365/891 1390/1366/1072
f 1435/1367/1117 1389/1342/1071 1404/1363/1086
f 1383/1344/1065 1382/1343/1064 1397/1364/1079 1398/1368/1080
f 1376/1345/1058 1375/1340/1057 1390/1366/1072 1391/1369/1073
f 1384/1346/1066 1383/1344/1065 1398/1368/1080 1399/1370/1081
f 1377/1347/1059 1376/1345/1058 1391/1369/1073 1392/1371/1074
f 1385/1348/1067 1384/1346/1066 1399/1370/1081 1400/1372/1082
f 1378/1349/1060 1377/1347/1059 1392/1371/1074 1393/1356/1075
f 1386/1350/1068 1385/1348/1067 1400/1372/1082 1401/1358/1083
f 1398/1368/1080 1397/1364/1079 1412/1373/1094 1413/1374/1095
f 1391/1369/1073 1390/1366/1072 1405/1375/1087 1406/1376/1088
f 1399/1370/1081 1398/1368/1080 1413/1374/1095 1414/1377/1096
f 1392/1371/1074 1391/1369/1073 1406/1376/1088 1407/1378/1089
f 1400/1372/1082 1399/1370/1081 1414/1377/1096 1415/1379/1097
f 1393/1356/1075 1392/1371/1074 1407/1378/1089 1408/1380/1090
f 1401/1358/1083 1400/1372/1082 1415/1379/1097 1416/1381/1098
f 1394/1357/1076 1393/1356/1075 1408/1380/1090 1409/1382/1091
f 1402/1359/1084 1401/1358/1083 1416/1381/1098 1417/1383/1099
f 1395/1360/1077 1394/1357/1076 1409/1382/1091 1410/1384/1092
f 1403/1361/1085 1402/1359/1084 1417/1383/1099 1418/1385/1100
f 1396/1362/1078 1395/1360/1077 1410/1384/1092 1411/1386/1093
f 1404/1363/1086 1403/1361/1085 1418/1385/1100 1419/1387/1101
f 1397/1364/1079 1396/1362/1078 1411/1386/1093 1412/1373/1094
f 1390/1366/1072 1209/1388/891 1405/1375/1087
f 1435/1389/1117 1404/1363/1086 1419/1387/1101
f 1417/1383/1099 1416/1381/1098 1431/1390/1113 1432/1391/1114
f 1410/1384/1092 1409/1382/1091 1424/1392/1106 1425/1393/1107
f 1418/1385/1100 1417/1383/1099 1432/1391/1114 1433/1394/1115
f 1411/1386/1093 1410/1384/1092 1425/1393/1107 1426/1395/1108
f 1419/1387/1101 1418/1385/1100 1433/1394/1115 1434/1396/1116
f 1412/1373/1094 1411/1386/1093 1426/1395/1108 1427/1397/1109
f 1405/1375/1087 1209/1398/891 1420/1399/1102
f 1435/1400/1117 1419/1387/1101 1434/1396/1116
f 1413/1374/1095 1412/1373/1094 1427/1397/1109 1428/1401/1110
f 1406/1376/1088 1405/1375/1087 1420/1399/1102 1421/1402/1103
f 1414/1377/1096 1413/1374/1095 1428/1401/1110 1429/1403/1111
f 1407/1378/1089 1406/1376/1088 1421/1402/1103 1422/1404/1104
f 1415/1379/1097 1414/1377/1096 1429/1403/1111 1430/1405/1112
f 1408/1380/1090 1407/1378/1089 1422/1404/1104 1423/1406/1105
f 1416/1381/1098 1415/1379/1097 1430/1405/1112 1431/1390/1113
f 1409/1382/1091 1408/1380/1090 1423/1406/1105 1424/1392/1106
f 1421/1402/1103 1420/1399/1102 1436/1407/1118 1437/1408/1119
f 1429/1403/1111 1428/1401/1110 1444/1409/1126 1445/1410/1127
f 1422/1404/1104 1421/1402/1103 1437/1408/1119 1438/1411/1120
f 1430/1405/1112 1429/1403/1111 1445/1410/1127 1446/1412/1128
f 1423/1406/1105 1422/1404/1104 1438/1411/1120 1439/1413/1121
f 1431/1390/1113 1430/1405/1112 1446/1412/1128 1447/1414/1129
f 1424/1392/1106 1423/1406/1105 1439/1413/1121 1440/1415/1122
f 1432/1391/1114 1431/1390/1113 1447/1414/1129 1448/1416/1130
f 1425/1393/1107 1424/1392/1106 1440/1415/1122 1441/1417/1123
f 1433/1394/1115 1432/1391/1114 1448/1416/1130 1449/1418/1131
f 1426/1395/1108 1425/1393/1107 1441/1417/1123 1442/1419/1124
f 1434/1396/1116 1433/1394/1115 1449/1418/1131 1450/1420/1132
f 1427/1397/1109 1426/1395/1108 1442/1419/1124 1443/1421/1125
f 1420/1399/1102 1209/1422/891 1436/1407/1118
f 1435/1423/1117 1434/1396/1116 1450/1420/1132
f 1428/1401/1110 1427/1397/1109 1443/1421/1125 1444/1409/1126
f 1441/1417/1123 1440/1415/1122 1455/1424/1137 1456/1425/1138
f 1449/1418/1131 1448/1416/1130 1463/1426/1145 1464/1427/1146
f 1442/1419/1124 1441/1417/1123 1456/1425/1138 1457/1428/1139
f 1450/1420/1132 1449/1418/1131 1464/1427/1146 1465/1429/1147
f 1443/1421/1125 1442/1419/1124 1457/1428/1139 1458/1430/1140
f 1436/1407/1118 1209/1431/891 1451/1432/1133
f 1435/1433/1117 1450/1420/1132 1465/1429/1147
f 1444/1409/1126 1443/1421/1125 1458/1430/1140 1459/1434/1141
f 1437/1408/1119 1436/1407/1118 1451/1432/1133 1452/1435/1134
f 1445/1410/1127 1444/1409/1126 1459/1434/1141 1460/1436/1142
f 1438/1411/1120 1437/1408/1119 1452/1435/1134 1453/1437/1135
f 1446/1412/1128 1445/1410/1127 1460/1436/1142 1461/1438/1143
f 1439/1413/1121 1438/1411/1120 1453/1437/1135 1454/1439/1136
f 1447/1414/1129 1446/1412/1128 1461/1438/1143 1462/1440/1144
f 1440/1415/1122 1439/1413/1121 1454/1439/1136 1455/1424/1137
f 1448/1416/1130 1447/1414/1129 1462/1440/1144 1463/1426/1145
f 1460/1436/1142 1459/1434/1141 1474/1441/1156 1475/1442/1157
f 1453/1437/1135 1452/1435/1134 1467/1443/1149 1468/1444/1150
f 1461/1438/1143 1460/1436/1142 1475/1442/1157 1476/1445/1158
f 1454/1439/1136 1453/1437/1135 1468/1444/1150 1469/1446/1151
f 1462/1440/1144 1461/1438/1143 1476/1445/1158 1477/1447/1159
f 1455/1424/1137 1454/1439/1136 1469/1446/1151 1470/1448/1152
f 1463/1426/1145 1462/1440/1144 1477/1447/1159 1478/1449/1160
f 1456/1425/1138 1455/1424/1137 1470/1448/1152 1471/1450/1153
f 1464/1427/1146 1463/1426/1145 1478/1449/1160 1479/1451/1161
f 1457/1428/1139 1456/1425/1138 1471/1450/1153 1472/1452/1154
f 1465/1429/1147 1464/1427/1146 1479/1451/1161 1480/1453/1162
f 1458/1430/1140 1457/1428/1139 1472/1452/1154 1473/1454/1155
f 1451/1432/1133 1209/1455/891 1466/1456/1148
f 1435/1457/1117 1465/1429/1147 1480/1453/1162
f 1459/1434/1141 1458/1430/1140 1473/1454/1155 1474/1441/1156
f 1452/1435/1134 1451/1432/1133 1466/1456/1148 1467/1443/1149
f 1479/1451/1161 1478/1449/1160 1493/1458/1175 1494/1459/1176
f 1472/1452/1154 1471/1450/1153 1486/1460/1168 1487/1461/1169
f 1480/1453/1162 1479/1451/1161 1494/1459/1176 1495/1462/1177
f 1473/1454/1155 1472/1452/1154 1487/1461/1169 1488/1463/1170
f 1466/1456/1148 1209/1464/891 1481/1465/1163
f 1435/1466/1117 1480/1453/1162 1495/1462/1177
f 1474/1441/1156 1473/1454/1155 1488/1463/1170 1489/1467/1171
f 1467/1443/1149 1466/1456/1148 1481/1465/1163 1482/1468/1164
f 1475/1442/1157 1474/1441/1156 1489/1467/1171 1490/1469/1172
f 1468/1444/1150 1467/1443/1149 1482/1468/1164 1483/1470/1165
f 1476/1445/1158 1475/1442/1157 1490/1469/1172 1491/1471/1173
f 1469/1446/1151 1468/1444/1150 1483/1470/1165 1484/1472/1166
f 1477/1447/1159 1476/1445/1158 1491/1471/1173 1492/1473/1174
f 1470/1448/1152 1469/1446/1151 1484/1472/1166 1485/1474/1167
f 1478/1449/1160 1477/1447/1159 1492/1473/1174 1493/1458/1175
f 1471/1450/1153 1470/1448/1152 1485/1474/1167 1486/1460/1168
f 1491/1475/1173 1490/1476/1172 1505/1477/1187 1506/1478/1188
f 1484/1479/1166 1483/1480/1165 1498/1481/1180 1499/1482/1181
f 1492/1483/1174 1491/1475/1173 1506/1478/1188 1507/1484/1189
f 1485/1485/1167 1484/1479/1166 1499/1482/1181 1500/1486/1182
f 1493/1487/1175 1492/1483/1174 1507/1484/1189 1508/1488/1190
f 1486/1489/1168 1485/1485/1167 1500/1486/1182 1501/1490/1183
f 1494/1491/1176 1493/1487/1175 1508/1488/1190 1509/1492/1191
f 1487/1493/1169 1486/1489/1168 1501/1490/1183 1502/1494/1184
f 1495/1495/1177 1494/1491/1176 1509/1492/1191 1510/1496/1192
f 1488/1497/1170 1487/1493/1169 1502/1494/1184 1503/1498/1185
f 1481/1499/1163 1209/1500/891 1496/1501/1178
f 1435/1502/1117 1495/1495/1177 1510/1496/1192
f 1489/1503/1171 1488/1497/1170 1503/1498/1185 1504/1504/1186
f 1482/1505/1164 1481/1499/1163 1496/1501/1178 1497/1506/1179
f 1490/1476/1172 1489/1503/1171 1504/1504/1186 1505/1477/1187
f 1483/1480/1165 1482/1505/1164 1497/1506/1179 1498/1481/1180
f 1510/1496/1192 1509/1492/1191 1524/1507/1206 1525/1508/1207
f 1503/1498/1185 1502/1494/1184 1517/1509/1199 1518/1510/1200
f 1496/1501/1178 1209/1511/891 1511/1512/1193
f 1435/1513/1117 1510/1496/1192 1525/1508/1207
f 1504/1504/1186 1503/1498/1185 1518/1510/1200 1519/1514/1201
f 1497/1506/1179 1496/1501/1178 1511/1512/1193 1512/1515/1194
f 1505/1477/1187 1504/1504/1186 1519/1514/1201 1520/1516/1202
f 1498/1481/1180 1497/1506/1179 1512/1515/1194 1513/1517/1195
f 1506/1478/1188 1505/1477/1187 1520/1516/1202 1521/1518/1203
f 1499/1482/1181 1498/1481/1180 1513/1517/1195 1514/1519/1196
f 1507/1484/1189 1506/1478/1188 1521/1518/1203 1522/1520/1204
f 1500/1486/1182 1499/1482/1181 1514/1519/1196 1515/1521/1197
f 1508/1488/1190 1507/1484/1189 1522/1520/1204 1523/1522/1205
f 1501/1490/1183 1500/1486/1182 1515/1521/1197 1516/1523/1198
f 1509/1492/1191 1508/1488/1190 1523/1522/1205 1524/1507/1206
f 1502/1494/1184 1501/1490/1183 1516/1523/1198 1517/1509/1199
f 1514/1519/1196 1513/1517/1195 1528/1524/1210 1529/1525/1211
f 1522/1520/1204 1521/1518/1203 1536/1526/1218 1537/1527/1219
f 1515/1521/1197 1514/1519/1196 1529/1525/1211 1530/1528/1212
f 1523/1522/1205 1522/1520/1204 1537/1527/1219 1538/1529/1220
f 1516/1523/1198 1515/1521/1197 1530/1528/1212 1531/1530/1213
f 1524/1507/1206 1523/1522/1205 1538/1529/1220 1539/1531/1221
f 1517/1509/1199 1516/1523/1198 1531/1530/1213 1532/1532/1214
f 1525/1508/1207 1524/1507/1206 1539/1531/1221 1540/1533/1222
f 1518/1510/1200 1517/1509/1199 1532/1532/1214 1533/1534/1215
f 1511/1512/1193 1209/1535/891 1526/1536/1208
f 1435/1537/1117 1525/1508/1207 1540/1533/1222
f 1519/1514/1201 1518/1510/1200 1533/1534/1215 1534/1538/1216
f 1512/1515/1194 1511/1512/1193 1526/1536/1208 1527/1539/1209
f 1520/1516/1202 1519/1514/1201 1534/1538/1216 1535/1540/1217
f 1513/1517/1195 1512/1515/1194 1527/1539/1209 1528/1524/1210
f 1521/1518/1203 1520/1516/1202 1535/1540/1217 1536/1526/1218
f 1533/1534/1215 1532/1532/1214 1547/1541/1229 1548/1542/1230
f 1526/1536/1208 1209/1543/891 1541/1544/1223
f 1435/1545/1117 1540/1533/1222 1555/1546/1237
f 1534/1538/1216 1533/1534/1215 1548/1542/1230 1549/1547/1231
f 1527/1539/1209 1526/1536/1208 1541/1544/1223 1542/1548/1224
f 1535/1540/1217 1534/1538/1216 1549/1547/1231 1550/1549/1232
f 1528/1524/1210 1527/1539/1209 1542/1548/1224 1543/1550/1225
f 1536/1526/1218 1535/1540/1217 1550/1549/1232 1551/1551/1233
f 1529/1525/1211 1528/1524/1210 1543/1550/1225 1544/1552/1226
f 1537/1527/1219 1536/1526/1218 1551/1551/1233 1552/1553/1234
f 1530/1528/1212 1529/1525/1211 1544/1552/1226 1545/1554/1227
f 1538/1529/1220 1537/1527/1219 1552/1553/1234 1553/1555/1235
f 1531/1530/1213 1530/1528/1212 1545/1554/1227 1546/1556/1228
f 1539/1531/1221 1538/1529/1220 1553/1555/1235 1554/1557/1236
f 1532/1532/1214 1531/1530/1213 1546/1556/1228 1547/1541/1229
f 1540/1533/1222 1539/1531/1221 1554/1557/1236 1555/1546/1237
f 1552/1553/1234 1551/1551/1233 1566/1558/1248 1567/1559/1249
f 1545/1554/1227 1544/1552/1226 1559/1560/1241 1560/1561/1242
f 1553/1555/1235 1552/1553/1234 1567/1559/1249 1568/1562/1250
f 1546/1556/1228 1545/1554/1227 1560/1561/1242 1561/1563/1243
f 1554/1557/1236 1553/1555/1235 1568/1562/1250 1569/1564/1251
f 1547/1541/1229 1546/1556/1228 1561/1563/1243 1562/1565/1244
f 1555/1546/1237 1554/1557/1236 1569/1564/1251 1570/1566/1252
f 1548/1542/1230 1547/1541/1229 1562/1565/1244 1563/1567/1245
f 1541/1544/1223 1209/1568/891 1556/1569/1238
f 1435/1570/1117 1555/1546/1237 1570/1566/1252
f 1549/1547/1231 1548/1542/1230 1563/1567/1245 1564/1571/1246
f 1542/1548/1224 1541/1544/1223 1556/1569/1238 1557/1572/1239
f 1550/1549/1232 1549/1547/1231 1564/1571/1246 1565/1573/1247
f 1543/1550/1225 1542/1548/1224 1557/1572/1239 1558/1574/1240
f 1551/1551/1233 1550/1549/1232 1565/1573/1247 1566/1558/1248
f 1544/1552/1226 1543/1550/1225 1558/1574/1240 1559/1560/1241
f 1556/1569/1238 1209/1575/891 1571/1576/1253
f 1435/1577/1117 1570/1566/1252 1585/1578/1267
f 1564/1571/1246 1563/1567/1245 1578/1579/1260 1579/1580/1261
f 1557/1572/1239 1556/1569/1238 1571/1576/1253 1572/1581/1254
f 1565/1573/1247 1564/1571/1246 1579/1580/1261 1580/1582/1262
f 1558/1574/1240 1557/1572/1239 1572/1581/1254 1573/1583/1255
f 1566/1558/1248 1565/1573/1247 1580/1582/1262 1581/1584/1263
f 1559/1560/1241 1558/1574/1240 1573/1583/1255 1574/1585/1256
f 1567/1559/1249 1566/1558/1248 1581/1584/1263 1582/1586/1264
f 1560/1561/1242 1559/1560/1241 1574/1585/1256 1575/1587/1257
f 1568/1562/1250 1567/1559/1249 1582/1586/1264 1583/1588/1265
f 1561/1563/1243 1560/1561/1242 1575/1587/1257 1576/1589/1258
f 1569/1564/1251 1568/1562/1250 1583/1588/1265 1584/1590/1266
f 1562/1565/1244 1561/1563/1243 1576/1589/1258 1577/1591/1259
f 1570/1566/1252 1569/1564/1251 1584/1590/1266 1585/1578/1267
f 1563/1567/1245 1562/1565/1244 1577/1591/1259 1578/1579/1260
f 1575/1587/1257 1574/1585/1256 1589/1592/1271 1590/1593/1272
f 1583/1588/1265 1582/1586/1264 1597/1594/1279 1598/1595/1280
f 1576/1589/1258 1575/1587/1257 1590/1593/1272 1591/1596/1273
f 1584/1590/1266 1583/1588/1265 1598/1595/1280 1599/1597/1281
f 1577/1591/1259 1576/1589/1258 1591/1596/1273 1592/1598/1274
f 1585/1578/1267 1584/1590/1266 1599/1597/1281 1600/1599/1282
f 1578/1579/1260 1577/1591/1259 1592/1598/1274 1593/1600/1275
f 1571/1576/1253 1209/1601/891 1586/1602/1268
f 1435/1603/1117 1585/1578/1267 1600/1599/1282
f 1579/1580/1261 1578/1579/1260 1593/1600/1275 1594/1604/1276
f 1572/1581/1254 1571/1576/1253 1586/1602/1268 1587/1605/1269
f 1580/1582/1262 1579/1580/1261 1594/1604/1276 1595/1606/1277
f 1573/1583/1255 1572/1581/1254 1587/1605/1269 1588/1607/1270
f 1581/1584/1263 1580/1582/1262 1595/1606/1277 1596/1608/1278
f 1574/1585/1256 1573/1583/1255 1588/1607/1270 1589/1592/1271
f 1582/1586/1264 1581/1584/1263 1596/1608/1278 1597/1594/1279
f 1594/1604/1276 1593/1600/1275 1131/1056/813 1132/1055/814
f 1587/1605/1269 1586/1602/1268 1601/1060/1283 1602/1059/1284
f 1595/1606/1277 1594/1604/1276 1132/1055/814 1605/1063/1287
f 1588/1607/1270 1587/1605/1269 1602/1059/1284 1128/1065/810
f 1596/1608/1278 1595/1606/1277 1605/1063/1287 1133/1067/815
f 1589/1592/1271 1588/1607/1270 1128/1065/810 1603/1069/1285
f 1597/1594/1279 1596/1608/1278 1133/1067/815 1606/1071/1288
f 1590/1593/1272 1589/1592/1271 1603/1069/1285 1129/1073/811
f 1598/1595/1280 1597/1594/1279 1606/1071/1288 1607/1075/1289
f 1591/1596/1273 1590/1593/1272 1129/1073/811 1604/1077/1286
f 1599/1597/1281 1598/1595/1280 1607/1075/1289 1608/1079/1290
f 1592/1598/1274 1591/1596/1273 1604/1077/1286 1130/1081/812
f 1600/1599/1282 1599/1597/1281 1608/1079/1290 1609/1053/1291
f 1593/1600/1275 1592/1598/1274 1130/1081/812 1131/1056/813
f 1586/1602/1268 1209/1609/891 1601/1060/1283
f 1435/1610/1117 1600/1599/1282 1609/1053/1291
o Sphere.002
v -0.117777 2.443023 0.402109
v -0.305473 2.448796 -0.208396
v 0.739790 1.560002 -0.767970
v 0.848805 1.334828 -0.625814
v 0.892519 0.964974 -0.224541
v 0.277237 2.432875 0.419279
v 0.087620 2.450533 0.429583
v -0.118673 2.478068 0.309941
v -0.247763 2.492110 0.025336
v -0.185722 2.432722 -0.377859
v 0.110767 2.231785 -0.723871
v 0.637408 1.738334 -0.808737
v 0.897189 1.306518 -0.544156
v 0.893099 0.926804 -0.082673
v 0.648760 0.724236 0.281172
v -0.057823 0.654476 0.560228
v -0.386767 0.685840 0.448874
v -0.547787 0.702416 0.232461
v -0.598373 0.702745 -0.036993
v -0.520165 0.661065 -0.190061
v 0.266072 2.450932 0.383414
v 0.080314 2.479304 0.361981
v -0.096750 2.506319 0.227604
v -0.195846 2.507248 -0.028066
v -0.041439 2.391829 -0.512025
v 0.258980 2.164719 -0.759807
v 0.664258 1.770950 -0.780743
v 0.848373 0.867723 0.119137
v -0.456047 0.732476 0.465466
v -0.628777 0.730264 -0.116410
v -0.533640 0.677974 -0.220577
v 0.262609 2.466573 0.345116
v 0.089464 2.502741 0.295884
v -0.046794 2.526653 0.182777
v 0.209410 2.279329 -0.671074
v 0.450418 2.074086 -0.760449
v 0.762658 1.732638 -0.710590
v 0.748934 0.824043 0.328976
v -0.666984 0.834182 0.304906
v -0.740285 0.846772 0.044651
v -0.672166 0.779049 -0.145309
v -0.544514 0.695709 -0.242522
v 0.266698 2.479185 0.305659
v 0.111621 2.520387 0.228827
v 0.020604 2.540147 0.126601
v 0.376140 2.197014 -0.697102
v 0.626470 1.963084 -0.724234
v 0.828033 1.717603 -0.641133
v 0.754972 0.858667 0.391983
v 0.704505 0.842607 0.434071
v -0.088071 0.793938 0.726477
v -0.480015 0.862167 0.596155
v -0.721461 0.897286 0.299052
v -0.765382 0.876206 0.024126
v -0.706569 0.820076 -0.177359
v 0.277291 2.488230 0.265937
v 0.138102 2.531330 0.151313
v 0.070931 2.540842 -0.058530
v 0.167503 2.461642 -0.379017
v 0.823461 1.791245 -0.619006
v 1.006646 1.460836 -0.369388
v 0.911666 1.014024 0.252823
v 0.511609 0.842508 0.625535
v -0.139819 0.845009 0.755631
v -0.551009 0.912554 0.580618
v -0.739208 0.952494 0.351429
v -0.656213 0.810045 -0.300453
v -0.535011 0.725144 -0.343707
v 0.451103 2.403452 0.325041
v 0.294868 2.493336 0.228369
v 0.177073 2.534041 0.084811
v 0.138015 2.527976 -0.149021
v 0.248999 2.433736 -0.417144
v 0.434775 2.288933 -0.560068
v 0.968826 1.635989 -0.442782
v 1.043603 1.417724 -0.242531
v 0.763781 0.953099 0.480155
v 0.345889 0.867916 0.740977
v -0.234093 0.903041 0.772797
v -0.666491 0.990056 0.514765
v -0.843229 1.032789 0.157663
v -0.801936 0.984487 -0.233589
v -0.655006 0.846545 -0.368626
v -0.524060 0.730389 -0.376256
v 0.319262 2.494436 0.194897
v 0.229075 2.530420 0.037724
v 0.207997 2.516235 -0.169866
v 0.349714 2.383949 -0.452481
v 0.693664 2.081604 -0.564691
v 0.988555 1.668603 -0.386166
v 1.048334 1.277065 0.029825
v 0.752799 0.992310 0.535775
v 0.218088 0.910868 0.813620
v -0.335987 0.965833 0.774649
v -0.786471 1.072248 0.391108
v -0.885413 1.088157 0.000969
v -0.798434 1.006954 -0.296555
v -0.643596 0.868026 -0.420389
v -0.508839 0.736412 -0.409490
v 0.349118 2.491477 0.166086
v 0.290337 2.520808 0.002024
v 0.288270 2.513618 -0.129757
v 0.661581 2.188277 -0.490962
v 0.817762 1.980783 -0.501850
v 1.052689 1.566744 -0.224063
v 1.013629 1.226115 0.210239
v 0.689378 1.013231 0.629585
v 0.144568 0.946673 0.849648
v -0.465216 1.034943 0.739973
v -0.885579 1.163131 0.225337
v -0.900056 1.138455 -0.123141
v -0.781619 1.033023 -0.378258
v -0.614183 0.874337 -0.472335
v -0.483280 0.733557 -0.437959
v 0.382695 2.484317 0.141765
v 0.357147 2.500180 -0.041251
v 0.420505 2.447684 -0.237122
v 0.597444 2.287169 -0.415490
v 1.070994 1.404666 0.063607
v 0.949586 1.195518 0.385035
v 0.677426 1.055604 0.675596
v -0.932931 1.235502 0.105906
v -0.905128 1.176464 -0.184216
v -0.814627 1.089371 -0.385207
v -0.442167 0.712227 -0.454380
v 0.419179 2.473413 0.124346
v 0.426422 2.473631 -0.066480
v 0.523781 2.394231 -0.257294
v 0.667922 2.259388 -0.358133
v 1.072539 1.643967 -0.068997
v 1.063460 1.416267 0.164515
v 0.859925 1.186645 0.543131
v 0.542930 1.092625 0.794658
v -0.887124 1.299372 0.364919
v -0.954874 1.305985 0.043282
v -0.437153 0.813514 -0.599378
v -0.408684 0.710799 -0.483669
v 0.457261 2.459301 0.114794
v 0.495663 2.443509 -0.071886
v 0.616005 2.343460 -0.237260
v 0.822140 2.119528 -0.306306
v 1.049243 1.743671 -0.103951
v 1.039804 1.414075 0.266424
v 0.732460 1.183216 0.693441
v 0.177807 1.135101 0.943891
v -0.910371 1.354197 0.311474
v -0.951870 1.356809 -0.144515
v -0.807875 1.256799 -0.502257
v -0.534610 1.008382 -0.687055
v -0.421446 0.834904 -0.630927
v -0.380275 0.710556 -0.505360
v 0.495017 2.442642 0.113283
v 0.562591 2.409578 -0.063127
v 0.707504 2.285362 -0.196451
v 0.927133 2.025914 -0.174850
v 1.046660 1.775719 -0.040099
v 0.972522 1.377577 0.438454
v -0.153371 1.219875 0.959509
v -0.603256 1.327342 0.764073
v -0.909468 1.389007 -0.339969
v -0.732731 1.237766 -0.605105
v -0.491504 1.010138 -0.726877
v -0.384626 0.831912 -0.650741
v -0.347610 0.699960 -0.517175
v 0.528794 2.425406 0.121681
v 0.616228 2.378360 -0.039715
v 0.781241 2.227218 -0.149433
v 0.968490 1.978306 -0.094573
v 1.060310 1.696966 0.120463
v 1.019617 1.488019 0.355295
v 0.171167 1.255134 0.990123
v -0.333187 1.318083 0.931570
v -0.742737 1.423984 0.636388
v -0.967856 1.513819 0.011509
v -0.884018 1.443618 -0.422254
v -0.837113 1.409408 -0.520241
v -0.358480 0.917847 -0.754873
v -0.289210 0.693653 -0.560027
v 0.551940 2.411479 0.146158
v 0.632910 2.371697 0.032668
v 0.994453 1.942172 0.001473
v 0.858480 1.449648 0.649299
v -0.085431 1.297533 1.007125
v -0.396791 1.362934 0.919331
v -0.810883 1.503009 0.541534
v -0.938173 1.548541 -0.254743
v -0.814621 1.464904 -0.552661
v -0.265475 0.837236 -0.735314
v -0.221019 0.756668 -0.672409
v -0.233140 0.701936 -0.605666
v 0.541924 2.408142 0.210590
v 0.788614 2.242255 0.037318
v 0.919833 2.074537 0.065871
v 1.006414 1.858290 0.187701
v 0.931501 1.588982 0.533093
v 0.767474 1.447959 0.747829
v -0.963701 1.640063 0.084312
v -0.931899 1.608385 -0.273529
v -0.716726 1.450960 -0.675720
v -0.372017 1.182365 -0.880122
v -0.157664 0.899909 -0.810934
v -0.152998 0.757890 -0.694923
v 0.541770 2.402106 0.247369
v 0.862806 2.163340 0.092092
v 0.931744 2.046171 0.135627
v 0.986042 1.817058 0.315298
v 0.866244 1.585725 0.626394
v 0.528414 1.459965 0.909684
v -0.054731 1.488619 1.026472
v -0.959591 1.689981 -0.026423
v -0.946148 1.661441 -0.193130
v -0.216617 1.087774 -0.905903
v -0.103154 0.876519 -0.811313
v -0.087316 0.776407 -0.733577
v 0.545093 2.395234 0.267003
v 0.886404 2.117685 0.172681
v 0.933110 2.007394 0.238295
v 0.942032 1.794029 0.438802
v 0.771843 1.596657 0.729714
v 0.432112 1.507792 0.952465
v -0.335216 1.575758 0.944963
v -0.828503 1.733542 0.462028
v -0.930567 1.759065 -0.113459
v -0.720308 1.644688 -0.655870
v -0.347330 1.347727 -0.936635
v -0.218175 1.186048 -0.945863
v -0.059181 0.820746 -0.779309
v 0.541757 2.391476 0.281300
v 0.898349 2.075711 0.243028
v 0.918907 1.964633 0.352149
v 0.877234 1.782368 0.558934
v 0.704344 1.644618 0.783268
v 0.008265 1.585163 1.018409
v -0.448282 1.669589 0.874828
v -0.864415 1.798867 0.343370
v -0.921831 1.810414 -0.111407
v -0.291094 1.361994 -0.962702
v -0.025687 0.559199 -0.447153
v 0.551504 2.373036 0.316732
v 0.870711 1.913282 0.497808
v 0.789459 1.773167 0.674536
v 0.470346 1.650286 0.928501
v -0.058373 1.655376 1.006148
v -0.561856 1.754830 0.776292
v -0.870203 1.856562 0.262457
v -0.913146 1.851099 -0.041443
v -0.231279 1.447112 -0.990173
v -0.167992 1.353763 -0.995943
v 0.017988 0.552685 -0.428412
v 0.567903 2.357832 0.329597
v 0.819157 1.960325 0.544450
v 0.299136 1.676355 0.986423
v -0.221646 1.740937 0.958758
v -0.583331 1.827201 0.729611
v -0.866529 1.928690 -0.105690
v -0.649815 1.825688 -0.667029
v -0.249728 1.521816 -0.981881
v 0.003898 1.268471 -1.003495
v 0.164560 0.580938 -0.463172
v 0.031390 0.540194 -0.380673
v -0.163495 0.545729 -0.311610
v -0.388946 0.624655 -0.294526
v 0.617676 2.301295 0.366732
v 0.744072 2.123238 0.470769
v 0.759204 1.992624 0.594202
v 0.723099 1.938382 0.678594
v -0.407806 1.844367 0.852149
v -0.749319 1.946516 0.452956
v -0.827720 1.979187 -0.199504
v -0.559392 1.822699 -0.752211
v -0.137962 1.496444 -1.004714
v 0.182125 1.136572 -0.948425
v 0.325459 0.774260 -0.665374
v 0.208431 0.577320 -0.425763
v 0.027472 0.520876 -0.315336
v -0.169662 0.535731 -0.283684
v 0.612866 2.293036 0.393879
v 0.710985 2.144457 0.486466
v 0.673654 1.990834 0.678761
v -0.261478 1.890083 0.906257
v -0.405164 1.911437 0.826223
v -0.806165 2.027029 0.185686
v -0.753738 2.001195 -0.385209
v -0.408084 1.790244 -0.865269
v 0.026343 1.425507 -1.017964
v 0.320008 1.031082 -0.867502
v 0.372302 0.719657 -0.579548
v 0.228820 0.550877 -0.346296
v 0.016457 0.502447 -0.245610
v -0.179345 0.527491 -0.248371
v 0.584338 2.300369 0.422462
v 0.510221 1.976448 0.804805
v 0.302230 1.932935 0.907935
v -0.169877 1.937027 0.905751
v -0.492554 1.992930 0.723153
v -0.714837 2.038074 0.422721
v -0.567661 1.937393 -0.692722
v -0.202187 1.707019 -0.971187
v 0.190567 1.341312 -1.000330
v 0.421372 0.956433 -0.782703
v 0.405650 0.658184 -0.461537
v 0.219684 0.518175 -0.243721
v -0.008958 0.489164 -0.175563
v -0.198429 0.523807 -0.213552
v 0.563468 2.286679 0.464632
v 0.570509 2.160718 0.616674
v 0.453268 2.036827 0.792699
v 0.173485 1.979589 0.908123
v -0.215481 2.004704 0.858359
v -0.472061 2.054766 0.690849
v 0.055403 1.572187 -1.020992
v 0.327562 1.269726 -0.958783
v 0.483904 0.959266 -0.753411
v 0.369384 0.562405 -0.264034
v 0.184856 0.491400 -0.135485
v -0.045153 0.482648 -0.109387
v -0.223600 0.525231 -0.184395
v 0.532793 2.290193 0.489710
v 0.513967 2.176878 0.644489
v 0.362006 2.078141 0.804243
v 0.057185 2.043561 0.878717
v -0.325459 2.087731 0.756848
v -0.627649 2.172104 0.372255
v -0.630859 2.172896 -0.376226
v -0.374113 2.006231 -0.786799
v 0.072918 1.627097 -1.016398
v 0.396351 1.286878 -0.939347
v 0.368118 0.535264 -0.147455
v 0.143348 0.477762 -0.036683
v -0.073588 0.479759 -0.043762
v -0.240987 0.529289 -0.161453
v 0.496607 2.300540 0.506715
v 0.445652 2.201739 0.662992
v 0.263725 2.125138 0.801122
v -0.045541 2.112057 0.827493
v -0.386284 2.158504 0.658094
v -0.652474 2.233706 0.131399
v -0.576374 2.192689 -0.425750
v -0.346807 2.052737 -0.767356
v 0.488685 1.314912 -0.909630
v 0.599446 1.071162 -0.751109
v 0.598030 0.692806 -0.307583
v 0.351845 0.521375 -0.040149
v 0.093312 0.474171 0.054028
v -0.070617 0.475335 0.042496
v 0.458468 2.314636 0.516286
v 0.375872 2.232110 0.668009
v 0.170178 2.177023 0.778376
v -0.134114 2.181605 0.755840
v -0.450159 2.239559 0.509992
v -0.608716 2.281692 -0.072774
v -0.452663 2.186577 -0.571794
v -0.083396 1.933202 -0.916653
v 0.471273 1.398789 -0.927420
v 0.654764 1.012930 -0.668051
v 0.597837 0.673649 -0.251299
v 0.297715 0.509111 0.071500
v 0.013980 0.481795 0.133521
v -0.167436 0.493144 0.090967
v 0.420273 2.331562 0.518124
v 0.308603 2.266565 0.658823
v 0.088300 2.231653 0.737002
v -0.184333 2.245298 0.679737
v -0.547882 2.310117 -0.210742
v -0.328684 2.172680 -0.676926
v 0.011184 1.936967 -0.925220
v 0.652934 1.234475 -0.783333
v 0.408107 0.550049 0.134181
v 0.197666 0.505475 0.195741
v -0.082782 0.501377 0.194770
v -0.263738 0.522425 0.095297
v 0.383609 2.350622 0.512157
v 0.246691 2.303624 0.635883
v 0.017791 2.287383 0.678410
v -0.204072 2.308057 0.596847
v -0.501364 2.368356 0.075454
v -0.496632 2.342752 -0.231343
v 0.410940 1.654613 -0.947964
v 0.726084 1.212713 -0.712549
v 0.763960 0.819691 -0.271115
v 0.494303 0.586663 0.122783
v 0.139637 0.519787 0.277007
v -0.182667 0.529915 0.232467
v -0.355129 0.558763 0.075586
v -0.408543 0.585873 -0.116737
v 0.350307 2.371123 0.498498
v 0.195581 2.341273 0.600328
v -0.045631 2.338418 0.605807
v -0.300658 2.378595 0.422126
v -0.445330 2.402092 0.082105
v -0.369834 2.345545 -0.417649
v 0.539304 1.584792 -0.897124
v 0.811841 1.096154 -0.548807
v 0.764870 0.787290 -0.154268
v 0.469479 0.586714 0.189107
v 0.136157 0.541216 0.348710
v -0.353253 0.576127 0.200108
v -0.430575 0.592015 0.059874
v -0.440492 0.601235 -0.121099
v 0.321520 2.392532 0.477489
v 0.163679 2.381120 0.550925
v -0.317673 2.429974 0.277737
v -0.384616 2.439092 0.040920
v -0.189359 2.283449 -0.636508
v -0.029365 2.161559 -0.794714
v 0.670296 1.518325 -0.808849
v 0.852793 0.919398 -0.249963
v 0.728497 0.736903 0.040634
v 0.314169 0.591311 0.382224
v -0.092260 0.579617 0.419959
v -0.413300 0.620303 0.247827
v -0.488611 0.626190 0.048824
v -0.470378 0.620014 -0.136948
v 0.295842 2.413207 0.451022
v 0.112181 2.417961 0.493040
v -0.290928 2.467076 0.148572
v 0.725295 0.741269 0.124028
v -0.326060 0.638947 0.409111
v -0.480623 0.661531 0.263895
v -0.493589 0.638473 -0.170884
v 0.785454 1.472015 -0.723867
v 0.904170 1.144229 -0.441668
v 0.189615 2.440470 0.436038
v -0.018656 2.463625 0.389677
v -0.199770 2.489672 0.188195
v -0.246787 2.476266 -0.171297
v -0.068191 2.355799 -0.565875
v 0.390178 2.003123 -0.829514
v 0.788407 1.529618 -0.713284
v 0.935395 1.090148 -0.308661
v 0.796575 0.810354 0.110404
v 0.309701 0.654150 0.494807
v -0.278365 0.674335 0.513207
v -0.467918 0.694292 0.366735
v -0.599992 0.710312 0.075474
v -0.565238 0.683013 -0.125872
v -0.120531 2.460865 0.357585
v -0.248437 2.444290 -0.298206
v 0.715140 1.612587 -0.780585
v 0.875054 1.319388 -0.585110
v 0.897514 0.950235 -0.162226
v 0.177900 2.464581 0.384676
v -0.014600 2.494098 0.309553
v -0.159128 2.512314 0.118446
v -0.174606 2.473765 -0.261760
v 0.097967 2.293372 -0.659214
v 0.455606 1.980700 -0.815952
v 0.757460 1.653290 -0.730742
v 0.890511 0.916650 0.034678
v 0.801334 0.829717 0.189014
v 0.054857 1.508168 -0.000000
v -0.420799 0.723107 0.489211
v -0.648002 0.742808 -0.076228
v -0.587847 0.706844 -0.171950
v -0.111079 2.493363 0.264769
v 0.082197 2.465448 0.395887
v -0.191771 0.669650 0.552515
v 0.719222 0.761474 0.230955
v -0.221356 2.500256 -0.019064
v -0.404989 0.703051 0.466668
v -0.120233 2.417256 -0.443535
v 0.197175 2.187459 -0.754429
v -0.613619 0.714606 -0.081605
v 0.638862 1.766574 -0.799505
v -0.521821 0.667046 -0.210109
v 0.914718 1.290906 -0.504540
v 0.279718 2.440797 0.399441
v 0.880760 0.902286 0.003865
v 0.177712 2.485011 0.331339
v 0.011621 2.517483 0.241524
v -0.081699 2.529144 0.143507
v 0.197869 2.298919 -0.658061
v 0.303629 2.201025 -0.720719
v 0.649267 1.883588 -0.749243
v 0.802150 1.671215 -0.689680
v 0.786286 0.845016 0.285930
v 0.688413 0.797942 0.386611
v -0.727831 0.854576 0.176167
v -0.709741 0.810553 -0.072423
v -0.622175 0.745202 -0.200183
v 0.750572 1.706065 -0.728232
v 0.299232 2.168930 -0.745982
v -0.530080 0.682142 -0.238579
v -0.646882 0.751347 -0.138135
v 0.272487 2.457049 0.363848
v 0.803940 0.841536 0.228357
v 0.083187 2.491652 0.328654
v -0.074858 2.517223 0.201997
v -0.168321 2.516753 0.046407
v -0.539492 0.771287 0.422350
v 0.109184 2.319909 -0.630164
v 0.187981 2.501040 0.276940
v 0.052543 2.534204 0.170657
v 0.483772 2.102390 -0.724525
v 0.755352 1.816829 -0.685792
v 0.741405 0.855880 0.401521
v -0.237664 0.815213 0.703231
v -0.646415 0.890706 0.434851
v -0.760125 0.892153 0.158946
v -0.742694 0.849749 -0.091882
v -0.679918 0.800011 -0.216506
v 0.144145 0.762402 0.698828
v -0.018567 2.533850 0.160500
v -0.708701 0.872991 0.286774
v 0.285212 2.244729 -0.689068
v -0.753397 0.860728 0.037319
v 0.543270 2.016804 -0.748695
v -0.696567 0.804257 -0.153878
v 0.787871 1.732115 -0.685116
v 0.272635 2.470691 0.326562
v 0.692380 0.817894 0.414399
v 0.099539 2.512164 0.263266
v 0.205340 2.511948 0.220525
v 0.089593 2.542523 0.059094
v 0.106483 2.511897 -0.236716
v 0.237208 2.395509 -0.489047
v 0.696482 1.931106 -0.684179
v 0.925333 1.641214 -0.525037
v 1.027416 1.201422 -0.051228
v 0.721964 0.896925 0.473542
v 0.172044 0.829155 0.754200
v -0.365577 0.876412 0.691960
v -0.678062 0.940070 0.450232
v -0.613614 0.778318 -0.320998
v -0.697432 0.824211 -0.219853
v 0.907202 1.634275 -0.553721
v 0.279552 2.481191 0.288547
v 0.655082 0.848885 0.503631
v 0.124543 2.526786 0.191346
v -0.182273 0.825456 0.731017
v 0.045485 2.544654 0.060336
v -0.511698 0.882576 0.590132
v -0.732934 0.921373 0.310600
v 0.398722 2.202556 -0.674539
v -0.771048 0.886331 0.014103
v 0.716689 1.893933 -0.685499
v 0.341288 2.470475 0.260387
v 0.232338 2.517058 0.168698
v 0.142210 2.539446 -0.022059
v 0.173584 2.493399 -0.288589
v 0.348489 2.356647 -0.512364
v 1.014065 1.532799 -0.358196
v 0.596518 0.899974 0.616413
v 0.052871 0.871591 0.799860
v -0.480228 0.947151 0.670135
v -0.783786 1.019377 0.338971
v -0.852729 1.028963 -0.073369
v -0.721918 0.910213 -0.332215
v -0.588436 0.786260 -0.381396
v 0.199131 2.453397 -0.394058
v 0.102471 2.534998 -0.113996
v -0.781801 0.990317 0.305575
v -0.604334 0.949257 0.556360
v 0.357558 2.340936 -0.536033
v 0.929649 1.669736 -0.508864
v -0.650053 0.826048 -0.345780
v 1.034199 1.402085 -0.273261
v -0.520363 0.719865 -0.358234
v 0.876787 0.995578 0.322429
v 0.292801 2.488072 0.251288
v 0.425987 0.851998 0.689393
v 0.155848 2.533516 0.115862
v -0.173075 0.871146 0.767977
v 0.269297 2.516712 0.125496
v 0.207647 2.531504 -0.061455
v 0.243588 2.469910 -0.317777
v 0.533660 2.236475 -0.545371
v 0.861566 1.881117 -0.511427
v 1.055190 1.466830 -0.203473
v 0.944872 1.109288 0.299332
v 0.504209 0.929225 0.710699
v -0.072011 0.928176 0.833817
v -0.584580 1.012013 0.625912
v -0.866223 1.093121 0.189887
v -0.858333 1.058661 -0.167363
v -0.722143 0.940152 -0.379896
v -0.570358 0.797611 -0.427040
v 0.777650 0.982963 0.490005
v 1.054563 1.318983 -0.072976
v 0.312828 2.491141 0.217067
v -0.511108 0.728313 -0.390373
v 0.277973 0.888771 0.781064
v 0.201825 2.532790 0.058916
v -0.295897 0.936452 0.772632
v 0.174462 2.520665 -0.170273
v -0.726187 1.030771 0.462930
v 0.305878 2.406796 -0.439860
v -0.869474 1.061539 0.072452
v 0.598873 2.156909 -0.582373
v -0.803055 0.994516 -0.257677
v 0.962404 1.686545 -0.434564
v -0.652751 0.859783 -0.392606
v 0.313636 2.510951 0.089506
v 0.284170 2.519974 -0.079079
v 0.694186 2.136635 -0.510092
v 0.971852 1.757389 -0.388057
v 1.069977 1.387939 -0.021318
v 0.880400 1.097964 0.439547
v 0.461167 0.966216 0.764592
v -0.164506 0.973325 0.844363
v -0.788743 1.141245 0.444912
v -0.913349 1.161317 0.046851
v -0.852465 1.094763 -0.269535
v -0.697690 0.955672 -0.445009
v -0.538429 0.795881 -0.467073
v -0.895025 1.113853 -0.067619
v -0.866818 1.125146 0.242389
v 0.774424 2.015382 -0.532377
v -0.789819 1.019646 -0.340035
v 1.021828 1.625622 -0.315489
v -0.629380 0.872406 -0.448532
v 1.034648 1.248902 0.120695
v -0.491485 0.730193 -0.420595
v 0.716284 1.000017 0.588305
v 0.338836 2.490361 0.187158
v 0.171454 0.931509 0.837700
v 0.259201 2.526652 0.021036
v -0.318313 0.985001 0.797811
v 0.244182 2.521401 -0.124675
v 0.362227 2.498744 0.056586
v 0.375078 2.484535 -0.141190
v 0.517554 2.368191 -0.341745
v 0.627036 2.253755 -0.440660
v 1.039211 1.308799 0.197546
v 0.811831 1.107477 0.560119
v 0.605961 1.024009 0.717910
v -0.915679 1.236777 0.207755
v -0.933794 1.221792 -0.031741
v -0.859056 1.129361 -0.307533
v -0.462584 0.742153 -0.481855
v -0.461232 0.720583 -0.442711
v 0.689079 1.035031 0.650120
v 0.323002 2.511872 -0.019182
v 0.369177 2.485612 0.161487
v 0.341932 2.492788 -0.166298
v -0.915319 1.200226 0.153690
v 0.635065 2.230717 -0.464506
v -0.902906 1.160144 -0.165224
v -0.782758 1.051257 -0.400024
v 1.074121 1.487483 -0.098975
v -0.601231 0.873345 -0.485589
v 0.985172 1.207907 0.298994
v 0.414177 2.481468 0.034475
v 0.462759 2.445167 -0.167508
v 0.601035 2.325060 -0.324146
v 1.082790 1.535939 0.026985
v 0.993496 1.291999 0.347371
v 0.686615 1.119765 0.704211
v -0.833859 1.287130 0.473520
v -0.935048 1.307048 0.203093
v -0.951788 1.298675 -0.067512
v -0.454040 0.854253 -0.630675
v -0.421226 0.754678 -0.538577
v -0.810462 1.087652 -0.399732
v 1.066927 1.405609 0.127966
v 0.909943 1.190536 0.463643
v -0.422129 0.704058 -0.460718
v 0.651614 1.081870 0.712112
v 0.402714 2.477006 0.141171
v 0.391667 2.487285 -0.056590
v -0.887531 1.284548 0.358048
v 0.474144 2.419779 -0.255622
v -0.944423 1.272752 0.090782
v 0.612764 2.291064 -0.387737
v 0.467684 2.460233 0.024801
v 0.545531 2.405070 -0.162939
v 0.703268 2.256924 -0.286993
v 0.968996 1.918832 -0.224330
v 1.077696 1.573010 0.059076
v 0.928598 1.283076 0.482129
v 0.459313 1.134416 0.861531
v -0.064265 1.162426 0.954175
v -0.828002 1.331790 0.486328
v -0.959659 1.368404 0.074726
v -0.900156 1.320603 -0.335047
v -0.658447 1.139014 -0.644549
v -0.466287 0.914785 -0.672293
v -0.392855 0.764743 -0.571769
v 0.461166 2.458961 -0.071011
v 0.438514 2.465079 0.128107
v -0.888958 1.322588 0.361801
v -0.468314 1.212500 0.819512
v 0.573014 2.366947 -0.251584
v -0.958855 1.334805 -0.046291
v 0.779967 2.158327 -0.332241
v -0.880724 1.292966 -0.375161
v 1.049153 1.732818 -0.125926
v -0.500307 0.950792 -0.676332
v 1.054932 1.420164 0.208265
v -0.433227 0.826139 -0.615116
v 0.796694 1.183052 0.624120
v -0.393952 0.707225 -0.488631
v 0.300925 1.108124 0.905139
v 0.520111 2.435740 0.026266
v 0.625578 2.360078 -0.141658
v 0.804584 2.182868 -0.215383
v 1.007892 1.878398 -0.112989
v 0.906264 1.321704 0.538322
v 0.088269 1.174547 0.967241
v -0.387285 1.270493 0.892591
v -0.732249 1.363269 0.636537
v -0.943144 1.412862 -0.225164
v -0.843014 1.338497 -0.473119
v -0.590367 1.111416 -0.703240
v -0.426142 0.923873 -0.709168
v -0.350754 0.746586 -0.579859
v 1.016875 1.402194 0.335211
v 1.054986 1.734596 -0.056810
v -0.402728 0.835350 -0.643092
v -0.524481 1.019781 -0.704740
v 0.677233 1.185555 0.742787
v -0.364979 0.701572 -0.503206
v 0.019034 1.171934 0.965159
v 0.475013 2.450340 0.122601
v -0.576060 1.299546 0.775716
v 0.529497 2.427107 -0.068610
v -0.917024 1.377877 0.289004
v 0.655826 2.322350 -0.215453
v -0.935278 1.374204 -0.241265
v -0.763120 1.243154 -0.567251
v 0.564988 2.411765 0.041034
v 0.688621 2.317957 -0.110768
v 0.882781 2.107947 -0.142068
v 1.030802 1.840795 -0.009057
v 1.045072 1.569002 0.272140
v -0.094426 1.285236 0.994883
v -0.549470 1.367290 0.816492
v -0.888568 1.474604 0.392043
v -0.935752 1.481699 -0.268734
v -0.842996 1.413900 -0.504896
v -0.343344 0.897971 -0.747029
v -0.285425 0.703181 -0.575649
v -0.666434 1.372320 0.715559
v 0.749181 2.253508 -0.173708
v 0.592248 2.392646 -0.053541
v -0.895101 1.415147 -0.390015
v 0.948367 2.002900 -0.139382
v 1.060432 1.715081 0.064443
v -0.438863 0.980120 -0.748585
v 0.984035 1.422487 0.425739
v 0.545082 1.249812 0.858937
v -0.327058 0.691084 -0.523417
v -0.324836 1.285135 0.924272
v 0.509778 2.433855 0.125379
v 0.593121 2.395698 0.079700
v 0.968495 1.993649 -0.020825
v 1.016049 1.891364 0.010271
v 0.918497 1.480213 0.560042
v -0.201345 1.318969 0.987348
v -0.618009 1.425480 0.772498
v -0.890005 1.516365 -0.407074
v -0.750738 1.420510 -0.638336
v -0.235587 0.802992 -0.714016
v -0.225110 0.718953 -0.628865
v -0.244916 0.766903 -0.672040
v -0.298580 0.866302 -0.745266
v -0.004822 1.281218 1.008701
v -0.257433 0.699426 -0.588755
v -0.369446 1.345158 0.925822
v 0.537858 2.418520 0.140223
v -0.787401 1.464399 0.578735
v 0.630181 2.370079 -0.016472
v -0.966226 1.532182 -0.070933
v 0.802298 2.207436 -0.129233
v -0.859113 1.460986 -0.475866
v 0.983589 1.958322 -0.048599
v 1.055511 1.692381 0.158350
v 0.858888 2.164133 0.045084
v 0.974287 1.968907 0.101025
v 0.995091 1.710222 0.366796
v 0.840399 1.493761 0.667416
v 0.754435 1.428334 0.764636
v -0.964183 1.653291 0.112148
v -0.963921 1.635473 -0.080365
v -0.860495 1.555824 -0.465594
v -0.516384 1.306434 -0.831387
v -0.227254 1.024067 -0.867665
v -0.146839 0.805758 -0.740031
v -0.174613 0.731878 -0.661691
v 0.675141 2.339586 0.044929
v -0.758263 1.458127 -0.629768
v -0.934177 1.582584 -0.265135
v 0.998924 1.923035 0.074364
v -0.497514 1.277698 -0.839490
v 0.803602 1.438025 0.714223
v -0.188393 0.749512 -0.676268
v -0.216553 0.704579 -0.616494
v -0.392810 1.364115 0.924291
v 0.550814 2.407768 0.173563
v -0.941726 1.596131 0.212223
v 0.888763 2.124666 0.102260
v 0.971611 1.939238 0.204259
v 0.954484 1.693444 0.463585
v 0.723713 1.505853 0.779797
v 0.212214 1.457630 1.015628
v -0.195547 1.514666 1.003355
v -0.965087 1.679762 0.054501
v -0.951213 1.683191 -0.129039
v -0.269864 1.158067 -0.916508
v -0.149678 0.979671 -0.868184
v -0.087013 0.807175 -0.760501
v 0.698302 1.461534 0.802282
v -0.115002 0.773278 -0.721994
v 0.538799 2.405582 0.234280
v -0.965908 1.665983 0.027377
v 0.838002 2.193644 0.059022
v -0.938429 1.635533 -0.244660
v 0.925904 2.063681 0.093380
v 0.999532 1.833476 0.254276
v -0.277635 1.115927 -0.897056
v 0.908214 1.588048 0.569892
v -0.133365 0.890482 -0.813207
v 0.904103 2.082150 0.191321
v 0.953006 1.906184 0.320780
v 0.883907 1.686614 0.581322
v 0.607843 1.532756 0.864215
v -0.531996 1.619318 0.831793
v -0.921903 1.771801 0.155761
v -0.880776 1.729573 -0.350300
v -0.518421 1.504588 -0.852695
v -0.262117 1.247707 -0.950189
v -0.056110 0.801172 -0.763887
v -0.053639 0.566385 -0.459787
v -0.292404 1.268346 -0.942752
v 0.966698 1.803955 0.377200
v 0.934368 2.026900 0.185177
v -0.190776 1.104528 -0.919636
v 0.818957 1.588181 0.681812
v -0.077485 0.858798 -0.803787
v 0.451763 1.476951 0.945520
v -0.071931 0.778242 -0.739465
v -0.145328 1.513170 1.010053
v 0.542167 2.398646 0.259081
v -0.941636 1.722288 -0.108280
v 0.877121 2.139522 0.131279
v 0.909332 2.032459 0.287048
v 0.914244 1.877137 0.442474
v 0.799390 1.698808 0.684514
v -0.202595 1.616876 0.984763
v -0.712415 1.753753 0.628834
v -0.919373 1.816115 0.096791
v -0.901707 1.794083 -0.248894
v -0.341150 1.414901 -0.947626
v -0.269897 1.315869 -0.964643
v -0.034755 0.560870 -0.449930
v -0.884515 1.778180 0.307159
v -0.296348 1.603668 0.955231
v 0.542742 2.392920 0.276158
v -0.923668 1.784727 -0.134567
v 0.893089 2.096149 0.212158
v -0.705787 1.646923 -0.672445
v 0.928083 1.987214 0.293586
v -0.339797 1.369118 -0.944598
v 0.912390 1.787255 0.499023
v -0.231896 1.226656 -0.956388
v 0.726596 1.611094 0.768343
v 0.227918 1.536986 1.006581
v 0.851758 1.857333 0.561313
v 0.660114 1.697129 0.810999
v 0.213658 1.637895 1.004291
v -0.321840 1.697821 0.931183
v -0.757460 1.813687 0.540654
v -0.903424 1.865713 0.049069
v -0.204365 1.396184 -0.992671
v 0.055391 0.556971 -0.434798
v -0.004335 0.550152 -0.421837
v -0.236143 1.365274 -0.979580
v 0.561699 1.639252 0.881829
v 0.833756 1.775833 0.621440
v -0.005991 1.620543 1.014193
v -0.011108 0.556255 -0.440000
v -0.517089 1.714491 0.821821
v -0.864501 1.825411 0.319890
v -0.918159 1.831990 -0.089259
v 0.902624 1.938237 0.418307
v 0.818145 1.987656 0.523627
v 0.812192 1.930247 0.573270
v 0.464164 1.684281 0.933511
v 0.008823 1.704843 1.005587
v -0.431641 1.786123 0.856035
v -0.822956 1.910386 -0.324915
v -0.424501 1.668002 -0.891900
v -0.105814 1.384332 -1.010253
v 0.068203 1.198480 -0.987067
v 0.195017 0.598469 -0.489910
v 0.104807 0.556819 -0.420098
v -0.051072 0.535575 -0.348074
v -0.259241 0.569960 -0.297145
v 0.556643 2.368164 0.321270
v -0.877780 1.892808 0.149025
v -0.250348 1.492517 -0.984900
v 0.841517 1.932073 0.531403
v -0.071880 1.309438 -1.006499
v 0.754989 1.774960 0.708134
v 0.385274 1.664631 0.961541
v 0.150644 0.581663 -0.470698
v -0.130534 1.694851 0.989423
v 0.034122 0.548189 -0.410899
v -0.588852 1.792060 0.738896
v 0.687256 2.218198 0.410859
v 0.764128 2.050807 0.531431
v 0.742638 1.953824 0.644893
v -0.295055 1.822407 0.912959
v -0.584611 1.888908 0.703743
v -0.838351 1.985611 0.130058
v -0.729822 1.926457 -0.499899
v -0.348714 1.673015 -0.924094
v 0.044381 1.312194 -1.005940
v 0.274591 0.971784 -0.847110
v 0.276531 0.641897 -0.514663
v 0.123896 0.538970 -0.359991
v -0.073184 0.520920 -0.291513
v 0.183607 0.578305 -0.445538
v -0.336141 1.796386 0.903310
v 0.028640 0.530743 -0.348391
v -0.701152 1.900955 0.561384
v -0.180324 0.543986 -0.297585
v -0.848992 1.958591 -0.133306
v 0.580687 2.341564 0.342558
v -0.615030 1.827206 -0.702171
v 0.772311 2.077894 0.490733
v -0.207352 1.519454 -0.991171
v 0.791415 1.982759 0.563682
v 0.088462 1.211982 -0.985955
v 0.662010 2.233862 0.427342
v 0.718936 2.061890 0.570402
v 0.639707 1.959271 0.730664
v -0.319019 1.895719 0.879472
v -0.820866 2.032689 -0.066458
v -0.607195 1.919706 -0.660481
v -0.186174 1.620625 -0.985727
v 0.201113 1.223305 -0.971735
v 0.376573 0.860653 -0.729071
v 0.316428 0.616842 -0.446881
v 0.124982 0.514785 -0.279859
v -0.087661 0.508494 -0.238228
v -0.489488 1.810809 -0.808351
v -0.796466 1.994055 -0.286105
v 0.724925 2.138577 0.477369
v 0.613259 2.299076 0.378412
v -0.057365 1.463466 -1.014779
v 0.723765 1.995703 0.629200
v 0.256990 1.078294 -0.908563
v 0.709870 1.939297 0.690474
v 0.348137 0.749465 -0.629327
v -0.268674 1.872118 0.911056
v 0.223063 0.566621 -0.391185
v -0.430997 1.881614 0.822980
v 0.023448 0.511310 -0.280824
v -0.779164 1.985245 0.347627
v -0.183369 0.534052 -0.267078
v 0.605588 2.269189 0.450966
v 0.440803 1.953336 0.851923
v 0.064645 1.928818 0.937648
v -0.342975 1.962330 0.832381
v -0.620438 2.021510 0.581144
v -0.398284 1.841317 -0.857809
v 0.002275 1.536228 -1.021394
v 0.335703 1.142280 -0.914429
v 0.443061 0.791123 -0.624386
v 0.324969 0.570694 -0.333393
v 0.104425 0.493013 -0.192244
v -0.111989 0.501186 -0.186448
v 0.227482 0.534116 -0.296196
v 0.392553 0.689093 -0.523111
v -0.483255 1.963609 0.748111
v -0.246632 1.915480 0.896918
v 0.005162 0.495070 -0.210292
v -0.774182 2.042844 0.266898
v -0.197189 0.528339 -0.233253
v -0.694999 1.994033 -0.498061
v 0.592073 2.305078 0.402250
v -0.313818 1.757486 -0.920551
v 0.109777 1.384281 -1.013172
v 0.578081 1.967903 0.769323
v 0.374878 0.990109 -0.824602
v 0.424263 1.934086 0.869096
v 0.579758 2.228764 0.531279
v 0.529936 2.094650 0.706432
v 0.334658 1.997946 0.863815
v -0.019907 1.983143 0.909241
v -0.377022 2.033839 0.770344
v 0.186616 1.441692 -1.013675
v 0.432474 1.093381 -0.859595
v 0.293402 0.522239 -0.195195
v 0.066929 0.478709 -0.106171
v -0.143289 0.499490 -0.139155
v 0.585668 2.158370 0.603550
v 0.571245 2.296165 0.440872
v 0.264947 1.300673 -0.980854
v -0.076719 1.640918 -1.007020
v 0.488308 2.014471 0.789398
v 0.457677 0.938478 -0.751344
v 0.232450 1.952406 0.913418
v 0.405662 0.622367 -0.387812
v -0.177799 1.967796 0.889191
v 0.205154 0.503698 -0.189845
v -0.479946 2.018228 0.714342
v -0.026552 0.485176 -0.141959
v -0.218989 0.527416 -0.202643
v 0.536441 2.235655 0.562118
v 0.457445 2.122137 0.728440
v 0.226787 2.050716 0.859310
v -0.133560 2.057131 0.847878
v -0.496718 2.128550 0.601346
v -0.691752 2.206703 -0.016972
v -0.520614 2.106642 -0.605905
v -0.158715 1.831671 -0.947408
v 0.300737 1.406145 -0.988414
v 0.438758 0.576590 -0.216182
v 0.263330 0.498860 -0.079892
v 0.026760 0.472492 -0.025492
v -0.157003 0.497273 -0.087631
v -0.528179 2.106055 0.594059
v -0.268683 2.045635 0.813505
v -0.062884 0.481451 -0.077569
v 0.165255 0.483403 -0.085055
v -0.583271 2.136769 -0.508384
v -0.244046 0.531888 -0.180294
v -0.359026 1.983835 -0.810278
v 0.546366 2.293051 0.471115
v 0.055476 1.619230 -1.016789
v 0.544931 2.167485 0.630949
v 0.372757 1.257120 -0.939827
v 0.409855 2.056985 0.799392
v 0.522080 0.871019 -0.649432
v 0.114975 2.010553 0.896394
v 0.386478 0.557822 -0.219942
v 0.484841 2.252113 0.582053
v 0.372822 2.157380 0.739631
v 0.121019 2.109468 0.834705
v -0.219740 2.130466 0.770302
v -0.552781 2.192084 0.457271
v -0.650408 2.232444 -0.156872
v -0.457413 2.122947 -0.639409
v 0.530997 1.218704 -0.861017
v 0.649856 0.854555 -0.521902
v 0.474039 0.579520 -0.140728
v 0.220797 0.488487 0.024646
v -0.010332 0.472189 0.054224
v 0.491401 1.208595 -0.877078
v 0.312709 2.100893 0.805069
v 0.480401 2.188634 0.655041
v 0.003092 2.077570 0.855515
v 0.353476 0.523142 -0.086486
v -0.367216 2.125881 0.701703
v 0.119881 0.474629 0.009672
v -0.649999 2.206372 0.248964
v -0.072942 0.476667 -0.004731
v -0.618636 2.187473 -0.369275
v -0.414516 2.063575 -0.722393
v 0.513929 2.300160 0.491184
v 0.431139 2.273401 0.591612
v 0.288866 2.198238 0.734066
v 0.025423 2.171468 0.789110
v -0.295486 2.204929 0.669483
v -0.576761 2.284544 0.208094
v -0.564345 2.252612 -0.327876
v -0.287140 2.080737 -0.773750
v 0.200528 1.685281 -0.994091
v 0.591233 1.208972 -0.818768
v 0.664407 0.828447 -0.469700
v 0.445874 0.558146 -0.033990
v 0.149716 0.487058 0.123193
v -0.093999 0.485782 0.115934
v -0.219723 0.502998 0.078146
v -0.103011 0.480579 0.074547
v 0.058172 0.476448 0.095643
v -0.514080 2.189532 -0.507637
v -0.635686 2.258598 -0.064755
v -0.158550 1.957864 -0.890446
v 0.478187 2.311884 0.504124
v 0.437829 1.408839 -0.944062
v 0.410739 2.216444 0.667013
v 0.637721 1.027982 -0.695703
v 0.215988 2.150626 0.792197
v 0.601376 0.684248 -0.282268
v -0.089902 2.146933 0.794774
v 0.335184 0.516357 0.011213
v -0.368367 2.188720 0.641308
v 0.378152 2.298314 0.590278
v 0.210788 2.243007 0.711387
v -0.048836 2.233414 0.727088
v -0.292953 2.260040 0.609796
v -0.563902 2.324386 -0.032736
v -0.476421 2.264877 -0.440605
v -0.132491 2.042932 -0.850707
v 0.683732 1.169931 -0.732323
v 0.322914 0.525833 0.157624
v 0.053473 0.497501 0.212213
v -0.191134 0.511479 0.150079
v -0.300551 0.530993 0.052339
v -0.165794 2.214013 0.716985
v 0.127526 2.204093 0.759878
v 0.237964 0.502711 0.140765
v -0.473453 2.264211 0.444847
v -0.034251 0.490162 0.166722
v -0.582263 2.298053 -0.131945
v -0.215940 0.506242 0.097447
v -0.393217 2.183222 -0.624426
v -0.096380 1.981509 -0.892063
v 0.441516 2.326719 0.509796
v 0.587969 1.284961 -0.844771
v 0.341876 2.248991 0.664940
v 0.328148 2.325827 0.578098
v 0.141066 2.289778 0.672754
v -0.107271 2.295801 0.648233
v -0.512111 2.362293 -0.072482
v -0.479804 2.313270 -0.345824
v 0.278244 1.782759 -0.958923
v 0.592510 1.441516 -0.868171
v 0.785391 1.006258 -0.510774
v 0.658192 0.678877 -0.049449
v 0.315906 0.539016 0.228262
v -0.031317 0.518242 0.275355
v -0.288059 0.544697 0.161925
v -0.392307 0.571904 -0.019078
v -0.397448 0.584684 -0.132003
v -0.313581 0.541868 0.082498
v 0.253249 1.771493 -0.965014
v -0.271446 2.157439 -0.717460
v 0.405509 2.343951 0.508009
v 0.681420 1.247590 -0.763247
v 0.276965 2.284938 0.648791
v 0.760498 0.837793 -0.316215
v 0.051720 2.259474 0.709752
v 0.483192 0.579603 0.103832
v -0.213162 2.277648 0.629300
v 0.168623 0.511947 0.238855
v -0.497766 2.346564 0.199390
v -0.131593 0.514818 0.217102
v -0.519653 2.325015 -0.233347
v 0.284413 2.354851 0.555373
v 0.085769 2.334595 0.621382
v -0.182944 2.356717 0.536104
v -0.392515 2.397855 0.261866
v -0.455703 2.386371 -0.151319
v -0.262904 2.296408 -0.582775
v 0.424640 1.712147 -0.932439
v 0.693356 1.358912 -0.784461
v 0.820491 0.923920 -0.345597
v 0.642375 0.667781 0.025924
v 0.256443 0.548293 0.314798
v -0.395412 0.583829 0.144281
v -0.445031 0.597581 -0.034119
v -0.276498 2.350393 0.491045
v -0.017341 2.314375 0.642333
v 0.118250 0.529298 0.311733
v 0.483487 0.586771 0.159050
v -0.469810 2.386296 0.093192
v -0.245079 0.547848 0.234701
v -0.456986 2.360025 -0.257752
v -0.393502 0.575152 0.068721
v -0.423712 0.594001 -0.127097
v 0.502801 1.591393 -0.917691
v 0.371741 2.362901 0.498798
v 0.770386 1.163875 -0.644624
v 0.219270 2.322494 0.619427
v 0.764676 0.800251 -0.212036
v 0.249054 2.385308 0.522124
v 0.087784 2.381061 0.557427
v -0.257912 2.418668 0.371297
v -0.366041 2.438417 0.148902
v -0.126251 2.237914 -0.709974
v 0.816900 0.835180 -0.127993
v 0.542846 0.642044 0.253540
v 0.096648 0.571801 0.423914
v -0.297158 0.607954 0.357901
v -0.466311 0.625699 0.151748
v -0.488635 0.624220 -0.053470
v 0.519899 1.650552 -0.895244
v 0.056034 2.085785 -0.849211
v 0.341933 2.382994 0.482318
v -0.453814 0.610679 -0.136243
v 0.844091 0.960992 -0.351564
v 0.178057 2.360425 0.577590
v 0.780163 0.794269 -0.112799
v -0.063692 2.356266 0.574610
v -0.310849 2.404402 0.356903
v 0.052647 0.554880 0.394377
v -0.408156 2.421182 0.113490
v -0.405579 0.600493 0.199484
v -0.236002 2.291264 -0.604337
v -0.462702 0.609431 0.052549
v 0.212937 2.413874 0.482401
v -0.406189 0.650441 0.351023
v -0.521504 0.667321 0.184658
v -0.518274 0.647743 -0.122385
v -0.183160 0.601856 0.427585
v -0.306241 2.450057 0.212279
v -0.441568 0.639239 0.262204
v -0.220842 2.325558 -0.560155
v -0.506546 0.639383 0.043556
v -0.479187 0.628574 -0.158494
v 0.315546 2.403273 0.459625
v 0.134163 2.400439 0.522122
v 0.713818 0.728543 0.101764
v 0.345948 2.411771 0.418287
v 0.000068 2.427657 0.470225
v -0.220210 2.456952 0.294684
v -0.320791 2.466233 -0.026747
v -0.259385 2.418504 -0.356910
v 0.823301 0.830833 -0.026950
v 0.636335 0.686699 0.208165
v -0.466957 0.632946 -0.206752
v 0.332190 2.425949 0.396069
v -0.482451 0.647343 -0.225479
v -0.271533 2.481175 0.084605
v -0.376163 0.668476 0.425158
v -0.522533 0.685473 0.245799
v -0.036527 2.322259 -0.619907
v -0.582826 0.692464 -0.011701
v -0.503831 0.649079 -0.185008
v 0.294128 2.422613 0.431863
v 0.097725 2.434551 0.462130
v 0.730110 0.753937 0.160329
v 0.323514 2.439001 0.370831
v -0.489688 0.658438 -0.246702
v 0.320180 2.450392 0.343623
v -0.479820 0.661039 -0.269173
v 0.322185 2.459668 0.315445
v -0.446487 0.652982 -0.302634
v 0.329242 2.466449 0.287278
v -0.472950 0.680991 -0.335235
v -0.480017 0.694630 -0.359369
v 0.358045 2.471629 0.235941
v -0.470286 0.699029 -0.382722
v 0.378725 2.469854 0.214658
v -0.451817 0.696711 -0.402727
v 0.402360 2.465169 0.197097
v -0.426778 0.688092 -0.417982
v 0.428164 2.457787 0.184239
v -0.402048 0.683531 -0.434830
v 0.455149 2.448057 0.176770
v -0.379595 0.680696 -0.449159
v 0.481866 2.436548 0.175248
v -0.359188 0.675788 -0.458391
v 0.505753 2.424537 0.181315
v 0.522215 2.414245 0.198724
v 0.525538 2.407948 0.231733
v 0.526852 2.402434 0.259821
v 0.528861 2.396852 0.277286
v 0.526049 2.392167 0.293006
v 0.532783 2.379820 0.315930
v -0.323907 0.594459 -0.297659
v 0.548245 2.365155 0.329846
v 0.567622 2.340897 0.351315
v -0.238008 0.556957 -0.283759
v 0.568649 2.329463 0.373771
v -0.241706 0.550684 -0.260915
v 0.554179 2.327668 0.397113
v -0.255117 0.548555 -0.237733
v 0.537348 2.323773 0.422062
v -0.274514 0.551239 -0.220751
v 0.515716 2.325747 0.440797
v -0.303567 0.563904 -0.223658
v 0.490356 2.332493 0.453733
v -0.357446 0.594533 -0.261181
v 0.463349 2.342165 0.461287
v -0.379704 0.603632 -0.260543
v 0.436115 2.353961 0.463339
v -0.394292 0.600367 -0.219302
v 0.409817 2.367358 0.459821
v -0.408103 0.597383 -0.180364
v 0.385590 2.381863 0.450817
v -0.428535 0.606155 -0.177317
v 0.364169 2.396925 0.436708
v -0.449086 0.618988 -0.188016
v 0.309099 0.594359 0.391552
v -0.349900 2.444815 -0.125311
v 0.806857 1.370057 -0.678967
v 0.879201 0.963311 -0.261003
v -0.112366 2.427763 0.434961
v -0.229645 2.438275 0.340607
v 0.553379 0.649602 0.261498
v 0.025184 2.407754 0.509074
v 0.819988 0.831104 -0.073490
v 0.231060 2.399888 0.502219
v 0.887492 1.157579 -0.479318
v 0.788587 1.435750 -0.715780
v -0.504734 0.636324 -0.074902
v -0.168642 2.280565 -0.648248
v -0.493479 0.645303 0.161034
v -0.291975 2.403929 -0.358086
v -0.341509 0.624598 0.359109
v -0.348377 2.454578 0.053066
v 0.065751 0.580862 0.442205
v -0.468064 0.611086 -0.044036
v -0.142540 2.232511 -0.707702
v -0.437752 0.605075 0.140359
v -0.377843 2.417835 0.222328
v 0.130088 0.554993 0.385732
v -0.211952 2.384301 0.473527
v 0.074326 2.355430 0.592737
v 0.825121 0.874984 -0.235558
v 0.267378 2.370009 0.538980
v 0.338348 1.827871 -0.927965
v 0.650513 0.671697 -0.007370
v 0.110088 2.312761 0.648191
v 0.806542 0.965703 -0.433303
v 0.306269 2.340469 0.566832
v 0.652868 1.392427 -0.823212
v 0.398985 1.703557 -0.944892
v -0.419645 0.584906 -0.028435
v -0.338601 0.562880 0.158505
v -0.483485 2.378305 -0.099950
v -0.064886 0.528629 0.293252
v -0.398516 2.381778 0.295893
v 0.293005 0.543454 0.269009
v -0.150790 2.328173 0.591730
v -0.452662 2.276782 -0.447988
v -0.240146 0.527793 0.157960
v -0.536496 2.344992 -0.030865
v 0.010232 0.507230 0.247199
v -0.360684 2.298500 0.503510
v 0.327069 0.533777 0.191391
v -0.081260 2.264424 0.689206
v 0.658673 0.683280 -0.076742
v 0.174804 2.266301 0.693913
v 0.754085 1.057545 -0.593296
v 0.353461 2.312255 0.584166
v 0.529855 1.491671 -0.903339
v 0.026858 1.956549 -0.915486
v -0.359979 0.557853 -0.004331
v 0.248898 2.220244 0.724776
v 0.623472 1.220956 -0.801089
v 0.404985 2.286057 0.590872
v -0.228866 2.076380 -0.801432
v -0.253851 0.513297 0.072210
v -0.520484 2.260136 -0.387808
v -0.142661 0.497350 0.136066
v -0.575920 2.302675 0.133609
v 0.099996 0.490285 0.170623
v -0.315361 2.234961 0.624577
v 0.342979 0.524091 0.093526
v -0.014803 2.202471 0.759820
v 0.190926 0.486842 0.074062
v -0.248210 2.166601 0.729865
v 0.476672 0.575436 -0.101932
v 0.071844 2.140303 0.814457
v 0.659472 0.838786 -0.493019
v 0.330416 2.177238 0.738973
v 0.562204 1.214461 -0.841175
v 0.458327 2.262980 0.586707
v 0.171781 1.696302 -0.995910
v -0.362868 2.096913 -0.723379
v -0.606466 2.241806 -0.265610
v -0.045202 0.476866 0.088749
v 0.511139 2.244022 0.571890
v -0.512579 2.125887 -0.591576
v -0.123449 0.485815 -0.043807
v -0.678317 2.219161 -0.069986
v 0.009605 0.471285 0.014320
v -0.535214 2.166414 0.517647
v 0.242149 0.491663 -0.025610
v -0.182488 2.094424 0.809594
v 0.427590 0.558037 -0.146908
v 0.172794 2.079493 0.849691
v 0.415517 2.138956 0.735948
v 0.447943 1.276789 -0.916897
v 0.282442 0.510100 -0.137700
v -0.076727 2.019325 0.882158
v 0.486476 0.649449 -0.356204
v 0.281483 2.023454 0.863736
v 0.468208 1.062714 -0.824252
v 0.496777 2.107280 0.717849
v 0.238479 1.431506 -1.004195
v 0.559459 2.231236 0.547066
v -0.159196 1.823370 -0.950309
v -0.503184 2.085019 -0.645193
v -0.157825 0.500358 -0.116994
v 0.046170 0.474884 -0.065339
v -0.429541 2.079427 0.702437
v -0.246959 1.756268 -0.948802
v -0.128884 0.500299 -0.162833
v -0.562553 2.023089 0.642392
v 0.087249 0.484814 -0.148709
v -0.352076 1.994938 0.808741
v 0.315401 0.546810 -0.268342
v 0.030043 1.951261 0.928119
v 0.461112 0.768963 -0.583871
v 0.385534 1.974259 0.860664
v 0.389818 1.111814 -0.884254
v 0.550396 2.085369 0.697877
v 0.099453 1.485192 -1.022832
v 0.594581 2.237200 0.504483
v 0.413674 0.823129 -0.675756
v 0.528219 1.948379 0.811709
v 0.271884 1.181044 -0.945119
v -0.094409 1.582602 -1.008152
v 0.623631 2.270016 0.426148
v -0.521034 1.896039 -0.751907
v -0.806914 2.046329 -0.103173
v -0.100261 0.504654 -0.212192
v -0.651717 2.015558 0.543109
v 0.117072 0.503136 -0.236213
v -0.344156 1.931867 0.849871
v 0.324463 0.594014 -0.392679
v -0.834004 2.011076 0.036014
v -0.081131 0.514622 -0.264841
v -0.617234 1.920751 0.652287
v 0.127396 0.527219 -0.321763
v -0.313317 1.863666 0.893264
v 0.301384 0.636163 -0.491698
v 0.332370 0.905501 -0.783400
v 0.703965 1.955835 0.681257
v 0.125010 1.267137 -0.992260
v 0.739749 2.060265 0.550554
v -0.271965 1.650873 -0.956583
v 0.677667 2.223854 0.418948
v -0.674684 1.927590 -0.577368
v 0.159128 1.117024 -0.947843
v 0.783609 1.953059 0.596542
v -0.037262 1.355538 -1.012010
v 0.790761 2.026991 0.522542
v -0.407029 1.682900 -0.896337
v -0.775885 1.919530 -0.424857
v -0.835509 1.962535 0.199449
v -0.068600 0.528690 -0.317720
v -0.522937 1.842592 0.775850
v 0.114917 0.548603 -0.392746
v -0.200243 1.770054 0.958404
v 0.223735 0.607180 -0.487591
v 0.471952 1.686738 0.932964
v -0.775176 1.841898 0.490976
v -0.007163 0.542980 -0.393940
v -0.375454 1.740050 0.897715
v 0.089916 0.560977 -0.436669
v 0.128501 1.667157 1.010707
v 0.179137 0.594918 -0.490887
v 0.585773 1.696887 0.862697
v 0.007998 1.243665 -1.000382
v 0.824986 1.874442 0.587171
v -0.157132 1.395281 -1.003962
v 0.833593 1.964450 0.521074
v -0.344938 1.587715 -0.944847
v -0.885616 1.898574 -0.051272
v 0.885549 1.863444 0.505217
v -0.259314 1.390554 -0.975186
v 0.909563 1.992739 0.345258
v -0.910021 1.814487 -0.194483
v -0.912726 1.840129 0.081058
v -0.734055 1.780693 0.591500
v -0.019331 0.556036 -0.439028
v -0.266099 1.657258 0.959511
v 0.272160 1.617186 0.993927
v 0.728886 1.695959 0.754303
v -0.091999 1.576170 1.010121
v 0.536654 1.544144 0.902694
v 0.843446 1.690485 0.634255
v -0.266342 1.283203 -0.959220
v 0.936311 1.891440 0.380983
v -0.478589 1.491786 -0.879481
v 0.907461 2.059534 0.238563
v -0.867809 1.750159 -0.374377
v -0.925444 1.792790 0.104429
v -0.048742 0.564917 -0.457243
v 0.898260 2.103389 0.145137
v -0.929468 1.714579 -0.196780
v -0.308343 1.546125 0.964046
v 0.169435 1.468669 1.020875
v -0.066367 0.801211 -0.760794
v 0.660148 1.515931 0.829135
v -0.124598 0.973507 -0.869019
v 0.921352 1.687751 0.523706
v -0.247912 1.191896 -0.936174
v 0.964758 1.922150 0.261517
v -0.115169 0.811383 -0.755721
v 0.798737 1.504311 0.711489
v -0.189128 0.999126 -0.868310
v 0.980529 1.702094 0.407120
v -0.352592 1.196048 -0.895236
v 0.974052 1.956015 0.150851
v -0.901862 1.599472 -0.370573
v 0.874836 2.146111 0.066699
v -0.960046 1.658602 -0.104295
v -0.965705 1.666784 0.090234
v -0.965197 1.614356 -0.042028
v 0.605636 2.385319 0.094099
v -0.200036 0.720009 -0.640322
v 0.766706 1.424571 0.754084
v -0.187784 0.782687 -0.708995
v 0.851037 1.463462 0.656048
v -0.630145 1.368866 -0.756697
v 0.982125 1.965008 0.046975
v -0.865969 1.533496 -0.457102
v 1.022882 1.566563 0.337916
v 1.031313 1.842422 0.022226
v -0.813203 1.428800 -0.554307
v 0.915743 2.069776 -0.097212
v -0.922615 1.504050 -0.317750
v 0.703846 2.305858 -0.096017
v -0.920515 1.505603 0.304864
v 0.580212 2.402854 0.058173
v -0.593331 1.402237 0.789735
v -0.155020 1.304259 0.992900
v -0.250968 0.717467 -0.613403
v -0.277031 0.834683 -0.725674
v 0.543500 2.423290 0.033102
v -0.489182 1.323339 0.848759
v -0.319274 0.710284 -0.559951
v 0.838366 1.311558 0.627726
v -0.400714 0.934904 -0.740384
v 1.048908 1.557284 0.254857
v -0.512761 1.048654 -0.737544
v 1.021771 1.857807 -0.058174
v -0.856993 1.387472 -0.466947
v 0.849289 2.141349 -0.180503
v -0.926371 1.437907 -0.299566
v 0.661096 2.337053 -0.127185
v -0.778818 1.407138 0.585255
v -0.633147 1.131917 -0.671012
v 1.015440 1.846558 -0.139915
v -0.867114 1.325042 -0.418788
v 0.721535 2.257554 -0.246631
v -0.963679 1.395456 -0.026932
v 0.585130 2.384379 -0.152921
v -0.784366 1.348626 0.557220
v 0.493866 2.448249 0.025835
v -0.265351 1.220402 0.927059
v 0.322976 1.149312 0.918996
v -0.373186 0.758936 -0.578053
v 0.899451 1.287742 0.532459
v -0.450828 0.923102 -0.689949
v 1.073878 1.565009 0.100815
v -0.088679 1.147430 0.940906
v 0.568340 1.123147 0.795117
v -0.408565 0.762360 -0.557553
v 0.963199 1.286826 0.416206
v -0.464953 0.888876 -0.653529
v 1.080025 1.569673 0.025053
v 0.945937 1.944960 -0.260255
v -0.933908 1.317146 -0.217103
v 0.663099 2.282178 -0.310796
v -0.947887 1.337988 0.152872
v 0.505000 2.425070 -0.168216
v -0.771526 1.289379 0.562940
v 0.440779 2.471096 0.029842
v 0.624560 2.269240 -0.418553
v -0.946227 1.265704 -0.008838
v 0.550550 2.353250 -0.335849
v -0.923745 1.276438 0.222275
v 0.419698 2.464640 -0.159826
v -0.854567 1.281886 0.436471
v 0.388059 2.490294 0.045490
v 0.765167 1.116094 0.623561
v -0.434980 0.733171 -0.497443
v 1.017327 1.297025 0.278606
v 1.080880 1.480428 0.060007
v 0.848408 1.101170 0.500595
v -0.512560 0.782393 -0.478579
v 1.061133 1.344805 0.086526
v -0.690171 0.961756 -0.461763
v 1.039929 1.626845 -0.263141
v -0.852053 1.112611 -0.301394
v 0.650467 2.209474 -0.475302
v -0.925553 1.191242 -0.004314
v -0.883621 1.195909 0.277798
v 0.326985 2.505813 -0.106347
v 0.337923 2.505205 0.073889
v 0.570185 1.002825 0.727620
v 0.244959 2.527869 -0.064116
v -0.109625 0.952191 0.845617
v 0.291621 2.514069 0.108481
v 0.464290 0.945698 0.748026
v 0.914161 1.101076 0.370533
v -0.554954 0.797791 -0.448187
v 1.066868 1.428998 -0.117453
v -0.710199 0.948650 -0.414752
v 0.916242 1.827117 -0.458206
v -0.856014 1.076721 -0.222003
v 0.665245 2.137276 -0.539961
v -0.896466 1.128449 0.101518
v -0.579969 0.792334 -0.403935
v 1.037170 1.501288 -0.281931
v -0.728199 0.928626 -0.348991
v 0.817757 1.918095 -0.545320
v -0.857118 1.041598 -0.114819
v 0.442262 2.297462 -0.537000
v -0.829449 1.057344 0.266376
v 0.214662 2.479927 -0.309531
v -0.540883 0.983686 0.647585
v 0.173894 2.535603 -0.047432
v -0.015748 0.900180 0.819008
v 0.250702 2.516982 0.147095
v 0.550953 0.914375 0.665330
v 0.964829 1.118625 0.241926
v -0.417289 0.909959 0.686285
v 0.113577 2.541969 0.012867
v 0.122174 0.846348 0.776353
v 0.218704 2.514646 0.194595
v 0.674721 0.899302 0.536875
v 1.022792 1.182623 -0.006818
v -0.593715 0.777305 -0.356467
v 0.984431 1.563793 -0.427890
v -0.688221 0.869062 -0.342933
v 0.281522 2.389852 -0.490922
v -0.725101 0.977377 0.413345
v 0.133719 2.505146 -0.261752
v 0.835568 1.745575 -0.623074
v -0.745289 0.858240 -0.109701
v 0.568411 2.047062 -0.710556
v -0.768716 0.906632 0.154612
v 0.298422 2.313074 -0.585940
v -0.653649 0.910795 0.450529
v -0.326514 0.846838 0.690637
v 0.071357 2.540018 0.120822
v 0.197186 2.506656 0.249471
v 0.714522 0.868839 0.453348
v -0.665070 0.800705 -0.258921
v 0.030413 2.526492 0.208699
v 0.528883 0.771904 0.531977
v 0.183231 2.493102 0.304733
v 0.749213 0.841821 0.360692
v 0.811153 1.681517 -0.678198
v -0.666701 0.782356 -0.195908
v 0.694849 1.856539 -0.725492
v -0.731015 0.833740 -0.075317
v 0.394916 2.153399 -0.728783
v -0.745431 0.872823 0.166171
v 0.222711 2.288214 -0.665230
v -0.682129 0.882845 0.364301
v -0.055678 2.533749 0.143837
v -0.044095 0.780315 0.720861
v -0.672027 0.769594 -0.095564
v 0.195430 2.253761 -0.694324
v -0.481029 0.747049 0.463549
v -0.126916 2.520896 0.124782
v -0.003926 2.506632 0.274187
v 0.765555 0.818534 0.274558
v 0.177952 2.474892 0.358184
v 0.835725 0.866327 0.181367
v 0.783723 1.659899 -0.708048
v -0.599331 0.722014 -0.191207
v 0.798244 0.817449 0.146967
v 0.183936 2.452608 0.410551
v 0.938866 1.036428 -0.198491
v 0.792315 1.557792 -0.704780
v -0.576167 0.693925 -0.149848
v 0.423545 1.991205 -0.824759
v -0.628423 0.724812 -0.024706
v 0.015713 2.323920 -0.621073
v -0.442291 0.700419 0.419028
v -0.206960 2.476036 -0.226470
v -0.324739 0.691320 0.515222
v -0.182434 2.502276 0.143297
v -0.019373 2.479720 0.348569
v -0.012484 2.446115 0.430740
v 0.818495 0.825470 0.032022
v 0.201274 2.427209 0.459512
v 0.921588 1.122157 -0.384043
v 0.789758 1.495226 -0.717614
v -0.547641 0.669559 -0.115136
v -0.568901 0.692296 0.124914
v -0.163730 2.392937 -0.474515
v -0.450857 0.676074 0.351200
v -0.286118 2.473415 -0.102757
v -0.328466 0.671436 0.474675
v -0.211898 2.474374 0.241489
vn -0.1939 0.8966 0.3981
vn -0.4090 0.8845 -0.2245
vn 0.7983 0.1657 -0.5790
vn 0.7769 -0.1998 -0.5971
vn 0.8144 -0.5277 -0.2416
vn 0.2005 0.8920 0.4051
vn 0.0112 0.9099 0.4148
vn -0.1905 0.9352 0.2986
vn -0.2964 0.9550 0.0127
vn -0.1832 0.9175 -0.3530
vn -0.0065 0.7252 -0.6885
vn 0.5923 0.1826 -0.7847
vn 0.9222 -0.0311 -0.3854
vn 0.8151 -0.5708 -0.0989
vn 0.6283 -0.7709 0.1041
vn -0.1772 -0.9442 0.2777
vn -0.4008 -0.8218 0.4049
vn -0.6510 -0.7239 0.2284
vn -0.5776 -0.8163 0.0049
vn -0.5517 -0.8183 -0.1610
vn 0.1910 0.9081 0.3727
vn 0.0038 0.9328 0.3603
vn -0.2049 0.9476 0.2451
vn -0.2444 0.9682 -0.0524
vn -0.0788 0.8387 -0.5389
vn 0.1268 0.5690 -0.8125
vn 0.4883 0.0910 -0.8679
vn 0.7759 -0.6238 0.0937
vn -0.4843 -0.8144 0.3197
vn -0.6514 -0.7500 -0.1147
vn -0.5738 -0.7840 -0.2370
vn 0.1906 0.9219 0.3372
vn 0.0189 0.9522 0.3050
vn -0.1376 0.9632 0.2307
vn 0.0465 0.5991 -0.7993
vn 0.3222 0.5270 -0.7864
vn 0.6452 0.2167 -0.7326
vn 0.6579 -0.6830 0.3172
vn -0.7293 -0.6432 0.2332
vn -0.7434 -0.6654 0.0675
vn -0.7031 -0.7006 -0.1220
vn -0.6087 -0.7283 -0.3147
vn 0.2003 0.9355 0.2909
vn 0.0625 0.9736 0.2194
vn -0.0039 0.9923 0.1235
vn 0.3910 0.6611 -0.6403
vn 0.5610 0.4342 -0.7049
vn 0.7526 0.2048 -0.6259
vn 0.6296 -0.6308 0.4535
vn -0.0837 -0.5669 0.8195
vn -0.4408 -0.7298 0.5225
vn -0.8071 -0.4980 0.3173
vn -0.8472 -0.5304 0.0308
vn -0.7873 -0.5928 -0.1694
vn 0.2135 0.9467 0.2411
vn 0.1029 0.9876 0.1187
vn 0.0332 0.9982 -0.0502
vn 0.0106 0.9255 -0.3787
vn 0.7642 0.2547 -0.5926
vn 0.8923 -0.0842 -0.4435
vn 0.9272 -0.2679 0.2619
vn 0.5146 -0.5946 0.6178
vn -0.1464 -0.6257 0.7662
vn -0.5847 -0.5521 0.5944
vn -0.7477 -0.5502 0.3718
vn -0.6898 -0.6542 -0.3102
vn -0.5782 -0.7593 -0.2987
vn 0.3493 0.8772 0.3294
vn 0.2240 0.9516 0.2107
vn 0.1112 0.9916 0.0667
vn 0.0878 0.9838 -0.1562
vn 0.2376 0.8996 -0.3663
vn 0.4763 0.7634 -0.4362
vn 0.9316 0.1546 -0.3290
vn 0.9788 -0.0196 -0.2041
vn 0.6544 -0.5554 0.5131
vn 0.2859 -0.6220 0.7289
vn -0.2750 -0.5795 0.7672
vn -0.7122 -0.4388 0.5479
vn -0.8697 -0.4536 0.1947
vn -0.8187 -0.5515 -0.1599
vn -0.6930 -0.5916 -0.4121
vn -0.5585 -0.7407 -0.3734
vn 0.2428 0.9519 0.1871
vn 0.1297 0.9909 0.0365
vn 0.1328 0.9750 -0.1783
vn 0.4353 0.8355 -0.3353
vn 0.5580 0.4499 -0.6973
vn 0.9072 0.1380 -0.3973
vn 0.9467 -0.3213 -0.0243
vn 0.6847 -0.5256 0.5049
vn 0.1650 -0.6133 0.7724
vn -0.4037 -0.5464 0.7338
vn -0.8438 -0.4033 0.3541
vn -0.9010 -0.4335 0.0149
vn -0.8309 -0.4866 -0.2699
vn -0.6869 -0.5985 -0.4123
vn -0.5509 -0.7306 -0.4034
vn 0.2848 0.9457 0.1565
vn 0.2278 0.9737 0.0077
vn 0.2262 0.9671 -0.1168
vn 0.7351 0.6076 -0.3008
vn 0.8061 0.4425 -0.3930
vn 0.9563 -0.0461 -0.2886
vn 0.9248 -0.3419 0.1668
vn 0.5753 -0.6239 0.5290
vn 0.0298 -0.3531 0.9351
vn -0.2919 -0.0339 0.9559
vn -0.9010 -0.3689 0.2283
vn -0.9204 -0.3780 -0.0996
vn -0.8053 -0.4741 -0.3559
vn -0.6458 -0.5708 -0.5071
vn -0.5407 -0.7307 -0.4167
vn 0.3275 0.9365 0.1256
vn 0.3271 0.9440 -0.0428
vn 0.3683 0.9058 -0.2094
vn 0.4611 0.7832 -0.4172
vn 0.9866 -0.1555 0.0487
vn 0.8701 -0.3389 0.3579
vn 0.6320 -0.4856 0.6040
vn -0.9542 -0.2818 0.1007
vn -0.9189 -0.3627 -0.1551
vn -0.8128 -0.5423 -0.2126
vn -0.5092 -0.7738 -0.3767
vn 0.3556 0.9283 0.1086
vn 0.3699 0.9260 -0.0751
vn 0.4701 0.8501 -0.2373
vn 0.6276 0.7249 -0.2838
vn 0.9534 0.2690 0.1366
vn 0.9730 -0.0266 0.2291
vn 0.7898 -0.2664 0.5525
vn 0.4496 -0.3780 0.8093
vn -0.9189 0.0659 0.3889
vn -0.9875 -0.1491 0.0509
vn -0.3753 -0.6919 -0.6168
vn -0.3614 -0.7967 -0.4845
vn 0.3897 0.9155 0.1001
vn 0.4287 0.8995 -0.0843
vn 0.5475 0.7993 -0.2479
vn 0.7906 0.5112 -0.3372
vn 0.9653 0.2067 -0.1597
vn 0.9533 -0.0455 0.2986
vn 0.6646 -0.2363 0.7088
vn 0.0816 -0.5912 0.8024
vn -0.9380 0.1025 0.3311
vn -0.9874 -0.0794 -0.1368
vn -0.8625 -0.2343 -0.4485
vn -0.5991 -0.4849 -0.6371
vn -0.3979 -0.6340 -0.6631
vn -0.3914 -0.7725 -0.5001
vn 0.4253 0.8998 0.0977
vn 0.5007 0.8627 -0.0707
vn 0.6461 0.7407 -0.1844
vn 0.8244 0.5078 -0.2500
vn 0.9582 0.2799 -0.0588
vn 0.8680 -0.1916 0.4581
vn -0.2560 -0.4068 0.8769
vn -0.6347 -0.3724 0.6771
vn -0.9378 -0.1562 -0.3100
vn -0.7331 -0.2599 -0.6285
vn -0.5893 -0.5151 -0.6224
vn -0.4253 -0.6473 -0.6326
vn -0.4626 -0.7532 -0.4677
vn 0.4392 0.8935 0.0937
vn 0.5621 0.8254 -0.0518
vn 0.7178 0.6870 -0.1134
vn 0.8928 0.4301 -0.1338
vn 0.9909 0.1127 0.0733
vn 0.9283 -0.3715 0.0145
vn -0.1208 -0.8323 0.5410
vn -0.4019 -0.3587 0.8425
vn -0.7759 -0.0222 0.6305
vn -0.9897 -0.0662 0.1267
vn -0.9251 -0.0356 -0.3780
vn -0.4584 -0.5582 -0.6916
vn -0.4080 -0.7465 -0.5257
vn 0.4553 0.8824 0.1188
vn 0.5395 0.8418 0.0173
vn 0.9186 0.3889 -0.0709
vn 0.7800 0.1202 0.6141
vn -0.2081 -0.6928 0.6905
vn -0.5458 -0.3034 0.7811
vn -0.7537 -0.0084 0.6572
vn -0.9649 0.0174 -0.2621
vn -0.8399 0.0442 -0.5409
vn -0.3737 -0.6821 -0.6286
vn -0.2758 -0.6983 -0.6606
vn -0.3284 -0.7077 -0.6255
vn -0.0053 1.0000 0.0051
vn 0.7591 0.6243 -0.1845
vn 0.8584 0.5123 -0.0266
vn 0.9174 0.3552 0.1797
vn 0.8713 0.1093 0.4784
vn 0.6869 0.1253 0.7159
vn -0.9918 -0.1253 0.0270
vn -0.9637 -0.0749 -0.2562
vn -0.5458 0.2549 -0.7982
vn -0.4563 -0.2967 -0.8389
vn -0.3183 -0.5678 -0.7591
vn -0.2057 -0.6731 -0.7104
vn 0.2114 0.9504 0.2283
vn 0.8161 0.5780 0.0010
vn 0.8780 0.4655 0.1115
vn 0.9041 0.2842 0.3190
vn 0.7700 0.1209 0.6265
vn 0.5081 -0.0020 0.8613
vn 0.0630 0.5199 0.8519
vn -0.9772 0.1986 -0.0746
vn -0.9834 0.1016 -0.1506
vn -0.2544 -0.4060 -0.8778
vn -0.1878 -0.5683 -0.8011
vn -0.2164 -0.6431 -0.7346
vn 0.2784 0.9139 0.2956
vn 0.8573 0.5028 0.1106
vn 0.8857 0.4137 0.2107
vn 0.8700 0.2447 0.4281
vn 0.6903 0.0862 0.7184
vn 0.3844 0.1698 0.9074
vn -0.3407 0.2708 0.9003
vn -0.9636 -0.1119 0.2427
vn -0.9706 0.2095 -0.1189
vn -0.8170 0.1560 -0.5551
vn -0.4798 -0.2183 -0.8498
vn -0.3572 -0.3550 -0.8639
vn -0.2582 -0.6129 -0.7468
vn 0.2694 0.9125 0.3077
vn 0.8772 0.4426 0.1862
vn 0.8779 0.3554 0.3208
vn 0.8116 0.2179 0.5421
vn 0.6465 0.1214 0.7532
vn -0.0927 -0.0275 0.9953
vn -0.4245 0.1799 0.8874
vn -0.8941 0.2402 0.3779
vn -0.9882 0.1338 -0.0748
vn -0.3622 -0.1044 -0.9262
vn -0.0443 -0.9422 -0.3322
vn 0.2632 0.7914 0.5517
vn 0.8107 0.3176 0.4919
vn 0.6983 0.2469 0.6718
vn 0.4047 -0.0220 0.9142
vn -0.1184 0.1148 0.9863
vn -0.6113 0.2406 0.7539
vn -0.8427 0.4637 0.2737
vn -0.9549 0.2954 0.0297
vn -0.1909 -0.0119 -0.9815
vn -0.2076 -0.1357 -0.9688
vn 0.0352 -0.9608 -0.2751
vn 0.2811 0.7337 0.6186
vn 0.7412 0.3959 0.5422
vn 0.1474 0.1257 0.9811
vn -0.2983 0.1606 0.9409
vn -0.6170 0.2747 0.7375
vn -0.8870 0.4439 -0.1268
vn -0.8226 0.1572 -0.5464
vn -0.1520 0.2701 -0.9508
vn 0.0543 -0.0939 -0.9941
vn 0.1843 -0.9210 -0.3432
vn 0.0202 -0.9668 -0.2546
vn -0.2057 -0.9145 -0.3484
vn -0.4101 -0.8552 -0.3168
vn 0.5552 0.7512 0.3571
vn 0.6415 0.6029 0.4744
vn 0.6507 0.5038 0.5681
vn 0.5849 0.5503 0.5959
vn -0.4866 0.3044 0.8189
vn -0.8255 0.3622 0.4329
vn -0.8779 0.4379 -0.1939
vn -0.5996 0.3143 -0.7360
vn -0.1346 0.0649 -0.9888
vn 0.2093 -0.2927 -0.9330
vn 0.1692 -0.6906 -0.7031
vn 0.2424 -0.9016 -0.3582
vn -0.0109 -0.9594 -0.2820
vn -0.2058 -0.9293 -0.3068
vn 0.6026 0.7386 0.3023
vn 0.5998 0.6289 0.4947
vn 0.5508 0.5283 0.6462
vn -0.3527 0.4080 0.8421
vn -0.4543 0.3732 0.8089
vn -0.7885 0.6069 0.1001
vn -0.7008 0.6127 -0.3654
vn -0.4878 0.2191 -0.8450
vn -0.0372 -0.0808 -0.9960
vn 0.2606 -0.4524 -0.8529
vn 0.3106 -0.7562 -0.5759
vn 0.1905 -0.9223 -0.3362
vn -0.0200 -0.9714 -0.2366
vn -0.2131 -0.9449 -0.2484
vn 0.4524 0.7816 0.4295
vn 0.3912 0.4880 0.7803
vn 0.2372 0.4559 0.8578
vn -0.2044 0.4121 0.8879
vn -0.6121 0.3400 0.7139
vn -0.8748 -0.2574 0.4105
vn -0.7462 0.1006 -0.6581
vn -0.3287 0.0605 -0.9425
vn 0.0870 -0.1973 -0.9765
vn 0.3433 -0.5405 -0.7681
vn 0.4017 -0.8022 -0.4418
vn 0.1705 -0.9537 -0.2476
vn -0.0447 -0.9842 -0.1712
vn -0.2336 -0.9509 -0.2029
vn 0.4768 0.7416 0.4719
vn 0.5375 0.5876 0.6048
vn 0.3750 0.5197 0.7677
vn 0.0963 0.4657 0.8797
vn -0.2605 0.4884 0.8328
vn -0.4943 0.5381 0.6828
vn 0.0727 0.0594 -0.9956
vn 0.2640 -0.2326 -0.9361
vn 0.5376 -0.4217 -0.7302
vn 0.2950 -0.9182 -0.2642
vn 0.1334 -0.9809 -0.1419
vn -0.0844 -0.9905 -0.1090
vn -0.2754 -0.9505 -0.1438
vn 0.4584 0.7457 0.4836
vn 0.4387 0.6334 0.6374
vn 0.2842 0.5463 0.7879
vn -0.0112 0.5211 0.8534
vn -0.3565 0.5981 0.7178
vn -0.6314 0.6602 0.4068
vn -0.7054 0.6044 -0.3702
vn -0.2697 0.6992 -0.6621
vn 0.1210 0.1799 -0.9762
vn 0.3017 -0.1845 -0.9354
vn 0.3056 -0.9383 -0.1619
vn 0.0970 -0.9938 -0.0543
vn -0.0984 -0.9906 -0.0950
vn -0.3184 -0.9444 -0.0819
vn 0.4234 0.7567 0.4981
vn 0.3687 0.6596 0.6550
vn 0.1896 0.5884 0.7860
vn -0.1142 0.5701 0.8136
vn -0.4445 0.6316 0.6353
vn -0.7163 0.6951 0.0616
vn -0.5904 0.6972 -0.4066
vn -0.2842 0.6294 -0.7233
vn 0.7106 0.0414 -0.7024
vn 0.5648 -0.3525 -0.7462
vn 0.4603 -0.7904 -0.4043
vn 0.3316 -0.9434 -0.0054
vn 0.0701 -0.9959 0.0575
vn -0.0659 -0.9973 0.0327
vn 0.3851 0.7709 0.5073
vn 0.2992 0.6902 0.6589
vn 0.0987 0.6396 0.7623
vn -0.1959 0.6531 0.7315
vn -0.4353 0.7326 0.5233
vn -0.6525 0.7549 -0.0663
vn -0.4979 0.6617 -0.5606
vn -0.2281 0.1938 -0.9542
vn 0.4616 -0.1207 -0.8789
vn 0.6501 -0.5008 -0.5714
vn 0.6393 -0.7684 -0.0294
vn 0.2516 -0.9656 0.0651
vn -0.0083 -0.9860 0.1663
vn -0.1886 -0.9636 0.1894
vn 0.3466 0.7880 0.5089
vn 0.2329 0.7247 0.6486
vn 0.0202 0.6911 0.7225
vn -0.2589 0.6979 0.6678
vn -0.6201 0.7512 -0.2262
vn -0.2758 0.7350 -0.6194
vn 0.0151 0.4304 -0.9025
vn 0.6428 -0.2522 -0.7233
vn 0.3950 -0.8634 0.3140
vn 0.1540 -0.9635 0.2189
vn -0.1205 -0.9638 0.2381
vn -0.3571 -0.9130 0.1974
vn 0.3102 0.8068 0.5029
vn 0.1708 0.7630 0.6234
vn -0.0472 0.7521 0.6574
vn -0.2468 0.7727 0.5848
vn -0.6214 0.7821 0.0454
vn -0.6443 0.7363 -0.2068
vn 0.1875 -0.0393 -0.9815
vn 0.6513 -0.2902 -0.7011
vn 0.6137 -0.7182 -0.3279
vn 0.4444 -0.8924 0.0785
vn 0.0876 -0.9524 0.2921
vn -0.2234 -0.9305 0.2902
vn -0.3846 -0.9196 0.0796
vn -0.3717 -0.9229 -0.1009
vn 0.2812 0.8244 0.4912
vn 0.1181 0.7974 0.5917
vn -0.1040 0.8202 0.5626
vn -0.4135 0.8018 0.4315
vn -0.5083 0.8562 0.0928
vn -0.3401 0.8972 -0.2819
vn 0.5888 0.1355 -0.7968
vn 0.7363 -0.4519 -0.5037
vn 0.6595 -0.7279 -0.1878
vn 0.3819 -0.8853 0.2652
vn 0.1181 -0.9432 0.3106
vn -0.3581 -0.9159 0.1813
vn -0.4513 -0.8905 0.0587
vn -0.4575 -0.8836 -0.1002
vn 0.2513 0.8505 0.4620
vn 0.0888 0.8360 0.5416
vn -0.3473 0.9011 0.2596
vn -0.4041 0.9146 0.0180
vn -0.2913 0.7078 -0.6435
vn -0.6168 -0.0189 -0.7869
vn 0.8216 -0.5453 -0.1662
vn 0.6831 -0.7303 -0.0053
vn 0.3370 -0.8308 0.4429
vn -0.0924 -0.8198 0.5651
vn -0.4470 -0.8599 0.2467
vn -0.5697 -0.8192 0.0661
vn -0.5075 -0.8544 -0.1112
vn 0.2177 0.8757 0.4310
vn 0.0315 0.8805 0.4729
vn -0.3210 0.9377 0.1329
vn 0.6234 -0.7818 0.0161
vn -0.3415 -0.8698 0.3562
vn -0.5070 -0.8225 0.2578
vn -0.5205 -0.8371 -0.1684
vn 0.8208 0.0250 -0.5707
vn 0.8124 -0.3795 -0.4427
vn 0.1098 0.9002 0.4214
vn -0.0919 0.9217 0.3768
vn -0.2666 0.9477 0.1755
vn -0.2650 0.9491 -0.1702
vn -0.0392 0.8639 -0.5022
vn 0.0075 0.3157 -0.9488
vn 0.8411 0.1998 -0.5027
vn 0.9408 -0.2705 -0.2040
vn 0.7047 -0.7046 0.0832
vn -0.2179 -0.9255 0.3099
vn -0.5189 -0.7782 0.3538
vn -0.5898 -0.8048 0.0660
vn -0.5722 -0.8167 -0.0747
vn -0.1897 0.9198 0.3435
vn -0.2714 0.9188 -0.2864
vn 0.8136 0.3184 -0.4866
vn 0.8817 -0.0818 -0.4647
vn 0.8303 -0.5331 -0.1626
vn 0.0999 0.9210 0.3764
vn -0.0976 0.9427 0.3191
vn -0.3227 0.9384 0.1239
vn -0.0798 0.9566 -0.2801
vn -0.0180 0.7209 -0.6928
vn 0.3974 0.3514 -0.8477
vn 0.5356 0.0398 -0.8435
vn 0.8548 -0.5187 -0.0188
vn 0.7116 -0.6909 0.1279
vn -0.4202 -0.8061 0.4166
vn -0.6639 -0.7444 -0.0718
vn -0.6166 -0.7664 -0.1804
vn -0.1951 0.9448 0.2634
vn 0.0060 0.9222 0.3868
vn 0.5221 -0.8528 -0.0108
vn -0.2664 0.9627 -0.0479
vn -0.3918 -0.8336 0.3893
vn -0.0950 0.9102 -0.4032
vn 0.0065 0.5253 -0.8509
vn -0.6066 -0.7935 -0.0486
vn 0.4362 0.1948 -0.8785
vn -0.5365 -0.8178 -0.2082
vn 0.9772 -0.0348 -0.2094
vn 0.2260 0.8978 0.3779
vn 0.7917 -0.6098 -0.0376
vn 0.1041 0.9387 0.3286
vn -0.0627 0.9614 0.2680
vn -0.2032 0.9549 0.2167
vn 0.0234 0.5246 -0.8510
vn 0.1994 0.6067 -0.7695
vn 0.4505 0.3279 -0.8304
vn 0.6751 0.1909 -0.7126
vn 0.7401 -0.6125 0.2777
vn 0.5690 -0.7095 0.4157
vn -0.7368 -0.6482 0.1920
vn -0.7291 -0.6829 -0.0460
vn -0.6648 -0.7187 -0.2038
vn 0.6193 0.1349 -0.7735
vn 0.1635 0.5941 -0.7876
vn -0.5658 -0.7527 -0.3367
vn -0.6911 -0.7050 -0.1592
vn 0.2218 0.9104 0.3493
vn 0.7309 -0.6480 0.2140
vn 0.0076 0.9420 0.3354
vn -0.1965 0.9496 0.2440
vn -0.4204 0.9007 0.1092
vn -0.4980 -0.8147 0.2971
vn -0.0585 0.7422 -0.6676
vn 0.1251 0.9567 0.2628
vn 0.0145 0.9863 0.1646
vn 0.4683 0.6022 -0.6466
vn 0.6815 0.3013 -0.6669
vn 0.6276 -0.6613 0.4108
vn -0.2618 -0.6439 0.7189
vn -0.6830 -0.5975 0.4201
vn -0.8409 -0.5143 0.1685
vn -0.8255 -0.5580 -0.0845
vn -0.7504 -0.6260 -0.2122
vn -0.0679 -0.5596 0.8260
vn -0.0716 0.9773 0.1995
vn -0.7817 -0.5589 0.2769
vn 0.1942 0.6243 -0.7567
vn -0.7798 -0.6234 0.0574
vn 0.4324 0.4291 -0.7930
vn -0.7224 -0.6841 -0.1011
vn 0.6801 0.2416 -0.6922
vn 0.2253 0.9217 0.3157
vn 0.5918 -0.6938 0.4104
vn 0.0379 0.9629 0.2671
vn 0.1493 0.9705 0.1895
vn 0.0640 0.9975 0.0310
vn -0.0379 0.9769 -0.2101
vn 0.0447 0.8609 -0.5067
vn 0.6120 0.3577 -0.7053
vn 0.8445 0.0938 -0.5272
vn 0.8368 -0.4362 -0.3310
vn 0.6850 -0.5295 0.5004
vn 0.1812 -0.7694 0.6126
vn -0.4077 -0.5385 0.7374
vn -0.6977 -0.5519 0.4568
vn -0.6479 -0.6883 -0.3264
vn -0.7717 -0.5853 -0.2486
vn 0.8375 0.0384 -0.5450
vn 0.2363 0.9332 0.2709
vn 0.6166 -0.4640 0.6361
vn 0.0883 0.9823 0.1651
vn -0.2766 -0.5389 0.7956
vn 0.0402 0.9989 0.0252
vn -0.5388 -0.6231 0.5670
vn -0.7690 -0.5446 0.3347
vn 0.4990 0.6872 -0.5280
vn -0.8778 -0.4788 -0.0161
vn 0.6427 0.3525 -0.6802
vn 0.3249 0.9053 0.2736
vn 0.1612 0.9757 0.1485
vn 0.0822 0.9959 -0.0367
vn 0.1452 0.9517 -0.2706
vn 0.3621 0.8431 -0.3976
vn 0.9509 0.0522 -0.3051
vn 0.5422 -0.5425 0.6417
vn 0.0011 -0.6295 0.7770
vn -0.5190 -0.5064 0.6886
vn -0.8327 -0.4215 0.3591
vn -0.8379 -0.5458 -0.0033
vn -0.7618 -0.5620 -0.3220
vn -0.6199 -0.6767 -0.3973
vn 0.0962 0.9063 -0.4117
vn 0.0146 0.9908 -0.1342
vn -0.8470 -0.4259 0.3181
vn -0.6447 -0.4906 0.5862
vn 0.3622 0.8345 -0.4152
vn 0.8508 0.1578 -0.5012
vn -0.6668 -0.6342 -0.3913
vn 0.8722 -0.2999 -0.3865
vn -0.5424 -0.7792 -0.3142
vn 0.7495 -0.5434 0.3782
vn 0.2463 0.9396 0.2376
vn 0.3379 -0.7098 0.6180
vn 0.1033 0.9904 0.0915
vn -0.2057 -0.6004 0.7728
vn 0.1838 0.9756 0.1200
vn 0.0909 0.9931 -0.0739
vn 0.2836 0.9158 -0.2844
vn 0.5153 0.6813 -0.5199
vn 0.7561 0.2810 -0.5911
vn 0.9813 -0.0409 -0.1882
vn 0.8529 -0.4586 0.2496
vn 0.4415 -0.5804 0.6843
vn -0.1206 -0.6310 0.7664
vn -0.7133 -0.3097 0.6287
vn -0.8842 -0.4244 0.1950
vn -0.8810 -0.4509 -0.1430
vn -0.7631 -0.5362 -0.3607
vn -0.6141 -0.6666 -0.4226
vn 0.7282 -0.4983 0.4706
vn 0.9876 -0.1208 -0.0998
vn 0.2588 0.9415 0.2160
vn -0.5298 -0.7575 -0.3815
vn 0.2230 -0.6081 0.7619
vn 0.1204 0.9916 0.0481
vn -0.3426 -0.5641 0.7513
vn 0.1309 0.9742 -0.1838
vn -0.7768 -0.3631 0.5145
vn 0.3433 0.8764 -0.3378
vn -0.8737 -0.4797 0.0807
vn 0.5206 0.6598 -0.5419
vn -0.8279 -0.5185 -0.2137
vn 0.8708 0.1893 -0.4537
vn -0.6972 -0.5999 -0.3925
vn 0.2497 0.9647 0.0833
vn 0.2150 0.9740 -0.0711
vn 0.6817 0.5438 -0.4894
vn 0.9111 0.1585 -0.3806
vn 0.9810 -0.1854 -0.0577
vn 0.7905 -0.4854 0.3735
vn 0.3822 -0.5429 0.7478
vn -0.2690 -0.0613 0.9612
vn -0.8624 -0.4142 0.2910
vn -0.9325 -0.3565 0.0577
vn -0.8735 -0.4268 -0.2343
vn -0.7289 -0.5130 -0.4533
vn -0.5813 -0.6504 -0.4889
vn -0.9177 -0.3939 -0.0511
vn -0.8924 -0.3905 0.2262
vn 0.6977 0.4553 -0.5531
vn -0.8216 -0.4753 -0.3147
vn 0.9407 0.0756 -0.3308
vn -0.6710 -0.5932 -0.4448
vn 0.9483 -0.3041 0.0912
vn -0.5268 -0.7538 -0.3928
vn 0.6341 -0.5569 0.5365
vn 0.2831 0.9391 0.1946
vn 0.1321 -0.5354 0.8342
vn 0.1636 0.9861 0.0278
vn -0.2952 -0.3265 0.8979
vn 0.0960 0.9881 -0.1200
vn 0.3166 0.9477 0.0414
vn 0.3482 0.9282 -0.1316
vn 0.4012 0.8486 -0.3448
vn 0.4400 0.7279 -0.5258
vn 0.9552 -0.2327 0.1828
vn 0.7425 -0.4258 0.5170
vn 0.5680 -0.5569 0.6059
vn -0.9435 -0.2769 0.1823
vn -0.9550 -0.2961 -0.0183
vn -0.8644 -0.4608 -0.2012
vn -0.5495 -0.7327 -0.4015
vn -0.5481 -0.7549 -0.3602
vn 0.6105 -0.5941 0.5238
vn 0.2878 0.9575 -0.0171
vn 0.3240 0.9315 0.1652
vn 0.3325 0.9309 -0.1514
vn -0.9286 -0.3369 0.1556
vn 0.4466 0.7146 -0.5385
vn -0.9240 -0.3579 -0.1348
vn -0.8059 -0.4827 -0.3428
vn 0.9823 -0.1364 -0.1282
vn -0.6040 -0.5759 -0.5510
vn 0.8970 -0.3642 0.2506
vn 0.3535 0.9353 0.0175
vn 0.4081 0.8981 -0.1637
vn 0.5518 0.7856 -0.2797
vn 0.9771 0.1077 0.1835
vn 0.9117 -0.1700 0.3741
vn 0.6267 -0.3330 0.7046
vn -0.8311 0.2621 0.4904
vn -0.9730 -0.0885 0.2133
vn -0.9853 -0.1559 -0.0698
vn -0.3163 -0.6277 -0.7113
vn -0.3661 -0.7538 -0.5456
vn 0.9791 -0.0907 0.1822
vn 0.8367 -0.3020 0.4569
vn -0.3981 -0.8145 -0.4219
vn 0.6034 -0.4002 0.6898
vn 0.3520 0.9245 0.1464
vn 0.3442 0.9368 -0.0627
vn -0.9411 -0.0865 0.3270
vn 0.4013 0.8771 -0.2640
vn -0.9679 -0.2314 0.0977
vn 0.5040 0.7839 -0.3627
vn 0.4009 0.9161 0.0077
vn 0.4770 0.8621 -0.1708
vn 0.6392 0.7134 -0.2872
vn 0.9122 0.2698 -0.3085
vn 0.9907 0.1003 0.0918
vn 0.8480 -0.2088 0.4871
vn 0.4075 -0.2534 0.8773
vn -0.0748 -0.5558 0.8280
vn -0.8895 0.0441 0.4548
vn -0.9920 0.0813 0.0968
vn -0.9350 -0.1161 -0.3350
vn -0.7496 -0.4154 -0.5154
vn -0.4373 -0.5201 -0.7337
vn -0.3919 -0.7124 -0.5821
vn 0.3981 0.9137 -0.0819
vn 0.3780 0.9156 0.1367
vn -0.9169 -0.0152 0.3988
vn 0.5201 0.8214 -0.2339
vn -0.9945 -0.0978 -0.0384
vn 0.6954 0.6585 -0.2877
vn -0.9179 -0.0816 -0.3884
vn 0.9638 0.2143 -0.1584
vn -0.3772 -0.4474 -0.8109
vn 0.9662 -0.0257 0.2564
vn -0.3584 -0.6515 -0.6686
vn 0.7283 -0.2506 0.6378
vn -0.3554 -0.8071 -0.4714
vn 0.2882 -0.4803 0.8284
vn 0.4547 0.8906 0.0101
vn 0.5654 0.8136 -0.1353
vn 0.7156 0.6659 -0.2109
vn 0.9302 0.3454 -0.1244
vn 0.8591 -0.1376 0.4930
vn -0.0057 -0.5265 0.8501
vn -0.4463 -0.4226 0.7888
vn -0.7220 -0.3396 0.6029
vn -0.9749 -0.1249 -0.1844
vn -0.8692 -0.2007 -0.4519
vn -0.6397 -0.4339 -0.6345
vn -0.5161 -0.5688 -0.6404
vn -0.4513 -0.7119 -0.5381
vn 0.9140 -0.1804 0.3633
vn 0.9799 0.1896 -0.0625
vn -0.4238 -0.6382 -0.6428
vn -0.6099 -0.4749 -0.6344
vn 0.5166 -0.0525 0.8546
vn -0.4143 -0.7867 -0.4576
vn -0.0483 -0.4110 0.9104
vn 0.4078 0.9033 0.1332
vn -0.5389 -0.5439 0.6433
vn 0.4630 0.8828 -0.0793
vn -0.9394 0.2428 0.2420
vn 0.5842 0.7788 -0.2283
vn -0.9657 -0.1345 -0.2223
vn -0.8042 -0.2927 -0.5173
vn 0.4891 0.8722 0.0115
vn 0.6368 0.7659 -0.0894
vn 0.8059 0.5767 -0.1340
vn 0.9586 0.2816 -0.0418
vn 0.9889 -0.0608 0.1355
vn -0.1385 -0.8120 0.5670
vn -0.5955 -0.1479 0.7896
vn -0.8891 0.0186 0.4574
vn -0.9779 -0.0452 -0.2042
vn -0.8891 -0.0367 -0.4562
vn -0.4355 -0.6301 -0.6429
vn -0.3858 -0.7304 -0.5637
vn -0.7012 -0.1255 0.7019
vn 0.6837 0.7103 -0.1675
vn 0.5303 0.8454 -0.0641
vn -0.9299 -0.1031 -0.3531
vn 0.8722 0.4568 -0.1748
vn 0.9793 0.2026 -0.0019
vn -0.5530 -0.5527 -0.6235
vn 0.8457 -0.0187 0.5333
vn -0.4690 -0.7437 -0.4764
vn -0.4071 -0.2423 0.8807
vn 0.4267 0.8946 0.1325
vn 0.5068 0.8602 0.0563
vn 0.8873 0.4546 -0.0779
vn 0.9362 0.3125 -0.1608
vn -0.3558 -0.5471 0.7577
vn -0.7331 -0.0446 0.6786
vn -0.9197 0.0605 -0.3880
vn -0.7502 0.0037 -0.6612
vn -0.3012 -0.6833 -0.6651
vn -0.2975 -0.7106 -0.6376
vn -0.3240 -0.6897 -0.6476
vn -0.4242 -0.6482 -0.6323
vn -0.1236 -0.8285 0.5461
vn -0.3645 -0.7157 -0.5957
vn -0.4470 -0.4059 0.7972
vn 0.4053 0.9061 0.1216
vn -0.8175 0.0048 0.5760
vn 0.5551 0.8311 -0.0350
vn -0.9902 -0.0700 -0.1208
vn 0.7524 0.6548 -0.0721
vn -0.8964 0.0020 -0.4432
vn 0.9092 0.3993 -0.1177
vn 0.9598 0.1769 0.2180
vn 0.7763 0.6088 -0.1633
vn 0.8990 0.4211 0.1201
vn 0.9428 0.1839 0.2782
vn 0.7509 0.0843 0.6551
vn 0.6899 0.1658 0.7047
vn -0.9970 -0.0767 0.0088
vn -0.9956 -0.0463 -0.0811
vn -0.8679 0.1146 -0.4834
vn -0.4655 -0.0521 -0.8835
vn -0.4168 -0.4937 -0.7632
vn -0.2482 -0.6370 -0.7298
vn -0.2037 -0.7134 -0.6705
vn 0.5860 0.8062 0.0814
vn -0.7523 0.1194 -0.6479
vn -0.9616 0.0222 -0.2734
vn 0.9053 0.4072 0.1207
vn -0.4622 -0.0539 -0.8851
vn 0.7271 0.1013 0.6790
vn -0.2163 -0.7005 -0.6801
vn -0.2785 -0.7164 -0.6397
vn 0.3571 0.9246 0.1328
vn -0.9813 -0.1859 0.0494
vn 0.8454 0.5320 0.0470
vn 0.9013 0.3834 0.2017
vn 0.8629 0.1910 0.4678
vn 0.6347 0.0695 0.7697
vn 0.2809 -0.1197 0.9522
vn -0.1004 0.4943 0.8634
vn -0.9928 0.1162 -0.0289
vn -0.9696 0.2095 -0.1264
vn -0.3092 -0.3421 -0.8873
vn -0.2006 -0.4876 -0.8497
vn -0.2101 -0.6250 -0.7518
vn 0.5948 0.0809 0.7998
vn -0.2409 -0.6446 -0.7256
vn 0.1546 0.9742 0.1645
vn -0.9979 0.0603 -0.0254
vn 0.7691 0.6196 -0.1569
vn -0.9843 -0.0412 -0.1715
vn 0.8717 0.4877 0.0483
vn 0.9304 0.2743 0.2431
vn -0.3818 -0.4115 -0.8276
vn 0.8141 0.1159 0.5690
vn -0.2634 -0.5728 -0.7762
vn 0.8709 0.4694 0.1453
vn 0.8907 0.3362 0.3058
vn 0.8069 0.1538 0.5703
vn 0.5293 0.0487 0.8470
vn -0.9734 -0.0855 0.2125
vn -0.9342 0.1847 -0.3051
vn -0.5829 0.1735 -0.7938
vn -0.3943 -0.2831 -0.8743
vn -0.3884 -0.2504 -0.8868
vn 0.8884 0.2656 0.3745
vn 0.8827 0.4408 0.1628
vn -0.2340 -0.3777 -0.8959
vn 0.7353 0.0883 0.6720
vn -0.1870 -0.5956 -0.7812
vn 0.3796 -0.1053 0.9192
vn -0.2005 -0.6423 -0.7397
vn -0.1002 0.4890 0.8665
vn 0.2531 0.9275 0.2752
vn -0.9316 0.3278 -0.1569
vn 0.8409 0.5371 0.0672
vn 0.8818 0.4028 0.2453
vn 0.8579 0.2933 0.4220
vn 0.7313 0.1382 0.6679
vn -0.2407 0.1769 0.9544
vn -0.7283 0.0357 0.6843
vn -0.9574 0.2626 0.1198
vn -0.9818 -0.0287 -0.1876
vn -0.4263 -0.0705 -0.9018
vn -0.3832 -0.1606 -0.9096
vn -0.9627 0.1261 0.2392
vn -0.3162 0.1504 0.9367
vn 0.2799 0.9094 0.3078
vn -0.9848 0.0796 -0.1543
vn 0.8703 0.4703 0.1466
vn -0.6278 0.2163 -0.7477
vn 0.8850 0.3852 0.2615
vn -0.4704 -0.1460 -0.8703
vn 0.8459 0.2270 0.4826
vn -0.3964 -0.3151 -0.8623
vn 0.6475 0.1071 0.7545
vn 0.1946 0.1215 0.9733
vn 0.7728 0.2891 0.5650
vn 0.5773 0.1779 0.7969
vn 0.1427 0.0326 0.9892
vn -0.3769 0.1777 0.9090
vn -0.7675 0.3595 0.5308
vn -0.9213 0.3793 0.0855
vn -0.2246 -0.0826 -0.9709
vn 0.0779 -0.9562 -0.2821
vn 0.0147 -0.9575 -0.2879
vn -0.2815 -0.1106 -0.9532
vn 0.5378 0.0833 0.8389
vn 0.7574 0.2275 0.6120
vn -0.0601 0.1278 0.9900
vn -0.0033 -0.9465 -0.3228
vn -0.5919 0.1230 0.7966
vn -0.8911 0.3025 0.3384
vn -0.9773 0.2113 -0.0133
vn 0.8565 0.3247 0.4013
vn 0.7183 0.4508 0.5299
vn 0.7544 0.3529 0.5535
vn 0.3910 -0.3637 0.8455
vn -0.1098 0.1194 0.9868
vn -0.5162 0.1801 0.8373
vn -0.8234 0.5018 -0.2651
vn -0.4742 0.2034 -0.8566
vn -0.0606 0.0109 -0.9981
vn 0.1653 -0.1756 -0.9705
vn 0.2419 -0.9057 -0.3481
vn 0.1085 -0.9448 -0.3092
vn -0.0800 -0.9584 -0.2740
vn -0.3624 -0.8894 -0.2785
vn 0.2804 0.7850 0.5524
vn -0.8778 0.4646 0.1167
vn -0.1011 0.1634 -0.9814
vn 0.7697 0.3360 0.5429
vn -0.0653 -0.0847 -0.9943
vn 0.6207 0.2782 0.7331
vn 0.3246 -0.1430 0.9350
vn 0.1499 -0.9252 -0.3486
vn -0.2021 0.1255 0.9713
vn 0.0547 -0.9644 -0.2589
vn -0.6425 0.2654 0.7189
vn 0.6531 0.6633 0.3653
vn 0.6362 0.5635 0.5269
vn 0.6264 0.5011 0.5971
vn -0.3836 0.2623 0.8855
vn -0.6313 0.3861 0.6726
vn -0.9149 0.3849 0.1219
vn -0.7779 0.3930 -0.4903
vn -0.3675 0.2109 -0.9058
vn 0.0735 -0.0988 -0.9924
vn 0.2342 -0.4740 -0.8488
vn 0.2510 -0.8269 -0.5032
vn 0.1086 -0.9465 -0.3039
vn -0.1201 -0.9493 -0.2904
vn 0.2335 -0.9157 -0.3271
vn -0.4111 0.2349 0.8808
vn -0.0079 -0.9588 -0.2840
vn -0.7247 0.3395 0.5996
vn -0.2566 -0.8907 -0.3753
vn -0.8793 0.4583 -0.1295
vn 0.3486 0.7256 0.5932
vn -0.6886 0.2544 -0.6791
vn 0.6299 0.5821 0.5141
vn -0.1750 0.1349 -0.9753
vn 0.6966 0.4635 0.5476
vn 0.1649 -0.1553 -0.9740
vn 0.6298 0.6926 0.3516
vn 0.5670 0.5849 0.5800
vn 0.5221 0.4842 0.7021
vn -0.3957 0.3821 0.8351
vn -0.7531 0.6540 -0.0715
vn -0.6754 0.3537 -0.6471
vn -0.2584 0.0842 -0.9624
vn 0.1434 -0.2655 -0.9534
vn 0.3077 -0.6218 -0.7202
vn 0.2708 -0.8551 -0.4420
vn 0.0875 -0.9593 -0.2685
vn -0.1224 -0.9645 -0.2341
vn -0.5430 0.2814 -0.7912
vn -0.8519 0.4409 -0.2826
vn 0.6293 0.6250 0.4619
vn 0.5653 0.7561 0.3299
vn -0.0910 -0.0120 -0.9958
vn 0.5903 0.5382 0.6015
vn 0.2208 -0.3937 -0.8923
vn 0.2554 -0.7315 -0.6322
vn -0.3849 0.3316 0.8613
vn 0.2012 -0.9076 -0.3684
vn -0.5083 0.3642 0.7804
vn -0.0140 -0.9646 -0.2633
vn -0.8747 0.4101 0.2584
vn -0.2453 -0.9266 -0.2852
vn 0.4689 0.7437 0.4765
vn 0.3274 0.4899 0.8080
vn 0.0520 0.3259 0.9440
vn -0.3680 0.4795 0.7966
vn -0.7375 0.1767 0.6518
vn -0.5181 0.1154 -0.8475
vn -0.1022 -0.0350 -0.9941
vn 0.2359 -0.3730 -0.8973
vn 0.4109 -0.6792 -0.6082
vn 0.2761 -0.9012 -0.3341
vn 0.0625 -0.9792 -0.1929
vn -0.1455 -0.9733 -0.1776
vn 0.1829 -0.9384 -0.2931
vn 0.3436 -0.7837 -0.5174
vn -0.5132 0.4200 0.7485
vn -0.2906 0.5144 0.8068
vn -0.0306 -0.9786 -0.2035
vn -0.7141 0.6859 0.1397
vn -0.2543 -0.9360 -0.2433
vn -0.7167 0.4216 -0.5555
vn 0.5256 0.7898 0.3162
vn -0.4312 0.1234 -0.8938
vn 0.0221 -0.1437 -0.9894
vn 0.5026 0.4730 0.7237
vn 0.3030 -0.4993 -0.8118
vn 0.3205 0.4622 0.8268
vn 0.5348 0.6587 0.5292
vn 0.4750 0.5449 0.6910
vn 0.2495 0.4933 0.8333
vn -0.0833 0.4631 0.8824
vn -0.4126 0.5181 0.7492
vn 0.1543 -0.0362 -0.9874
vn 0.3799 -0.3805 -0.8431
vn 0.2456 -0.9497 -0.1942
vn 0.0232 -0.9934 -0.1127
vn -0.1901 -0.9745 -0.1192
vn 0.5838 0.5817 0.5664
vn 0.4200 0.7745 0.4730
vn 0.1590 -0.2346 -0.9590
vn -0.1532 0.0195 -0.9880
vn 0.3834 0.5211 0.7625
vn 0.3670 -0.5695 -0.7355
vn 0.1441 0.4028 0.9039
vn 0.3345 -0.8708 -0.3602
vn -0.2166 0.4322 0.8753
vn 0.1494 -0.9677 -0.2030
vn -0.5244 0.4383 0.7300
vn -0.0636 -0.9883 -0.1383
vn -0.2784 -0.9389 -0.2024
vn 0.4626 0.6890 0.5579
vn 0.3800 0.5843 0.7170
vn 0.1518 0.5236 0.8384
vn -0.1892 0.5451 0.8167
vn -0.5202 0.6372 0.5687
vn -0.9173 0.3833 0.1078
vn -0.3620 0.7696 -0.5260
vn -0.0440 0.5446 -0.8376
vn 0.2071 -0.1735 -0.9628
vn 0.3447 -0.8998 -0.2676
vn 0.2061 -0.9743 -0.0906
vn -0.0081 -0.9982 -0.0590
vn -0.1825 -0.9781 -0.0997
vn -0.5666 0.6257 0.5362
vn -0.3041 0.5501 0.7777
vn -0.1037 -0.9905 -0.0902
vn 0.1150 -0.9887 -0.0960
vn -0.0987 0.9311 -0.3511
vn -0.3661 -0.9240 -0.1105
vn -0.0584 0.6497 -0.7580
vn 0.4540 0.7661 0.4549
vn 0.0779 0.1920 -0.9783
vn 0.4779 0.6186 0.6237
vn 0.3378 -0.2323 -0.9121
vn 0.3305 0.5301 0.7808
vn 0.6757 -0.3440 -0.6520
vn 0.0441 0.4952 0.8676
vn 0.3218 -0.9167 -0.2367
vn 0.4093 0.7071 0.5767
vn 0.2964 0.6187 0.7275
vn 0.0503 0.5720 0.8187
vn -0.2927 0.5803 0.7599
vn -0.5166 0.7881 0.3347
vn -0.7142 0.6819 -0.1579
vn -0.4421 0.6631 -0.6040
vn 0.5781 -0.2002 -0.7910
vn 0.3956 -0.6617 -0.6368
vn 0.4416 -0.8870 -0.1349
vn 0.1892 -0.9810 0.0420
vn -0.0218 -0.9987 0.0458
vn 0.4233 -0.3389 -0.8402
vn 0.2369 0.5658 0.7898
vn 0.4042 0.6461 0.6475
vn -0.0652 0.5448 0.8360
vn 0.3261 -0.9440 -0.0495
vn -0.4136 0.6178 0.6688
vn 0.0848 -0.9964 -0.0021
vn -0.7531 0.6156 0.2320
vn -0.0700 -0.9956 -0.0628
vn -0.7213 0.6236 -0.3015
vn -0.5002 0.5407 -0.6763
vn 0.4347 0.7718 0.4641
vn 0.3548 0.7288 0.5856
vn 0.2141 0.6591 0.7209
vn -0.0421 0.6358 0.7707
vn -0.3446 0.6939 0.6323
vn -0.6043 0.7394 0.2967
vn -0.5941 0.7376 -0.3209
vn -0.3704 0.5163 -0.7722
vn 0.2476 0.1038 -0.9633
vn 0.5231 -0.2848 -0.8033
vn 0.6973 -0.6478 -0.3069
vn 0.3751 -0.9269 0.0136
vn 0.1131 -0.9855 0.1264
vn -0.1117 -0.9782 0.1750
vn -0.2651 -0.9411 0.2101
vn -0.1129 -0.9851 0.1296
vn 0.0397 -0.9921 0.1189
vn -0.5080 0.7125 -0.4841
vn -0.6914 0.7150 -0.1036
vn -0.2793 0.4545 -0.8459
vn 0.4044 0.7819 0.4745
vn 0.3684 0.0475 -0.9285
vn 0.3344 0.6741 0.6586
vn 0.5319 -0.4863 -0.6933
vn 0.1433 0.6136 0.7765
vn 0.5938 -0.7663 -0.2453
vn -0.1564 0.6061 0.7798
vn 0.3036 -0.9524 0.0275
vn -0.3959 0.6574 0.6412
vn 0.3013 0.7542 0.5834
vn 0.1388 0.7029 0.6976
vn -0.1163 0.6905 0.7139
vn -0.3196 0.7335 0.5998
vn -0.6774 0.7320 -0.0727
vn -0.4928 0.7434 -0.4523
vn -0.0513 0.6536 -0.7551
vn 0.7444 -0.2256 -0.6285
vn 0.2799 -0.9318 0.2310
vn 0.0133 -0.9717 0.2360
vn -0.2438 -0.9431 0.2263
vn -0.4414 -0.8873 0.1338
vn -0.2398 0.6660 0.7064
vn 0.0579 0.6639 0.7455
vn 0.1889 -0.9726 0.1354
vn -0.5728 0.7413 0.3499
vn -0.0638 -0.9767 0.2050
vn -0.6891 0.7125 -0.1323
vn -0.2687 -0.9396 0.2119
vn -0.4575 0.6425 -0.6147
vn -0.2640 0.4109 -0.8726
vn 0.3718 0.7949 0.4794
vn 0.4172 -0.2808 -0.8644
vn 0.2662 0.7066 0.6556
vn 0.2510 0.7822 0.5703
vn 0.0700 0.7530 0.6543
vn -0.1761 0.7533 0.6337
vn -0.5956 0.8001 -0.0715
vn -0.7538 0.5701 -0.3266
vn 0.1295 0.2472 -0.9603
vn 0.4475 -0.1503 -0.8816
vn 0.6357 -0.5472 -0.5444
vn 0.5470 -0.8300 -0.1093
vn 0.2745 -0.9324 0.2350
vn -0.0758 -0.9445 0.3196
vn -0.3239 -0.9286 0.1811
vn -0.3849 -0.9226 -0.0279
vn -0.3306 -0.9319 -0.1492
vn -0.3959 -0.9094 0.1276
vn 0.1143 0.2359 -0.9650
vn 0.0420 0.8042 -0.5929
vn 0.3398 0.8101 0.4777
vn 0.6177 -0.2404 -0.7488
vn 0.2019 0.7431 0.6379
vn 0.5409 -0.6907 -0.4800
vn -0.0150 0.7206 0.6932
vn 0.4165 -0.9052 0.0839
vn -0.2681 0.7541 0.5995
vn 0.1257 -0.9556 0.2665
vn -0.7049 0.7050 0.0780
vn -0.1731 -0.9504 0.2585
vn -0.6461 0.7184 -0.2578
vn 0.2106 0.8073 0.5513
vn 0.0075 0.8031 0.5959
vn -0.2296 0.8330 0.5033
vn -0.5196 0.8093 0.2739
vn -0.3705 0.9096 -0.1879
vn -0.2639 0.8106 -0.5227
vn 0.4962 0.2736 -0.8240
vn 0.8088 -0.0580 -0.5853
vn 0.7160 -0.5949 -0.3653
vn 0.5602 -0.8223 0.0997
vn 0.1572 -0.9566 0.2454
vn -0.4147 -0.8993 0.1387
vn -0.4646 -0.8853 -0.0211
vn -0.3143 0.8063 0.5010
vn -0.0782 0.7908 0.6070
vn 0.0668 -0.9545 0.2908
vn 0.4460 -0.8787 0.1699
vn -0.5042 0.8604 0.0747
vn -0.2909 -0.9287 0.2299
vn -0.4016 0.8917 -0.2089
vn -0.4033 -0.9128 0.0641
vn -0.4135 -0.9010 -0.1314
vn 0.4524 0.0634 -0.8896
vn 0.3117 0.8257 0.4701
vn 0.7704 -0.2575 -0.5832
vn 0.1429 0.7817 0.6071
vn 0.6659 -0.7091 -0.2319
vn 0.1760 0.8423 0.5094
vn 0.0315 0.8386 0.5439
vn -0.3186 0.8820 0.3473
vn -0.4023 0.9053 0.1363
vn -0.5542 0.2322 -0.7993
vn 0.7824 -0.6160 -0.0916
vn 0.4315 -0.8691 0.2420
vn 0.0693 -0.8281 0.5563
vn -0.2733 -0.9112 0.3082
vn -0.5375 -0.8260 0.1699
vn -0.5565 -0.8305 -0.0241
vn 0.5212 0.3311 -0.7866
vn 0.2901 0.8411 0.4565
vn -0.4726 -0.8708 -0.1351
vn 0.7452 -0.5400 -0.3913
vn 0.1029 0.8078 0.5804
vn 0.7087 -0.6921 -0.1371
vn -0.1287 0.8490 0.5125
vn -0.3942 0.8449 0.3615
vn -0.0001 -0.8677 0.4971
vn -0.5171 0.8421 0.1529
vn -0.4830 -0.8493 0.2128
vn -0.2739 0.7948 -0.5415
vn -0.5194 -0.8522 0.0626
vn 0.1313 0.8780 0.4602
vn -0.4253 -0.8447 0.3251
vn -0.5637 -0.7991 0.2091
vn -0.5534 -0.8247 -0.1169
vn -0.2395 -0.9094 0.3402
vn -0.3169 0.9294 0.1890
vn -0.4430 -0.8622 0.2455
vn -0.2304 0.7695 -0.5956
vn -0.5933 -0.8031 0.0550
vn -0.4752 -0.8691 -0.1369
vn 0.2556 0.8691 0.4235
vn 0.0533 0.8694 0.4912
vn 0.5466 -0.8374 0.0012
vn 0.3258 0.8720 0.3654
vn -0.0902 0.8790 0.4682
vn -0.2687 0.9215 0.2806
vn -0.3566 0.9337 -0.0336
vn -0.3618 0.8737 -0.3251
vn 0.7415 -0.6684 -0.0580
vn 0.4639 -0.8858 -0.0106
vn -0.4490 -0.8577 -0.2506
vn 0.3175 0.8795 0.3544
vn -0.4726 -0.8400 -0.2666
vn -0.3106 0.9478 0.0717
vn -0.4365 -0.8003 0.4111
vn -0.6024 -0.7522 0.2670
vn 0.0427 0.8599 -0.5087
vn -0.5758 -0.8169 0.0324
vn -0.5458 -0.8139 -0.1991
vn 0.2371 0.8838 0.4033
vn 0.0200 0.8952 0.4453
vn 0.7199 -0.6694 0.1836
vn 0.3133 0.8862 0.3414
vn -0.4865 -0.8225 -0.2946
vn 0.3125 0.8923 0.3259
vn -0.4515 -0.8446 -0.2878
vn 0.3153 0.8981 0.3067
vn -0.3811 -0.8665 -0.3224
vn 0.3197 0.9029 0.2874
vn -0.4208 -0.8359 -0.3523
vn -0.4696 -0.8175 -0.3335
vn 0.3344 0.9052 0.2624
vn -0.4691 -0.8131 -0.3447
vn 0.3502 0.9028 0.2495
vn -0.4781 -0.8125 -0.3335
vn 0.3664 0.8997 0.2372
vn -0.4400 -0.8355 -0.3291
vn 0.3793 0.8962 0.2300
vn -0.3616 -0.8580 -0.3648
vn 0.3910 0.8921 0.2265
vn -0.3650 -0.8485 -0.3832
vn 0.3954 0.8911 0.2229
vn -0.3889 -0.8328 -0.3940
vn 0.3764 0.9020 0.2112
vn 0.3215 0.9288 0.1842
vn 0.1609 0.9743 0.1574
vn 0.2065 0.9515 0.2280
vn 0.2642 0.9182 0.2950
vn 0.2824 0.8964 0.3417
vn 0.2891 0.8251 0.4855
vn -0.2099 -0.5368 0.8172
vn 0.2784 0.7691 0.5753
vn 0.3715 0.7844 0.4966
vn -0.3172 -0.8880 -0.3329
vn 0.4489 0.8218 0.3510
vn -0.3289 -0.8999 -0.2864
vn 0.4067 0.8372 0.3655
vn -0.3394 -0.9030 -0.2633
vn 0.4051 0.8241 0.3959
vn -0.3653 -0.9046 -0.2198
vn 0.4156 0.8220 0.3895
vn -0.3478 -0.8859 -0.3071
vn 0.4109 0.8245 0.3891
vn 0.0224 -0.7313 -0.6817
vn 0.3977 0.8293 0.3926
vn -0.5110 -0.7862 -0.3474
vn 0.3823 0.8357 0.3943
vn -0.6032 -0.7499 -0.2715
vn 0.3677 0.8427 0.3932
vn -0.3728 -0.9039 -0.2098
vn 0.3549 0.8505 0.3883
vn -0.4226 -0.8798 -0.2177
vn 0.3403 0.8613 0.3773
vn -0.4338 -0.8722 -0.2259
vn 0.2311 -0.8147 0.5318
vn -0.4028 0.9099 -0.0994
vn 0.7457 -0.1590 -0.6471
vn 0.7989 -0.5289 -0.2862
vn -0.1762 0.8714 0.4579
vn -0.2665 0.9132 0.3082
vn 0.4481 -0.8820 0.1463
vn -0.0303 0.8707 0.4908
vn 0.7575 -0.6490 -0.0713
vn 0.1510 0.8663 0.4762
vn 0.6935 -0.4027 -0.5974
vn 0.7531 -0.1263 -0.6457
vn -0.5506 -0.8325 -0.0610
vn -0.5204 -0.8358 0.1751
vn -0.5038 0.8139 -0.2894
vn -0.3424 -0.8861 0.3124
vn -0.3691 0.9286 0.0392
vn -0.0407 -0.8014 0.5968
vn -0.5135 -0.8577 -0.0259
vn -0.4574 0.4653 -0.7578
vn -0.5016 -0.8510 0.1554
vn -0.4855 0.8436 0.2294
vn 0.0833 -0.9134 0.3983
vn -0.2910 0.8450 0.4487
vn 0.0053 0.8138 0.5812
vn 0.7280 -0.6377 -0.2516
vn 0.1982 0.8199 0.5372
vn 0.5849 -0.8109 -0.0176
vn 0.0373 0.7800 0.6247
vn 0.7067 -0.5504 -0.4446
vn 0.2312 0.7959 0.5595
vn 0.6345 -0.0691 -0.7698
vn 0.3335 0.1463 -0.9313
vn -0.4246 -0.9051 -0.0218
vn -0.3495 -0.9246 0.1519
vn -0.4810 0.8722 -0.0889
vn -0.1559 -0.9217 0.3551
vn -0.5213 0.7691 0.3697
vn 0.2571 -0.9284 0.2684
vn -0.2041 0.8049 0.5572
vn -0.4013 0.7941 -0.4565
vn -0.2970 -0.9314 0.2103
vn -0.6577 0.7531 -0.0197
vn -0.0310 -0.9603 0.2771
vn -0.3053 0.7831 0.5419
vn 0.3054 -0.9193 0.2480
vn -0.1481 0.7256 0.6720
vn 0.5212 -0.8237 -0.2232
vn 0.1038 0.7269 0.6789
vn 0.6877 -0.3804 -0.6184
vn 0.2778 0.7685 0.5764
vn 0.1067 -0.2228 -0.9690
vn 0.0365 0.4451 -0.8948
vn -0.3865 -0.9222 0.0141
vn 0.1758 0.6801 0.7117
vn 0.5296 -0.2710 -0.8038
vn 0.3296 0.7419 0.5839
vn -0.3326 0.4988 -0.8003
vn -0.3581 -0.9118 0.2009
vn -0.5966 0.7022 -0.3887
vn -0.1753 -0.9619 0.2097
vn -0.6966 0.7146 0.0642
vn 0.0611 -0.9817 0.1806
vn -0.3832 0.7027 0.5995
vn 0.2786 -0.9577 0.0725
vn -0.0830 0.6596 0.7470
vn 0.1600 -0.9832 0.0875
vn -0.3218 0.6141 0.7206
vn 0.5100 -0.8594 -0.0367
vn 0.0030 0.6030 0.7977
vn 0.5664 -0.6556 -0.4994
vn 0.2549 0.6383 0.7264
vn 0.5804 -0.2123 -0.7862
vn 0.3835 0.7185 0.5802
vn -0.1146 0.1243 -0.9856
vn -0.3554 0.6304 -0.6901
vn -0.6124 0.7468 -0.2595
vn -0.0557 -0.9911 0.1211
vn 0.4368 0.6992 0.5659
vn -0.5580 0.6410 -0.5270
vn -0.1195 -0.9851 -0.1237
vn -0.8136 0.5764 -0.0763
vn -0.0127 -0.9997 -0.0215
vn -0.5466 0.6841 0.4830
vn 0.2014 -0.9794 -0.0135
vn -0.2449 0.5662 0.7871
vn 0.3870 -0.9184 -0.0823
vn 0.1002 0.5460 0.8317
vn 0.3385 0.6006 0.7243
vn 0.3744 -0.1837 -0.9089
vn 0.2262 -0.9629 -0.1474
vn -0.1336 0.5100 0.8497
vn 0.3416 -0.8925 -0.2945
vn 0.2030 0.5049 0.8390
vn 0.6502 -0.3359 -0.6814
vn 0.4230 0.5677 0.7062
vn 0.2294 -0.0021 -0.9733
vn 0.4909 0.6811 0.5432
vn -0.0521 0.3710 -0.9272
vn -0.2562 0.7354 -0.6273
vn -0.2284 -0.9692 -0.0922
vn 0.0042 -0.9967 -0.0812
vn -0.4533 0.5887 0.6693
vn -0.3840 0.0694 -0.9207
vn -0.1671 -0.9746 -0.1493
vn -0.6413 0.3457 0.6850
vn 0.0434 -0.9871 -0.1539
vn -0.3916 0.4661 0.7934
vn 0.2526 -0.9252 -0.2832
vn -0.0424 0.3916 0.9191
vn 0.4784 -0.7291 -0.4895
vn 0.2852 0.4919 0.8226
vn 0.2727 -0.4107 -0.8700
vn 0.5203 0.5291 0.6703
vn 0.0090 -0.0625 -0.9980
vn 0.5153 0.6984 0.4967
vn 0.3545 -0.6550 -0.6673
vn 0.4219 0.4632 0.7794
vn 0.1914 -0.3230 -0.9269
vn -0.1925 0.0145 -0.9812
vn 0.5922 0.7301 0.3410
vn -0.6621 0.1774 -0.7281
vn -0.5570 0.8099 -0.1840
vn -0.1350 -0.9694 -0.2050
vn -0.8712 -0.2139 0.4420
vn 0.0771 -0.9698 -0.2315
vn -0.3831 0.4781 0.7903
vn 0.2766 -0.8785 -0.3896
vn -0.9169 0.3982 0.0276
vn -0.1210 -0.9577 -0.2611
vn -0.6519 0.5316 0.5407
vn 0.0966 -0.9503 -0.2960
vn -0.4222 0.3098 0.8519
vn 0.2586 -0.8298 -0.4945
vn 0.2257 -0.5935 -0.7725
vn 0.5751 0.5308 0.6225
vn 0.1001 -0.1958 -0.9755
vn 0.6041 0.5794 0.5472
vn -0.3162 0.1512 -0.9366
vn 0.6343 0.6740 0.3787
vn -0.7313 0.3799 -0.5665
vn 0.2507 -0.3190 -0.9140
vn 0.7026 0.4311 0.5661
vn 0.0153 -0.0200 -0.9997
vn 0.6644 0.5252 0.5317
vn -0.4539 0.2341 -0.8597
vn -0.8499 0.3218 -0.4172
vn -0.9388 0.1793 0.2941
vn -0.1327 -0.9410 -0.3114
vn -0.5812 0.3125 0.7513
vn 0.1118 -0.9469 -0.3013
vn -0.2466 0.1900 0.9503
vn 0.3283 -0.8819 -0.3382
vn -0.7368 0.5557 0.3852
vn 0.0050 -0.9765 -0.2153
vn -0.4454 0.1693 0.8792
vn 0.0995 -0.9488 -0.2997
vn 0.0542 0.1137 0.9920
vn 0.1896 -0.9131 -0.3609
vn 0.4866 0.0791 0.8700
vn 0.0449 -0.1171 -0.9921
vn 0.7432 0.3120 0.5918
vn -0.1418 -0.0192 -0.9897
vn 0.7510 0.3903 0.5326
vn -0.0641 0.4169 -0.9067
vn -0.9059 0.4180 -0.0685
vn 0.8220 0.2852 0.4929
vn -0.3044 -0.0788 -0.9493
vn 0.8774 0.3673 0.3085
vn -0.9820 0.1340 -0.1330
vn -0.9499 0.2910 0.1142
vn -0.7867 0.2117 0.5799
vn -0.0293 -0.9439 -0.3288
vn -0.3113 0.1833 0.9325
vn 0.2993 -0.1067 0.9482
vn 0.6477 0.1690 0.7429
vn -0.0895 -0.0965 0.9913
vn 0.3728 0.2406 0.8962
vn 0.7727 0.1416 0.6188
vn -0.4177 -0.2322 -0.8784
vn 0.8789 0.3125 0.3603
vn -0.5566 -0.1491 -0.8173
vn 0.8785 0.4382 0.1902
vn -0.8973 0.1402 -0.4185
vn -0.9788 0.1864 0.0845
vn 0.8594 0.5010 0.1020
vn -0.9079 0.3678 -0.2010
vn -0.3341 0.2779 0.9006
vn 0.0907 0.4666 0.8798
vn -0.2187 -0.6232 -0.7509
vn 0.5833 0.0209 0.8120
vn -0.1475 -0.4971 -0.8551
vn 0.8375 0.1701 0.5193
vn -0.3329 -0.3474 -0.8766
vn 0.8975 0.3605 0.2540
vn -0.2464 -0.6220 -0.7432
vn 0.7025 0.1007 0.7045
vn -0.3108 -0.5027 -0.8067
vn 0.8993 0.1762 0.4002
vn -0.4418 -0.2908 -0.8487
vn 0.9020 0.4055 0.1481
vn -0.9480 -0.1523 -0.2794
vn 0.8267 0.5607 -0.0470
vn -0.9917 0.0724 -0.1058
vn -0.9986 -0.0531 0.0042
vn -0.9865 -0.1630 0.0125
vn 0.5631 0.8195 0.1066
vn -0.2473 -0.7150 -0.6539
vn -0.2051 -0.6786 -0.7053
vn 0.7640 0.1100 0.6357
vn -0.5298 0.2370 -0.8143
vn 0.9048 0.4206 0.0662
vn -0.8684 0.1088 -0.4838
vn 0.9529 0.1581 0.2588
vn 0.9607 0.2775 -0.0023
vn -0.8417 -0.0081 -0.5399
vn 0.8499 0.5113 -0.1275
vn -0.9610 -0.0185 -0.2760
vn 0.6640 0.7456 -0.0570
vn -0.9818 -0.0589 0.1804
vn 0.4838 0.8751 0.0121
vn -0.6510 -0.1644 0.7411
vn -0.2612 -0.6191 0.7406
vn -0.3430 -0.7065 -0.6191
vn -0.3706 -0.6789 -0.6338
vn 0.4734 0.8808 0.0141
vn -0.5312 -0.1905 0.8255
vn -0.4556 -0.7345 -0.5029
vn 0.8111 0.0268 0.5843
vn -0.4944 -0.5532 -0.6704
vn 0.9848 -0.1698 0.0371
vn -0.6192 -0.5076 -0.5990
vn 0.9422 0.3268 -0.0737
vn -0.9062 -0.1596 -0.3915
vn 0.7782 0.5901 -0.2152
vn -0.9521 -0.0433 -0.3026
vn 0.6007 0.7901 -0.1222
vn -0.8143 -0.0004 0.5805
vn -0.6982 -0.3678 -0.6142
vn 0.9515 0.2461 -0.1844
vn -0.8951 -0.2014 -0.3979
vn 0.6384 0.7300 -0.2440
vn -0.9967 -0.0485 -0.0649
vn 0.5167 0.8414 -0.1582
vn -0.8264 -0.1513 0.5424
vn 0.4265 0.9044 0.0105
vn -0.2684 -0.4179 0.8679
vn 0.2069 -0.3107 0.9277
vn -0.4084 -0.7075 -0.5768
vn 0.8090 -0.2450 0.5344
vn -0.5000 -0.5576 -0.6626
vn 0.9779 0.0669 0.1981
vn -0.0442 -0.8168 0.5752
vn 0.5089 -0.3363 0.7924
vn -0.3898 -0.7240 -0.5690
vn 0.8824 -0.1738 0.4373
vn -0.3706 -0.5771 -0.7277
vn 0.9782 0.1808 0.1026
vn 0.8232 0.4529 -0.3424
vn -0.9761 -0.0904 -0.1977
vn 0.6181 0.7371 -0.2732
vn -0.9853 -0.0513 0.1629
vn 0.4453 0.8795 -0.1680
vn -0.8803 0.0029 0.4744
vn 0.3751 0.9269 0.0136
vn 0.4663 0.7774 -0.4223
vn -0.9679 -0.2504 0.0212
vn 0.4667 0.8199 -0.3316
vn -0.9599 -0.1876 0.2084
vn 0.3705 0.9155 -0.1567
vn -0.9066 0.0333 0.4207
vn 0.3326 0.9426 0.0302
vn 0.7036 -0.3698 0.6068
vn -0.4247 -0.7654 -0.4835
vn 0.9358 -0.2001 0.2902
vn 0.9849 0.0140 0.1727
vn 0.7618 -0.4904 0.4234
vn -0.5570 -0.6915 -0.4599
vn 0.9735 -0.2216 0.0564
vn -0.7064 -0.5016 -0.4994
vn 0.9290 -0.0419 -0.3678
vn -0.8561 -0.4623 -0.2309
vn 0.7166 0.6193 -0.3209
vn -0.9447 -0.3279 0.0013
vn -0.8743 -0.3982 0.2776
vn 0.2981 0.9497 -0.0958
vn 0.2879 0.9556 0.0632
vn 0.4825 -0.7137 0.5077
vn 0.1243 0.9903 -0.0622
vn -0.1331 -0.4994 0.8561
vn 0.2114 0.9716 0.1068
vn 0.3729 -0.5704 0.7319
vn 0.8285 -0.4543 0.3275
vn -0.5997 -0.6654 -0.4446
vn 0.9844 -0.1155 -0.1327
vn -0.7487 -0.5288 -0.3997
vn 0.8481 0.3005 -0.4365
vn -0.8814 -0.4294 -0.1968
vn 0.5819 0.5544 -0.5951
vn -0.9243 -0.3645 0.1131
vn -0.6187 -0.6718 -0.4072
vn 0.9766 0.0578 -0.2070
vn -0.7744 -0.5485 -0.3155
vn 0.5811 0.3156 -0.7502
vn -0.8621 -0.5001 -0.0815
vn 0.4681 0.7901 -0.3959
vn -0.8614 -0.4265 0.2760
vn 0.2171 0.9358 -0.2776
vn -0.5836 -0.4534 0.6736
vn 0.0965 0.9934 -0.0618
vn -0.0658 -0.6192 0.7825
vn 0.1721 0.9758 0.1352
vn 0.4982 -0.5426 0.6763
vn 0.8742 -0.4842 0.0361
vn -0.4555 -0.5336 0.7126
vn 0.0644 0.9979 -0.0061
vn 0.0626 -0.6842 0.7266
vn 0.1549 0.9732 0.1701
vn 0.5994 -0.6153 0.5120
vn 0.9456 -0.2620 0.1929
vn -0.6178 -0.7035 -0.3513
vn 0.9041 0.0211 -0.4268
vn -0.7130 -0.5359 -0.4521
vn 0.2017 0.8753 -0.4395
vn -0.7698 -0.4628 0.4396
vn 0.0390 0.9608 -0.2745
vn 0.7644 0.2225 -0.6052
vn -0.8500 -0.5004 -0.1645
vn 0.5505 0.5100 -0.6610
vn -0.8677 -0.4726 0.1540
vn -0.6565 -0.6092 0.4449
vn -0.3739 -0.6035 0.7043
vn 0.0494 0.9943 0.0948
vn 0.1404 0.9642 0.2250
vn 0.6272 -0.5444 0.5570
vn -0.7177 -0.6339 -0.2883
vn -0.0243 0.9748 0.2217
vn 0.5623 -0.7076 0.4278
vn 0.1145 0.9472 0.2996
vn 0.6629 -0.6540 0.3645
vn 0.6881 0.2133 -0.6935
vn -0.6839 -0.7180 -0.1296
vn 0.5910 0.3103 -0.7446
vn -0.7577 -0.6517 -0.0325
vn 0.3292 0.5897 -0.7375
vn -0.7823 -0.5988 0.1717
vn -0.8110 -0.4333 0.3930
vn -0.1278 0.9702 0.2059
vn -0.7285 -0.6748 -0.1182
vn 0.0437 0.6372 -0.7694
vn -0.2959 0.9363 0.1891
vn -0.0899 0.9501 0.2986
vn 0.6479 -0.7175 0.2560
vn 0.1026 0.9295 0.3542
vn 0.8163 -0.5538 0.1644
vn 0.6358 0.1472 -0.7577
vn -0.6383 -0.7316 -0.2392
vn 0.6419 -0.7668 0.0042
vn 0.1060 0.9106 0.3994
vn 0.8504 -0.4983 -0.1688
vn 0.7405 0.1324 -0.6589
vn -0.5878 -0.7999 -0.1212
vn 0.2473 0.3470 -0.9047
vn -0.5972 -0.8020 0.0116
vn -0.0429 0.7859 -0.6168
vn -0.4007 -0.8558 0.3273
vn -0.1930 0.9563 -0.2196
vn -0.3274 -0.8657 0.3787
vn -0.2710 0.9533 0.1331
vn -0.0959 0.9340 0.3442
vn -0.0882 0.9048 0.4166
vn 0.7557 -0.6546 0.0220
vn 0.1219 0.8882 0.4429
vn 0.8846 -0.3261 -0.3333
vn 0.8459 0.1305 -0.5172
vn -0.5743 -0.8143 -0.0845
vn -0.6495 -0.7388 0.1799
vn -0.1657 0.8986 -0.4062
vn -0.5138 -0.7863 0.3431
vn -0.3097 0.9451 -0.1042
vn -0.4116 -0.7569 0.5076
vn -0.2679 0.9366 0.2257
vt 0.734375 0.781250
vt 0.734375 0.812500
vt 0.718750 0.812500
vt 0.718750 0.781250
vt 0.734375 0.718750
vt 0.734375 0.750000
vt 0.718750 0.750000
vt 0.718750 0.718750
vt 0.734375 0.218750
vt 0.734375 0.250000
vt 0.718750 0.250000
vt 0.718750 0.218750
vt 0.734375 0.656250
vt 0.734375 0.687500
vt 0.718750 0.687500
vt 0.718750 0.656250
vt 0.734375 0.156250
vt 0.734375 0.187500
vt 0.718750 0.187500
vt 0.718750 0.156250
vt 0.734375 0.093750
vt 0.734375 0.125000
vt 0.718750 0.125000
vt 0.718750 0.093750
vt 0.734375 0.531250
vt 0.734375 0.562500
vt 0.718750 0.562500
vt 0.718750 0.531250
vt 0.750000 0.937500
vt 0.742188 0.968750
vt 0.734375 0.937500
vt 0.734375 0.000000
vt 0.742188 0.031250
vt 0.726562 0.031250
vt 0.734375 0.468750
vt 0.734375 0.500000
vt 0.718750 0.500000
vt 0.718750 0.468750
vt 0.734375 0.906250
vt 0.718750 0.937500
vt 0.718750 0.906250
vt 0.734375 0.406250
vt 0.734375 0.437500
vt 0.718750 0.437500
vt 0.718750 0.406250
vt 0.734375 0.843750
vt 0.734375 0.875000
vt 0.718750 0.875000
vt 0.718750 0.843750
vt 0.703125 0.843750
vt 0.703125 0.875000
vt 0.687500 0.875000
vt 0.687500 0.843750
vt 0.703125 0.781250
vt 0.703125 0.812500
vt 0.687500 0.812500
vt 0.687500 0.781250
vt 0.703125 0.718750
vt 0.703125 0.750000
vt 0.687500 0.750000
vt 0.687500 0.718750
vt 0.703125 0.656250
vt 0.703125 0.687500
vt 0.687500 0.687500
vt 0.687500 0.656250
vt 0.703125 0.593750
vt 0.703125 0.625000
vt 0.687500 0.625000
vt 0.687500 0.593750
vt 0.703125 0.093750
vt 0.703125 0.125000
vt 0.687500 0.125000
vt 0.687500 0.093750
vt 0.703125 0.531250
vt 0.703125 0.562500
vt 0.687500 0.562500
vt 0.687500 0.531250
vt 0.710938 0.968750
vt 0.703125 0.937500
vt 0.703125 0.000000
vt 0.710938 0.031250
vt 0.695312 0.031250
vt 0.703125 0.906250
vt 0.687500 0.937500
vt 0.687500 0.906250
vt 0.703125 0.406250
vt 0.703125 0.437500
vt 0.687500 0.437500
vt 0.687500 0.406250
vt 0.671875 0.093750
vt 0.671875 0.125000
vt 0.656250 0.125000
vt 0.656250 0.093750
vt 0.671875 0.531250
vt 0.671875 0.562500
vt 0.656250 0.562500
vt 0.656250 0.531250
vt 0.679688 0.968750
vt 0.671875 0.937500
vt 0.671875 0.000000
vt 0.679688 0.031250
vt 0.664062 0.031250
vt 0.671875 0.906250
vt 0.656250 0.937500
vt 0.656250 0.906250
vt 0.671875 0.406250
vt 0.671875 0.437500
vt 0.656250 0.437500
vt 0.656250 0.406250
vt 0.671875 0.843750
vt 0.671875 0.875000
vt 0.656250 0.875000
vt 0.656250 0.843750
vt 0.671875 0.781250
vt 0.671875 0.812500
vt 0.656250 0.812500
vt 0.656250 0.781250
vt 0.671875 0.656250
vt 0.671875 0.687500
vt 0.656250 0.687500
vt 0.656250 0.656250
vt 0.640625 0.343750
vt 0.640625 0.375000
vt 0.625000 0.375000
vt 0.625000 0.343750
vt 0.640625 0.218750
vt 0.640625 0.250000
vt 0.625000 0.250000
vt 0.625000 0.218750
vt 0.640625 0.656250
vt 0.640625 0.687500
vt 0.625000 0.687500
vt 0.625000 0.656250
vt 0.640625 0.156250
vt 0.640625 0.187500
vt 0.625000 0.187500
vt 0.625000 0.156250
vt 0.640625 0.593750
vt 0.640625 0.625000
vt 0.625000 0.625000
vt 0.625000 0.593750
vt 0.640625 0.093750
vt 0.640625 0.125000
vt 0.625000 0.125000
vt 0.625000 0.093750
vt 0.648438 0.968750
vt 0.640625 0.937500
vt 0.640625 0.000000
vt 0.648438 0.031250
vt 0.632812 0.031250
vt 0.640625 0.906250
vt 0.625000 0.937500
vt 0.625000 0.906250
vt 0.640625 0.843750
vt 0.640625 0.875000
vt 0.625000 0.875000
vt 0.625000 0.843750
vt 0.609375 0.093750
vt 0.609375 0.125000
vt 0.593750 0.125000
vt 0.593750 0.093750
vt 0.617188 0.968750
vt 0.609375 0.937500
vt 0.609375 0.000000
vt 0.617188 0.031250
vt 0.601562 0.031250
vt 0.609375 0.906250
vt 0.593750 0.937500
vt 0.593750 0.906250
vt 0.609375 0.843750
vt 0.609375 0.875000
vt 0.593750 0.875000
vt 0.593750 0.843750
vt 0.609375 0.343750
vt 0.609375 0.375000
vt 0.593750 0.375000
vt 0.593750 0.343750
vt 0.609375 0.281250
vt 0.609375 0.312500
vt 0.593750 0.312500
vt 0.593750 0.281250
vt 0.609375 0.593750
vt 0.609375 0.625000
vt 0.593750 0.625000
vt 0.593750 0.593750
vt 0.578125 0.781250
vt 0.578125 0.812500
vt 0.562500 0.812500
vt 0.562500 0.781250
vt 0.578125 0.281250
vt 0.578125 0.312500
vt 0.562500 0.312500
vt 0.562500 0.281250
vt 0.578125 0.718750
vt 0.578125 0.750000
vt 0.562500 0.750000
vt 0.562500 0.718750
vt 0.578125 0.593750
vt 0.578125 0.625000
vt 0.562500 0.625000
vt 0.562500 0.593750
vt 0.578125 0.093750
vt 0.578125 0.125000
vt 0.562500 0.125000
vt 0.562500 0.093750
vt 0.585938 0.968750
vt 0.578125 0.937500
vt 0.578125 0.000000
vt 0.585938 0.031250
vt 0.570312 0.031250
vt 0.578125 0.468750
vt 0.578125 0.500000
vt 0.562500 0.500000
vt 0.562500 0.468750
vt 0.578125 0.906250
vt 0.562500 0.937500
vt 0.562500 0.906250
vt 0.578125 0.406250
vt 0.578125 0.437500
vt 0.562500 0.437500
vt 0.562500 0.406250
vt 0.578125 0.843750
vt 0.578125 0.875000
vt 0.562500 0.875000
vt 0.562500 0.843750
vt 0.578125 0.343750
vt 0.578125 0.375000
vt 0.562500 0.375000
vt 0.562500 0.343750
vt 0.546875 0.531250
vt 0.546875 0.562500
vt 0.531250 0.562500
vt 0.531250 0.531250
vt 0.554688 0.968750
vt 0.546875 0.937500
vt 0.546875 0.000000
vt 0.554688 0.031250
vt 0.539062 0.031250
vt 0.546875 0.468750
vt 0.546875 0.500000
vt 0.531250 0.500000
vt 0.531250 0.468750
vt 0.546875 0.906250
vt 0.531250 0.937500
vt 0.531250 0.906250
vt 0.546875 0.406250
vt 0.546875 0.437500
vt 0.531250 0.437500
vt 0.531250 0.406250
vt 0.546875 0.843750
vt 0.546875 0.875000
vt 0.531250 0.875000
vt 0.531250 0.843750
vt 0.546875 0.343750
vt 0.546875 0.375000
vt 0.531250 0.375000
vt 0.531250 0.343750
vt 0.546875 0.781250
vt 0.546875 0.812500
vt 0.531250 0.812500
vt 0.531250 0.781250
vt 0.546875 0.281250
vt 0.546875 0.312500
vt 0.531250 0.312500
vt 0.531250 0.281250
vt 0.546875 0.718750
vt 0.546875 0.750000
vt 0.531250 0.750000
vt 0.531250 0.718750
vt 0.546875 0.218750
vt 0.546875 0.250000
vt 0.531250 0.250000
vt 0.531250 0.218750
vt 0.546875 0.656250
vt 0.546875 0.687500
vt 0.531250 0.687500
vt 0.531250 0.656250
vt 0.546875 0.156250
vt 0.546875 0.187500
vt 0.531250 0.187500
vt 0.531250 0.156250
vt 0.546875 0.593750
vt 0.546875 0.625000
vt 0.531250 0.625000
vt 0.531250 0.593750
vt 0.546875 0.093750
vt 0.546875 0.125000
vt 0.531250 0.125000
vt 0.531250 0.093750
vt 0.515625 0.281250
vt 0.515625 0.312500
vt 0.500000 0.312500
vt 0.500000 0.281250
vt 0.515625 0.218750
vt 0.515625 0.250000
vt 0.500000 0.250000
vt 0.500000 0.218750
vt 0.515625 0.656250
vt 0.515625 0.687500
vt 0.500000 0.687500
vt 0.500000 0.656250
vt 0.515625 0.156250
vt 0.515625 0.187500
vt 0.500000 0.187500
vt 0.500000 0.156250
vt 0.515625 0.593750
vt 0.515625 0.625000
vt 0.500000 0.625000
vt 0.500000 0.593750
vt 0.515625 0.093750
vt 0.515625 0.125000
vt 0.500000 0.125000
vt 0.500000 0.093750
vt 0.515625 0.531250
vt 0.515625 0.562500
vt 0.500000 0.562500
vt 0.500000 0.531250
vt 0.523438 0.968750
vt 0.515625 0.937500
vt 0.515625 0.000000
vt 0.523438 0.031250
vt 0.507812 0.031250
vt 0.515625 0.468750
vt 0.515625 0.500000
vt 0.500000 0.500000
vt 0.500000 0.468750
vt 0.515625 0.906250
vt 0.500000 0.937500
vt 0.500000 0.906250
vt 0.515625 0.406250
vt 0.515625 0.437500
vt 0.500000 0.437500
vt 0.500000 0.406250
vt 0.515625 0.843750
vt 0.515625 0.875000
vt 0.500000 0.875000
vt 0.500000 0.843750
vt 0.484375 0.000000
vt 0.492188 0.031250
vt 0.476562 0.031250
vt 0.484375 0.468750
vt 0.484375 0.500000
vt 0.468750 0.500000
vt 0.468750 0.468750
vt 0.484375 0.906250
vt 0.484375 0.937500
vt 0.468750 0.937500
vt 0.468750 0.906250
vt 0.484375 0.843750
vt 0.484375 0.875000
vt 0.468750 0.875000
vt 0.468750 0.843750
vt 0.484375 0.281250
vt 0.484375 0.312500
vt 0.468750 0.312500
vt 0.468750 0.281250
vt 0.484375 0.718750
vt 0.484375 0.750000
vt 0.468750 0.750000
vt 0.468750 0.718750
vt 0.484375 0.218750
vt 0.484375 0.250000
vt 0.468750 0.250000
vt 0.468750 0.218750
vt 0.484375 0.593750
vt 0.484375 0.625000
vt 0.468750 0.625000
vt 0.468750 0.593750
vt 0.484375 0.531250
vt 0.484375 0.562500
vt 0.468750 0.562500
vt 0.468750 0.531250
vt 0.492188 0.968750
vt 0.453125 0.593750
vt 0.453125 0.625000
vt 0.437500 0.625000
vt 0.437500 0.593750
vt 0.453125 0.531250
vt 0.453125 0.562500
vt 0.437500 0.562500
vt 0.437500 0.531250
vt 0.460938 0.968750
vt 0.453125 0.937500
vt 0.453125 0.000000
vt 0.460938 0.031250
vt 0.445312 0.031250
vt 0.453125 0.906250
vt 0.437500 0.937500
vt 0.437500 0.906250
vt 0.453125 0.843750
vt 0.453125 0.875000
vt 0.437500 0.875000
vt 0.437500 0.843750
vt 0.453125 0.343750
vt 0.453125 0.375000
vt 0.437500 0.375000
vt 0.437500 0.343750
vt 0.453125 0.781250
vt 0.453125 0.812500
vt 0.437500 0.812500
vt 0.437500 0.781250
vt 0.453125 0.281250
vt 0.453125 0.312500
vt 0.437500 0.312500
vt 0.437500 0.281250
vt 0.421875 0.906250
vt 0.421875 0.937500
vt 0.406250 0.937500
vt 0.406250 0.906250
vt 0.421875 0.843750
vt 0.421875 0.875000
vt 0.406250 0.875000
vt 0.406250 0.843750
vt 0.421875 0.343750
vt 0.421875 0.375000
vt 0.406250 0.375000
vt 0.406250 0.343750
vt 0.421875 0.781250
vt 0.421875 0.812500
vt 0.406250 0.812500
vt 0.406250 0.781250
vt 0.421875 0.281250
vt 0.421875 0.312500
vt 0.406250 0.312500
vt 0.406250 0.281250
vt 0.421875 0.718750
vt 0.421875 0.750000
vt 0.406250 0.750000
vt 0.406250 0.718750
vt 0.421875 0.656250
vt 0.421875 0.687500
vt 0.406250 0.687500
vt 0.406250 0.656250
vt 0.421875 0.156250
vt 0.421875 0.187500
vt 0.406250 0.187500
vt 0.406250 0.156250
vt 0.421875 0.593750
vt 0.421875 0.625000
vt 0.406250 0.625000
vt 0.406250 0.593750
vt 0.421875 0.093750
vt 0.421875 0.125000
vt 0.406250 0.125000
vt 0.406250 0.093750
vt 0.421875 0.531250
vt 0.421875 0.562500
vt 0.406250 0.562500
vt 0.406250 0.531250
vt 0.429688 0.968750
vt 0.421875 0.000000
vt 0.429688 0.031250
vt 0.414062 0.031250
vt 0.421875 0.468750
vt 0.421875 0.500000
vt 0.406250 0.500000
vt 0.406250 0.468750
vt 0.390625 0.156250
vt 0.390625 0.187500
vt 0.375000 0.187500
vt 0.375000 0.156250
vt 0.390625 0.593750
vt 0.390625 0.625000
vt 0.375000 0.625000
vt 0.375000 0.593750
vt 0.390625 0.093750
vt 0.390625 0.125000
vt 0.375000 0.125000
vt 0.375000 0.093750
vt 0.398438 0.968750
vt 0.390625 0.937500
vt 0.390625 0.000000
vt 0.398438 0.031250
vt 0.382812 0.031250
vt 0.390625 0.468750
vt 0.390625 0.500000
vt 0.375000 0.500000
vt 0.375000 0.468750
vt 0.390625 0.906250
vt 0.375000 0.937500
vt 0.375000 0.906250
vt 0.390625 0.406250
vt 0.390625 0.437500
vt 0.375000 0.437500
vt 0.375000 0.406250
vt 0.390625 0.843750
vt 0.390625 0.875000
vt 0.375000 0.875000
vt 0.375000 0.843750
vt 0.390625 0.781250
vt 0.390625 0.812500
vt 0.375000 0.812500
vt 0.375000 0.781250
vt 0.390625 0.281250
vt 0.390625 0.312500
vt 0.375000 0.312500
vt 0.375000 0.281250
vt 0.390625 0.218750
vt 0.390625 0.250000
vt 0.375000 0.250000
vt 0.375000 0.218750
vt 0.359375 0.406250
vt 0.359375 0.437500
vt 0.343750 0.437500
vt 0.343750 0.406250
vt 0.359375 0.843750
vt 0.359375 0.875000
vt 0.343750 0.875000
vt 0.343750 0.843750
vt 0.359375 0.781250
vt 0.359375 0.812500
vt 0.343750 0.812500
vt 0.343750 0.781250
vt 0.359375 0.281250
vt 0.359375 0.312500
vt 0.343750 0.312500
vt 0.343750 0.281250
vt 0.359375 0.718750
vt 0.359375 0.750000
vt 0.343750 0.750000
vt 0.343750 0.718750
vt 0.359375 0.656250
vt 0.359375 0.687500
vt 0.343750 0.687500
vt 0.343750 0.656250
vt 0.359375 0.156250
vt 0.359375 0.187500
vt 0.343750 0.187500
vt 0.343750 0.156250
vt 0.367188 0.968750
vt 0.359375 0.937500
vt 0.359375 0.468750
vt 0.359375 0.500000
vt 0.343750 0.500000
vt 0.343750 0.468750
vt 0.359375 0.906250
vt 0.343750 0.937500
vt 0.343750 0.906250
vt 0.328125 0.156250
vt 0.328125 0.187500
vt 0.312500 0.187500
vt 0.312500 0.156250
vt 0.328125 0.093750
vt 0.328125 0.125000
vt 0.312500 0.125000
vt 0.312500 0.093750
vt 0.328125 0.531250
vt 0.328125 0.562500
vt 0.312500 0.562500
vt 0.312500 0.531250
vt 0.335938 0.968750
vt 0.328125 0.937500
vt 0.328125 0.468750
vt 0.328125 0.500000
vt 0.312500 0.500000
vt 0.312500 0.468750
vt 0.328125 0.906250
vt 0.312500 0.937500
vt 0.312500 0.906250
vt 0.328125 0.343750
vt 0.328125 0.375000
vt 0.312500 0.375000
vt 0.312500 0.343750
vt 0.328125 0.281250
vt 0.328125 0.312500
vt 0.312500 0.312500
vt 0.312500 0.281250
vt 0.328125 0.718750
vt 0.328125 0.750000
vt 0.312500 0.750000
vt 0.312500 0.718750
vt 0.296875 0.343750
vt 0.296875 0.375000
vt 0.281250 0.375000
vt 0.281250 0.343750
vt 0.296875 0.281250
vt 0.296875 0.312500
vt 0.281250 0.312500
vt 0.281250 0.281250
vt 0.296875 0.593750
vt 0.296875 0.625000
vt 0.281250 0.625000
vt 0.281250 0.593750
vt 0.296875 0.093750
vt 0.296875 0.125000
vt 0.281250 0.125000
vt 0.281250 0.093750
vt 0.304688 0.968750
vt 0.296875 0.937500
vt 0.296875 0.406250
vt 0.296875 0.437500
vt 0.281250 0.437500
vt 0.281250 0.406250
vt 0.281250 0.937500
vt 0.273438 0.968750
vt 0.265625 0.937500
vt 0.265625 0.406250
vt 0.265625 0.437500
vt 0.250000 0.437500
vt 0.250000 0.406250
vt 0.265625 0.843750
vt 0.265625 0.875000
vt 0.250000 0.875000
vt 0.250000 0.843750
vt 0.265625 0.781250
vt 0.265625 0.812500
vt 0.250000 0.812500
vt 0.250000 0.781250
vt 0.265625 0.718750
vt 0.265625 0.750000
vt 0.250000 0.750000
vt 0.250000 0.718750
vt 0.265625 0.218750
vt 0.265625 0.250000
vt 0.250000 0.250000
vt 0.250000 0.218750
vt 0.265625 0.656250
vt 0.265625 0.687500
vt 0.250000 0.687500
vt 0.250000 0.656250
vt 0.265625 0.156250
vt 0.265625 0.187500
vt 0.250000 0.187500
vt 0.250000 0.156250
vt 0.234375 0.781250
vt 0.234375 0.812500
vt 0.218750 0.812500
vt 0.218750 0.781250
vt 0.234375 0.281250
vt 0.234375 0.312500
vt 0.218750 0.312500
vt 0.218750 0.281250
vt 0.234375 0.718750
vt 0.234375 0.750000
vt 0.218750 0.750000
vt 0.218750 0.718750
vt 0.234375 0.656250
vt 0.234375 0.687500
vt 0.218750 0.687500
vt 0.218750 0.656250
vt 0.234375 0.156250
vt 0.234375 0.187500
vt 0.218750 0.187500
vt 0.218750 0.156250
vt 0.234375 0.531250
vt 0.234375 0.562500
vt 0.218750 0.562500
vt 0.218750 0.531250
vt 0.250000 0.937500
vt 0.242188 0.968750
vt 0.234375 0.937500
vt 0.234375 0.406250
vt 0.234375 0.437500
vt 0.218750 0.437500
vt 0.218750 0.406250
vt 0.234375 0.843750
vt 0.234375 0.875000
vt 0.218750 0.875000
vt 0.218750 0.843750
vt 0.218750 0.937500
vt 0.210938 0.968750
vt 0.203125 0.937500
vt 0.203125 0.468750
vt 0.203125 0.500000
vt 0.187500 0.500000
vt 0.187500 0.468750
vt 0.203125 0.406250
vt 0.203125 0.437500
vt 0.187500 0.437500
vt 0.187500 0.406250
vt 0.203125 0.843750
vt 0.203125 0.875000
vt 0.187500 0.875000
vt 0.187500 0.843750
vt 0.203125 0.781250
vt 0.203125 0.812500
vt 0.187500 0.812500
vt 0.187500 0.781250
vt 0.203125 0.281250
vt 0.203125 0.312500
vt 0.187500 0.312500
vt 0.187500 0.281250
vt 0.203125 0.718750
vt 0.203125 0.750000
vt 0.187500 0.750000
vt 0.187500 0.718750
vt 0.203125 0.593750
vt 0.203125 0.625000
vt 0.187500 0.625000
vt 0.187500 0.593750
vt 0.171875 0.718750
vt 0.171875 0.750000
vt 0.156250 0.750000
vt 0.156250 0.718750
vt 0.171875 0.656250
vt 0.171875 0.687500
vt 0.156250 0.687500
vt 0.156250 0.656250
vt 0.171875 0.593750
vt 0.171875 0.625000
vt 0.156250 0.625000
vt 0.156250 0.593750
vt 0.171875 0.093750
vt 0.171875 0.125000
vt 0.156250 0.125000
vt 0.156250 0.093750
vt 0.171875 0.531250
vt 0.171875 0.562500
vt 0.156250 0.562500
vt 0.156250 0.531250
vt 0.171875 0.468750
vt 0.171875 0.500000
vt 0.156250 0.500000
vt 0.156250 0.468750
vt 0.171875 0.781250
vt 0.171875 0.812500
vt 0.156250 0.812500
vt 0.156250 0.781250
vt 0.156250 0.937500
vt 0.148438 0.968750
vt 0.140625 0.937500
vt 0.140625 0.000000
vt 0.148438 0.031250
vt 0.132813 0.031250
vt 0.140625 0.468750
vt 0.140625 0.500000
vt 0.125000 0.500000
vt 0.125000 0.468750
vt 0.140625 0.343750
vt 0.140625 0.375000
vt 0.125000 0.375000
vt 0.125000 0.343750
vt 0.140625 0.781250
vt 0.140625 0.812500
vt 0.125000 0.812500
vt 0.125000 0.781250
vt 0.140625 0.281250
vt 0.140625 0.312500
vt 0.125000 0.312500
vt 0.125000 0.281250
vt 0.140625 0.656250
vt 0.140625 0.687500
vt 0.125000 0.687500
vt 0.125000 0.656250
vt 0.140625 0.156250
vt 0.140625 0.187500
vt 0.125000 0.187500
vt 0.125000 0.156250
vt 0.140625 0.593750
vt 0.140625 0.625000
vt 0.125000 0.625000
vt 0.125000 0.593750
vt 0.140625 0.093750
vt 0.140625 0.125000
vt 0.125000 0.125000
vt 0.125000 0.093750
vt 0.109375 0.156250
vt 0.109375 0.187500
vt 0.093750 0.187500
vt 0.093750 0.156250
vt 0.109375 0.593750
vt 0.109375 0.625000
vt 0.093750 0.625000
vt 0.093750 0.593750
vt 0.109375 0.093750
vt 0.109375 0.125000
vt 0.093750 0.125000
vt 0.093750 0.093750
vt 0.109375 0.531250
vt 0.109375 0.562500
vt 0.093750 0.562500
vt 0.093750 0.531250
vt 0.125000 0.937500
vt 0.117188 0.968750
vt 0.109375 0.937500
vt 0.109375 0.000000
vt 0.117188 0.031250
vt 0.101562 0.031250
vt 0.109375 0.468750
vt 0.109375 0.500000
vt 0.093750 0.500000
vt 0.093750 0.468750
vt 0.109375 0.406250
vt 0.109375 0.437500
vt 0.093750 0.437500
vt 0.093750 0.406250
vt 0.109375 0.843750
vt 0.109375 0.875000
vt 0.093750 0.875000
vt 0.093750 0.843750
vt 0.109375 0.343750
vt 0.109375 0.375000
vt 0.093750 0.375000
vt 0.093750 0.343750
vt 0.109375 0.781250
vt 0.109375 0.812500
vt 0.093750 0.812500
vt 0.093750 0.781250
vt 0.109375 0.281250
vt 0.109375 0.312500
vt 0.093750 0.312500
vt 0.093750 0.281250
vt 0.078125 0.468750
vt 0.078125 0.500000
vt 0.062500 0.500000
vt 0.062500 0.468750
vt 0.078125 0.906250
vt 0.078125 0.937500
vt 0.062500 0.937500
vt 0.062500 0.906250
vt 0.078125 0.406250
vt 0.078125 0.437500
vt 0.062500 0.437500
vt 0.062500 0.406250
vt 0.078125 0.843750
vt 0.078125 0.875000
vt 0.062500 0.875000
vt 0.062500 0.843750
vt 0.078125 0.343750
vt 0.078125 0.375000
vt 0.062500 0.375000
vt 0.062500 0.343750
vt 0.078125 0.781250
vt 0.078125 0.812500
vt 0.062500 0.812500
vt 0.062500 0.781250
vt 0.078125 0.281250
vt 0.078125 0.312500
vt 0.062500 0.312500
vt 0.062500 0.281250
vt 0.078125 0.218750
vt 0.078125 0.250000
vt 0.062500 0.250000
vt 0.062500 0.218750
vt 0.078125 0.656250
vt 0.078125 0.687500
vt 0.062500 0.687500
vt 0.062500 0.656250
vt 0.078125 0.156250
vt 0.078125 0.187500
vt 0.062500 0.187500
vt 0.062500 0.156250
vt 0.078125 0.093750
vt 0.078125 0.125000
vt 0.062500 0.125000
vt 0.062500 0.093750
vt 0.078125 0.531250
vt 0.078125 0.562500
vt 0.062500 0.562500
vt 0.062500 0.531250
vt 0.093750 0.937500
vt 0.085938 0.968750
vt 0.078125 0.000000
vt 0.085938 0.031250
vt 0.070312 0.031250
vt 0.046875 0.218750
vt 0.046875 0.250000
vt 0.031250 0.250000
vt 0.031250 0.218750
vt 0.046875 0.656250
vt 0.046875 0.687500
vt 0.031250 0.687500
vt 0.031250 0.656250
vt 0.046875 0.156250
vt 0.046875 0.187500
vt 0.031250 0.187500
vt 0.031250 0.156250
vt 0.046875 0.593750
vt 0.046875 0.625000
vt 0.031250 0.625000
vt 0.031250 0.593750
vt 0.046875 0.093750
vt 0.046875 0.125000
vt 0.031250 0.125000
vt 0.031250 0.093750
vt 0.054687 0.968750
vt 0.046875 0.937500
vt 0.046875 0.000000
vt 0.054687 0.031250
vt 0.039062 0.031250
vt 0.046875 0.468750
vt 0.046875 0.500000
vt 0.031250 0.500000
vt 0.031250 0.468750
vt 0.046875 0.906250
vt 0.031250 0.937500
vt 0.031250 0.906250
vt 0.046875 0.406250
vt 0.046875 0.437500
vt 0.031250 0.437500
vt 0.031250 0.406250
vt 0.046875 0.343750
vt 0.046875 0.375000
vt 0.031250 0.375000
vt 0.031250 0.343750
vt 0.046875 0.781250
vt 0.046875 0.812500
vt 0.031250 0.812500
vt 0.031250 0.781250
vt 0.046875 0.281250
vt 0.046875 0.312500
vt 0.031250 0.312500
vt 0.031250 0.281250
vt 0.015625 0.906250
vt 0.015625 0.937500
vt 0.000000 0.937500
vt 0.000000 0.906250
vt 0.015625 0.406250
vt 0.015625 0.437500
vt 0.000000 0.437500
vt 0.000000 0.406250
vt 0.015625 0.843750
vt 0.015625 0.875000
vt 0.000000 0.875000
vt 0.000000 0.843750
vt 0.015625 0.343750
vt 0.015625 0.375000
vt 0.000000 0.375000
vt 0.000000 0.343750
vt 0.015625 0.781250
vt 0.015625 0.812500
vt 0.000000 0.812500
vt 0.000000 0.781250
vt 0.015625 0.718750
vt 0.015625 0.750000
vt 0.000000 0.750000
vt 0.000000 0.718750
vt 0.015625 0.218750
vt 0.015625 0.250000
vt 0.000000 0.250000
vt 0.000000 0.218750
vt 0.015625 0.656250
vt 0.015625 0.687500
vt 0.000000 0.687500
vt 0.000000 0.656250
vt 0.015625 0.156250
vt 0.015625 0.187500
vt 0.000000 0.187500
vt 0.000000 0.156250
vt 0.015625 0.093750
vt 0.015625 0.125000
vt 0.000000 0.125000
vt 0.000000 0.093750
vt 0.023438 0.968750
vt 0.015625 0.000000
vt 0.023438 0.031250
vt 0.007812 0.031250
vt 0.984375 0.656250
vt 0.984375 0.687500
vt 0.968750 0.687500
vt 0.968750 0.656250
vt 0.984375 0.156250
vt 0.984375 0.187500
vt 0.968750 0.187500
vt 0.968750 0.156250
vt 0.984375 0.093750
vt 0.984375 0.125000
vt 0.968750 0.125000
vt 0.968750 0.093750
vt 0.984375 0.531250
vt 0.984375 0.562500
vt 0.968750 0.562500
vt 0.968750 0.531250
vt 1.000000 0.937500
vt 0.992188 0.968750
vt 0.984375 0.937500
vt 0.984375 0.000000
vt 0.992188 0.031250
vt 0.976562 0.031250
vt 0.984375 0.468750
vt 0.984375 0.500000
vt 0.968750 0.500000
vt 0.968750 0.468750
vt 0.984375 0.906250
vt 0.968750 0.937500
vt 0.968750 0.906250
vt 0.984375 0.406250
vt 0.984375 0.437500
vt 0.968750 0.437500
vt 0.968750 0.406250
vt 0.984375 0.843750
vt 0.984375 0.875000
vt 0.968750 0.875000
vt 0.968750 0.843750
vt 0.984375 0.781250
vt 0.984375 0.812500
vt 0.968750 0.812500
vt 0.968750 0.781250
vt 0.984375 0.718750
vt 0.984375 0.750000
vt 0.968750 0.750000
vt 0.968750 0.718750
vt 0.984375 0.218750
vt 0.984375 0.250000
vt 0.968750 0.250000
vt 0.968750 0.218750
vt 0.953125 0.843750
vt 0.953125 0.875000
vt 0.937500 0.875000
vt 0.937500 0.843750
vt 0.953125 0.781250
vt 0.953125 0.812500
vt 0.937500 0.812500
vt 0.937500 0.781250
vt 0.953125 0.718750
vt 0.953125 0.750000
vt 0.937500 0.750000
vt 0.937500 0.718750
vt 0.953125 0.218750
vt 0.953125 0.250000
vt 0.937500 0.250000
vt 0.937500 0.218750
vt 0.953125 0.656250
vt 0.953125 0.687500
vt 0.937500 0.687500
vt 0.937500 0.656250
vt 0.953125 0.156250
vt 0.953125 0.187500
vt 0.937500 0.187500
vt 0.937500 0.156250
vt 0.953125 0.593750
vt 0.953125 0.625000
vt 0.937500 0.625000
vt 0.937500 0.593750
vt 0.953125 0.531250
vt 0.953125 0.562500
vt 0.937500 0.562500
vt 0.937500 0.531250
vt 0.960938 0.968750
vt 0.953125 0.937500
vt 0.953125 0.000000
vt 0.960938 0.031250
vt 0.945312 0.031250
vt 0.953125 0.906250
vt 0.937500 0.937500
vt 0.937500 0.906250
vt 0.921875 0.156250
vt 0.921875 0.187500
vt 0.906250 0.187500
vt 0.906250 0.156250
vt 0.921875 0.593750
vt 0.921875 0.625000
vt 0.906250 0.625000
vt 0.906250 0.593750
vt 0.921875 0.531250
vt 0.921875 0.562500
vt 0.906250 0.562500
vt 0.906250 0.531250
vt 0.929688 0.968750
vt 0.921875 0.937500
vt 0.921875 0.000000
vt 0.929688 0.031250
vt 0.914062 0.031250
vt 0.921875 0.468750
vt 0.921875 0.500000
vt 0.906250 0.500000
vt 0.906250 0.468750
vt 0.921875 0.906250
vt 0.906250 0.937500
vt 0.906250 0.906250
vt 0.921875 0.406250
vt 0.921875 0.437500
vt 0.906250 0.437500
vt 0.906250 0.406250
vt 0.921875 0.843750
vt 0.921875 0.875000
vt 0.906250 0.875000
vt 0.906250 0.843750
vt 0.921875 0.343750
vt 0.921875 0.375000
vt 0.906250 0.375000
vt 0.906250 0.343750
vt 0.921875 0.781250
vt 0.921875 0.812500
vt 0.906250 0.812500
vt 0.906250 0.781250
vt 0.921875 0.281250
vt 0.921875 0.312500
vt 0.906250 0.312500
vt 0.906250 0.281250
vt 0.921875 0.718750
vt 0.921875 0.750000
vt 0.906250 0.750000
vt 0.906250 0.718750
vt 0.921875 0.218750
vt 0.921875 0.250000
vt 0.906250 0.250000
vt 0.906250 0.218750
vt 0.890625 0.781250
vt 0.890625 0.812500
vt 0.875000 0.812500
vt 0.875000 0.781250
vt 0.890625 0.718750
vt 0.890625 0.750000
vt 0.875000 0.750000
vt 0.875000 0.718750
vt 0.890625 0.218750
vt 0.890625 0.250000
vt 0.875000 0.250000
vt 0.875000 0.218750
vt 0.890625 0.156250
vt 0.890625 0.187500
vt 0.875000 0.187500
vt 0.875000 0.156250
vt 0.890625 0.593750
vt 0.890625 0.625000
vt 0.875000 0.625000
vt 0.875000 0.593750
vt 0.890625 0.093750
vt 0.890625 0.125000
vt 0.875000 0.125000
vt 0.875000 0.093750
vt 0.890625 0.531250
vt 0.890625 0.562500
vt 0.875000 0.562500
vt 0.875000 0.531250
vt 0.898438 0.968750
vt 0.890625 0.937500
vt 0.890625 0.000000
vt 0.898438 0.031250
vt 0.882812 0.031250
vt 0.890625 0.906250
vt 0.875000 0.937500
vt 0.875000 0.906250
vt 0.890625 0.406250
vt 0.890625 0.437500
vt 0.875000 0.437500
vt 0.875000 0.406250
vt 0.890625 0.843750
vt 0.890625 0.875000
vt 0.875000 0.875000
vt 0.875000 0.843750
vt 0.859375 0.093750
vt 0.859375 0.125000
vt 0.843750 0.125000
vt 0.843750 0.093750
vt 0.867188 0.968750
vt 0.859375 0.937500
vt 0.859375 0.000000
vt 0.867188 0.031250
vt 0.851562 0.031250
vt 0.859375 0.468750
vt 0.859375 0.500000
vt 0.843750 0.500000
vt 0.843750 0.468750
vt 0.859375 0.906250
vt 0.843750 0.937500
vt 0.843750 0.906250
vt 0.859375 0.406250
vt 0.859375 0.437500
vt 0.843750 0.437500
vt 0.843750 0.406250
vt 0.859375 0.843750
vt 0.859375 0.875000
vt 0.843750 0.875000
vt 0.843750 0.843750
vt 0.859375 0.343750
vt 0.859375 0.375000
vt 0.843750 0.375000
vt 0.843750 0.343750
vt 0.859375 0.781250
vt 0.859375 0.812500
vt 0.843750 0.812500
vt 0.843750 0.781250
vt 0.859375 0.281250
vt 0.859375 0.312500
vt 0.843750 0.312500
vt 0.843750 0.281250
vt 0.859375 0.218750
vt 0.859375 0.250000
vt 0.843750 0.250000
vt 0.843750 0.218750
vt 0.859375 0.656250
vt 0.859375 0.687500
vt 0.843750 0.687500
vt 0.843750 0.656250
vt 0.859375 0.156250
vt 0.859375 0.187500
vt 0.843750 0.187500
vt 0.843750 0.156250
vt 0.859375 0.593750
vt 0.859375 0.625000
vt 0.843750 0.625000
vt 0.843750 0.593750
vt 0.828125 0.781250
vt 0.828125 0.812500
vt 0.812500 0.812500
vt 0.812500 0.781250
vt 0.828125 0.281250
vt 0.828125 0.312500
vt 0.812500 0.312500
vt 0.812500 0.281250
vt 0.828125 0.718750
vt 0.828125 0.750000
vt 0.812500 0.750000
vt 0.812500 0.718750
vt 0.828125 0.656250
vt 0.828125 0.687500
vt 0.812500 0.687500
vt 0.812500 0.656250
vt 0.828125 0.156250
vt 0.828125 0.187500
vt 0.812500 0.187500
vt 0.812500 0.156250
vt 0.828125 0.093750
vt 0.828125 0.125000
vt 0.812500 0.125000
vt 0.812500 0.093750
vt 0.835938 0.968750
vt 0.828125 0.937500
vt 0.828125 0.000000
vt 0.835938 0.031250
vt 0.820312 0.031250
vt 0.828125 0.468750
vt 0.828125 0.500000
vt 0.812500 0.500000
vt 0.812500 0.468750
vt 0.828125 0.906250
vt 0.812500 0.937500
vt 0.812500 0.906250
vt 0.828125 0.406250
vt 0.828125 0.437500
vt 0.812500 0.437500
vt 0.812500 0.406250
vt 0.828125 0.843750
vt 0.828125 0.875000
vt 0.812500 0.875000
vt 0.812500 0.843750
vt 0.828125 0.343750
vt 0.828125 0.375000
vt 0.812500 0.375000
vt 0.812500 0.343750
vt 0.804688 0.968750
vt 0.796875 0.937500
vt 0.796875 0.000000
vt 0.804688 0.031250
vt 0.789062 0.031250
vt 0.796875 0.906250
vt 0.781250 0.937500
vt 0.781250 0.906250
vt 0.796875 0.406250
vt 0.796875 0.437500
vt 0.781250 0.437500
vt 0.781250 0.406250
vt 0.796875 0.843750
vt 0.796875 0.875000
vt 0.781250 0.875000
vt 0.781250 0.843750
vt 0.796875 0.718750
vt 0.796875 0.750000
vt 0.781250 0.750000
vt 0.781250 0.718750
vt 0.796875 0.156250
vt 0.796875 0.187500
vt 0.781250 0.187500
vt 0.781250 0.156250
vt 0.796875 0.593750
vt 0.796875 0.625000
vt 0.781250 0.625000
vt 0.781250 0.593750
vt 0.796875 0.093750
vt 0.796875 0.125000
vt 0.781250 0.125000
vt 0.781250 0.093750
vt 0.765625 0.718750
vt 0.765625 0.750000
vt 0.750000 0.750000
vt 0.750000 0.718750
vt 0.765625 0.218750
vt 0.765625 0.250000
vt 0.750000 0.250000
vt 0.750000 0.218750
vt 0.765625 0.656250
vt 0.765625 0.687500
vt 0.750000 0.687500
vt 0.750000 0.656250
vt 0.765625 0.156250
vt 0.765625 0.187500
vt 0.750000 0.187500
vt 0.750000 0.156250
vt 0.773438 0.968750
vt 0.765625 0.937500
vt 0.765625 0.000000
vt 0.773438 0.031250
vt 0.757812 0.031250
vt 0.765625 0.468750
vt 0.765625 0.500000
vt 0.750000 0.500000
vt 0.750000 0.468750
vt 0.765625 0.906250
vt 0.750000 0.906250
vt 0.765625 0.406250
vt 0.765625 0.437500
vt 0.750000 0.437500
vt 0.750000 0.406250
vt 0.765625 0.843750
vt 0.765625 0.875000
vt 0.750000 0.875000
vt 0.750000 0.843750
vt 0.765625 0.343750
vt 0.765625 0.375000
vt 0.750000 0.375000
vt 0.750000 0.343750
vt 0.765625 0.781250
vt 0.765625 0.812500
vt 0.750000 0.812500
vt 0.750000 0.781250
vt 0.781250 0.781250
vt 0.781250 0.312500
vt 0.781250 0.343750
vt 0.765625 0.312500
vt 0.781250 0.375000
vt 0.765625 0.062500
vt 0.750000 0.062500
vt 0.781250 0.062500
vt 0.757812 0.968750
vt 0.765625 1.000000
vt 0.765625 0.531250
vt 0.750000 0.531250
vt 0.765625 0.093750
vt 0.750000 0.093750
vt 0.765625 0.125000
vt 0.765625 0.625000
vt 0.765625 0.593750
vt 0.781250 0.218750
vt 0.781250 0.250000
vt 0.781250 0.687500
vt 0.781250 0.281250
vt 0.765625 0.281250
vt 0.796875 0.062500
vt 0.812500 0.062500
vt 0.796875 0.562500
vt 0.781250 0.562500
vt 0.812500 0.593750
vt 0.812500 0.625000
vt 0.796875 0.687500
vt 0.796875 0.250000
vt 0.796875 0.281250
vt 0.812500 0.250000
vt 0.796875 0.781250
vt 0.796875 0.812500
vt 0.796875 0.375000
vt 0.789062 0.968750
vt 0.796875 1.000000
vt 0.812500 0.531250
vt 0.796875 0.531250
vt 0.796875 0.500000
vt 0.828125 0.062500
vt 0.843750 0.062500
vt 0.820312 0.968750
vt 0.828125 1.000000
vt 0.828125 0.531250
vt 0.843750 0.531250
vt 0.828125 0.625000
vt 0.828125 0.218750
vt 0.828125 0.250000
vt 0.843750 0.750000
vt 0.859375 0.562500
vt 0.875000 0.656250
vt 0.859375 0.750000
vt 0.859375 0.718750
vt 0.875000 0.281250
vt 0.875000 0.312500
vt 0.859375 0.062500
vt 0.851562 0.968750
vt 0.859375 1.000000
vt 0.859375 0.531250
vt 0.875000 0.500000
vt 0.882812 0.968750
vt 0.890625 1.000000
vt 0.890625 0.500000
vt 0.906250 0.093750
vt 0.906250 0.125000
vt 0.890625 0.656250
vt 0.906250 0.656250
vt 0.906250 0.687500
vt 0.890625 0.687500
vt 0.890625 0.281250
vt 0.921875 0.687500
vt 0.937500 0.281250
vt 0.937500 0.312500
vt 0.937500 0.343750
vt 0.937500 0.375000
vt 0.937500 0.406250
vt 0.937500 0.437500
vt 0.914062 0.968750
vt 0.921875 1.000000
vt 0.937500 0.500000
vt 0.921875 0.125000
vt 0.937500 0.125000
vt 0.945312 0.968750
vt 0.953125 1.000000
vt 0.953125 0.500000
vt 0.953125 0.125000
vt 0.953125 0.093750
vt 0.968750 0.593750
vt 0.968750 0.625000
vt 0.953125 0.281250
vt 0.968750 0.281250
vt 0.953125 0.375000
vt 0.953125 0.406250
vt 0.968750 0.375000
vt 1.000000 0.187500
vt 1.000000 0.218750
vt 1.000000 0.250000
vt 1.000000 0.687500
vt 1.000000 0.718750
vt 1.000000 0.750000
vt 0.984375 0.281250
vt 1.000000 0.781250
vt 1.000000 0.812500
vt 1.000000 0.312500
vt 1.000000 0.343750
vt 0.984375 0.343750
vt 0.984375 0.312500
vt 1.000000 0.375000
vt 0.984375 0.375000
vt 1.000000 0.843750
vt 1.000000 0.875000
vt 1.000000 0.406250
vt 1.000000 0.437500
vt 1.000000 0.906250
vt 0.984375 0.062500
vt 0.968750 0.062500
vt 1.000000 0.062500
vt 0.976562 0.968750
vt 0.984375 1.000000
vt 1.000000 0.093750
vt 1.000000 0.125000
vt 1.000000 0.156250
vt 0.984375 0.625000
vt 1.000000 0.625000
vt 1.000000 0.656250
vt 0.015625 0.468750
vt 0.015625 0.062500
vt 0.000000 0.062500
vt 0.031250 0.062500
vt 0.007812 0.968750
vt 0.015625 1.000000
vt 0.015625 0.625000
vt 0.015625 0.593750
vt 0.000000 0.625000
vt 0.031250 0.718750
vt 0.031250 0.750000
vt 0.015625 0.281250
vt 0.015625 0.312500
vt 0.000000 0.312500
vt 0.046875 0.750000
vt 0.046875 0.062500
vt 0.062500 0.062500
vt 0.039062 0.968750
vt 0.046875 1.000000
vt 0.046875 0.531250
vt 0.046875 0.562500
vt 0.031250 0.562500
vt 0.062500 0.625000
vt 0.078125 0.062500
vt 0.093750 0.062500
vt 0.070312 0.968750
vt 0.078125 1.000000
vt 0.078125 0.593750
vt 0.078125 0.625000
vt 0.093750 0.656250
vt 0.093750 0.218750
vt 0.093750 0.250000
vt 0.093750 0.750000
vt 0.078125 0.750000
vt 0.093750 0.906250
vt 0.125000 0.843750
vt 0.125000 0.406250
vt 0.125000 0.437500
vt 0.109375 0.062500
vt 0.125000 0.062500
vt 0.101562 0.968750
vt 0.109375 1.000000
vt 0.125000 0.562500
vt 0.109375 0.656250
vt 0.109375 0.218750
vt 0.125000 0.218750
vt 0.140625 0.531250
vt 0.140625 0.562500
vt 0.156250 0.156250
vt 0.140625 0.218750
vt 0.140625 0.718750
vt 0.125000 0.718750
vt 0.140625 0.750000
vt 0.156250 0.312500
vt 0.156250 0.343750
vt 0.156250 0.375000
vt 0.140625 0.843750
vt 0.140625 0.406250
vt 0.132813 0.968750
vt 0.140625 1.000000
vt 0.171875 0.312500
vt 0.171875 0.343750
vt 0.187500 0.343750
vt 0.171875 0.843750
vt 0.171875 0.437500
vt 0.171875 0.406250
vt 0.156250 0.437500
vt 0.179688 0.968750
vt 0.171875 1.000000
vt 0.164063 0.968750
vt 0.187500 0.531250
vt 0.187500 0.562500
vt 0.187500 0.093750
vt 0.187500 0.125000
vt 0.187500 0.687500
vt 0.203125 0.562500
vt 0.218750 0.625000
vt 0.203125 0.656250
vt 0.203125 0.687500
vt 0.218750 0.250000
vt 0.203125 0.250000
vt 0.203125 0.343750
vt 0.218750 0.343750
vt 0.218750 0.375000
vt 0.203125 0.375000
vt 0.218750 0.468750
vt 0.218750 0.500000
vt 0.195312 0.968750
vt 0.187500 0.937500
vt 0.203125 1.000000
vt 0.226562 0.968750
vt 0.234375 1.000000
vt 0.250000 0.531250
vt 0.250000 0.562500
vt 0.250000 0.593750
vt 0.234375 0.593750
vt 0.250000 0.625000
vt 0.234375 0.625000
vt 0.250000 0.125000
vt 0.234375 0.125000
vt 0.234375 0.218750
vt 0.234375 0.250000
vt 0.250000 0.281250
vt 0.265625 0.125000
vt 0.281250 0.156250
vt 0.281250 0.187500
vt 0.265625 0.625000
vt 0.281250 0.656250
vt 0.281250 0.687500
vt 0.281250 0.218750
vt 0.281250 0.250000
vt 0.281250 0.718750
vt 0.281250 0.750000
vt 0.265625 0.281250
vt 0.281250 0.781250
vt 0.281250 0.812500
vt 0.265625 0.375000
vt 0.265625 0.343750
vt 0.281250 0.843750
vt 0.281250 0.875000
vt 0.250000 0.375000
vt 0.265625 0.468750
vt 0.250000 0.468750
vt 0.281250 0.468750
vt 0.257812 0.968750
vt 0.265625 1.000000
vt 0.312500 0.875000
vt 0.296875 0.906250
vt 0.296875 0.875000
vt 0.289062 0.968750
vt 0.296875 1.000000
vt 0.312500 0.062500
vt 0.296875 0.062500
vt 0.296875 0.156250
vt 0.296875 0.656250
vt 0.312500 0.625000
vt 0.312500 0.656250
vt 0.296875 0.250000
vt 0.296875 0.750000
vt 0.296875 0.781250
vt 0.312500 0.781250
vt 0.328125 0.687500
vt 0.328125 0.656250
vt 0.328125 0.781250
vt 0.328125 0.812500
vt 0.343750 0.343750
vt 0.343750 0.375000
vt 0.328125 0.843750
vt 0.328125 0.875000
vt 0.328125 0.406250
vt 0.328125 0.437500
vt 0.312500 0.437500
vt 0.320312 0.968750
vt 0.328125 1.000000
vt 0.343750 0.531250
vt 0.343750 0.562500
vt 0.328125 0.062500
vt 0.343750 0.062500
vt 0.343750 0.093750
vt 0.367188 0.031250
vt 0.375000 0.062500
vt 0.359375 0.062500
vt 0.351562 0.968750
vt 0.359375 1.000000
vt 0.359375 0.093750
vt 0.359375 0.625000
vt 0.359375 0.593750
vt 0.343750 0.625000
vt 0.359375 0.218750
vt 0.375000 0.687500
vt 0.375000 0.718750
vt 0.375000 0.750000
vt 0.359375 0.343750
vt 0.375000 0.343750
vt 0.406250 0.218750
vt 0.406250 0.250000
vt 0.390625 0.687500
vt 0.390625 0.718750
vt 0.390625 0.343750
vt 0.390625 0.375000
vt 0.406250 0.406250
vt 0.390625 0.062500
vt 0.406250 0.062500
vt 0.382812 0.968750
vt 0.390625 1.000000
vt 0.390625 0.531250
vt 0.375000 0.531250
vt 0.390625 0.562500
vt 0.390625 0.656250
vt 0.421875 0.062500
vt 0.437500 0.062500
vt 0.414062 0.968750
vt 0.421875 1.000000
vt 0.437500 0.500000
vt 0.437500 0.093750
vt 0.437500 0.125000
vt 0.437500 0.156250
vt 0.437500 0.656250
vt 0.437500 0.687500
vt 0.421875 0.250000
vt 0.437500 0.750000
vt 0.421875 0.406250
vt 0.437500 0.406250
vt 0.453125 0.750000
vt 0.453125 0.718750
vt 0.468750 0.781250
vt 0.468750 0.812500
vt 0.468750 0.343750
vt 0.453125 0.406250
vt 0.453125 0.062500
vt 0.468750 0.062500
vt 0.445312 0.968750
vt 0.453125 1.000000
vt 0.453125 0.500000
vt 0.453125 0.093750
vt 0.468750 0.093750
vt 0.453125 0.656250
vt 0.476562 0.968750
vt 0.484375 1.000000
vt 0.484375 0.062500
vt 0.484375 0.093750
vt 0.500000 0.062500
vt 0.484375 0.125000
vt 0.484375 0.156250
vt 0.484375 0.187500
vt 0.484375 0.656250
vt 0.468750 0.187500
vt 0.500000 0.718750
vt 0.500000 0.750000
vt 0.484375 0.343750
vt 0.500000 0.343750
vt 0.484375 0.812500
vt 0.500000 0.812500
vt 0.515625 0.812500
vt 0.515625 0.375000
vt 0.500000 0.375000
vt 0.515625 0.062500
vt 0.531250 0.062500
vt 0.507812 0.968750
vt 0.515625 1.000000
vt 0.515625 0.718750
vt 0.546875 0.062500
vt 0.562500 0.062500
vt 0.562500 0.562500
vt 0.562500 0.156250
vt 0.562500 0.187500
vt 0.562500 0.218750
vt 0.562500 0.250000
vt 0.562500 0.687500
vt 0.539062 0.968750
vt 0.546875 1.000000
vt 0.593750 0.812500
vt 0.593750 0.406250
vt 0.593750 0.437500
vt 0.593750 0.468750
vt 0.593750 0.500000
vt 0.578125 0.062500
vt 0.593750 0.062500
vt 0.570312 0.968750
vt 0.578125 1.000000
vt 0.593750 0.531250
vt 0.578125 0.531250
vt 0.593750 0.562500
vt 0.578125 0.562500
vt 0.578125 0.156250
vt 0.578125 0.687500
vt 0.593750 0.718750
vt 0.593750 0.750000
vt 0.578125 0.250000
vt 0.593750 0.250000
vt 0.593750 0.781250
vt 0.609375 0.562500
vt 0.625000 0.562500
vt 0.609375 0.156250
vt 0.609375 0.187500
vt 0.609375 0.656250
vt 0.593750 0.656250
vt 0.609375 0.687500
vt 0.609375 0.218750
vt 0.609375 0.250000
vt 0.625000 0.281250
vt 0.625000 0.312500
vt 0.609375 0.812500
vt 0.625000 0.812500
vt 0.609375 0.437500
vt 0.609375 0.468750
vt 0.625000 0.437500
vt 0.625000 0.468750
vt 0.601562 0.968750
vt 0.609375 1.000000
vt 0.640625 0.812500
vt 0.640625 0.437500
vt 0.640625 0.406250
vt 0.640625 0.468750
vt 0.656250 0.468750
vt 0.632812 0.968750
vt 0.640625 1.000000
vt 0.640625 0.562500
vt 0.640625 0.531250
vt 0.656250 0.593750
vt 0.656250 0.625000
vt 0.656250 0.156250
vt 0.656250 0.187500
vt 0.656250 0.218750
vt 0.656250 0.250000
vt 0.656250 0.718750
vt 0.640625 0.718750
vt 0.640625 0.281250
vt 0.640625 0.781250
vt 0.671875 0.156250
vt 0.687500 0.156250
vt 0.671875 0.625000
vt 0.687500 0.250000
vt 0.687500 0.281250
vt 0.671875 0.281250
vt 0.671875 0.250000
vt 0.671875 0.750000
vt 0.671875 0.468750
vt 0.687500 0.468750
vt 0.671875 0.062500
vt 0.656250 0.062500
vt 0.687500 0.062500
vt 0.664062 0.968750
vt 0.671875 1.000000
vt 0.718750 0.375000
vt 0.703125 0.375000
vt 0.703125 0.468750
vt 0.703125 0.500000
vt 0.703125 0.062500
vt 0.718750 0.062500
vt 0.695312 0.968750
vt 0.703125 1.000000
vt 0.718750 0.593750
vt 0.718750 0.625000
vt 0.703125 0.156250
vt 0.703125 0.250000
vt 0.703125 0.218750
vt 0.703125 0.281250
vt 0.718750 0.281250
vt 0.718750 0.312500
vt 0.703125 0.312500
vt 0.734375 0.375000
vt 0.734375 0.062500
vt 0.726562 0.968750
vt 0.734375 1.000000
vt 0.750000 0.562500
vt 0.734375 0.625000
vt 0.734375 0.281250
s 1
usemtl Material.008
f 3268/1611/2924 2046/1612/1724 1617/1613/1299 2034/1614/1713
f 3266/1615/2922 2817/1616/2482 1618/1617/1300 2035/1618/1714
f 3265/1619/2921 2818/1620/2483 1626/1621/1308 2043/1622/1721
f 3264/1623/2920 2047/1624/1725 1619/1625/1301 2036/1626/1715
f 3263/1627/2919 2819/1628/2484 1627/1629/1309 2044/1630/1722
f 3262/1631/2918 2821/1632/2486 1628/1633/1310 2045/1634/1723
f 3261/1635/2917 2048/1636/1726 1621/1637/1303 2038/1638/1717
f 2023/1639/1702 2807/1640/2472 2823/1641/2488
f 1871/1642/1551 2814/1643/2479 2816/1644/2481
f 3260/1645/2916 2049/1646/1727 1622/1647/1304 2039/1648/1718
f 3259/1649/2915 2823/1641/2488 1615/1650/1297 2032/1651/1711
f 3258/1652/2914 2050/1653/1728 1623/1654/1305 2040/1655/1719
f 3257/1656/2913 2824/1657/2489 1616/1658/1298 2033/1659/1712
f 3256/1660/2912 2065/1661/1742 1631/1662/1313 2052/1663/1730
f 3255/1664/2911 2064/1665/1741 1632/1666/1314 2053/1667/1731
f 3253/1668/2909 2068/1669/1744 1633/1670/1315 2054/1671/1732
f 3251/1672/2907 2070/1673/1746 1634/1674/1316 2055/1675/1733
f 3249/1676/2905 2071/1677/1747 1635/1678/1317 2056/1679/1734
f 3248/1680/2904 2072/1681/1748 1639/1682/1321 2063/1683/1740
f 3247/1684/2903 2073/1685/1749 1636/1686/1318 2057/1687/1735
f 1615/1650/1297 2815/1688/2480 2076/1689/1752
f 1871/1690/1551 2816/1691/2481 2827/1692/2492
f 3245/1693/2901 2076/1689/1752 1630/1694/1312 2051/1695/1729
f 3244/1696/2900 2077/1697/1753 1637/1698/1319 2059/1699/1737
f 3243/1700/2899 2093/1701/1769 1650/1702/1332 2089/1703/1765
f 3242/1704/2898 2090/1705/1766 1646/1706/1328 2084/1707/1760
f 1630/1694/1312 2826/1708/2491 2094/1709/1770
f 1871/1710/1551 2827/1711/2492 2829/1712/2494
f 3240/1713/2896 2094/1709/1770 1641/1714/1323 2078/1715/1754
f 3239/1716/2895 2095/1717/1771 1647/1718/1329 2086/1719/1762
f 3238/1720/2894 2096/1721/1772 1642/1722/1324 2079/1723/1755
f 3237/1724/2893 2097/1725/1773 1643/1726/1325 2080/1727/1756
f 3235/1728/2892 2100/1729/1776 1644/1730/1326 2082/1731/1758
f 3233/1732/1787 2111/1733/1787 1660/1734/1341 2106/1735/1782
f 3229/1736/2888 2113/1737/1789 1662/1738/1343 2108/1739/1784
f 3228/1740/2887 2114/1741/1790 1655/1742/1337 2103/1743/1779
f 3227/1744/2886 2115/1745/1791 1663/1746/1344 2109/1747/1785
f 3226/1748/2885 2116/1749/1792 1656/1750/1338 2104/1751/1780
f 3225/1752/2884 2117/1753/1793 1664/1754/1345 2110/1755/1786
f 1641/1714/1323 2828/1756/2493 2119/1757/1795
f 1871/1758/1551 2829/1759/2494 2831/1760/2496
f 3222/1761/2881 2119/1757/1795 1652/1762/1334 2101/1763/1777
f 3220/1764/2879 2121/1765/1797 1653/1766/1335 2102/1767/1778
f 3219/1768/2878 2134/1769/1810 1676/1770/1357 2133/1771/1809
f 1652/1762/1334 2830/1772/2495 2136/1773/1812
f 1871/1774/1551 2831/1775/2496 2833/1776/2498
f 3217/1777/2876 2136/1773/1812 1665/1778/1346 2122/1779/1798
f 3216/1780/2875 2138/1781/1814 1666/1782/1347 2123/1783/1799
f 3215/1784/2874 2139/1785/1815 1673/1786/1354 2131/1787/1807
f 3214/1788/2873 2141/1789/1817 1674/1790/1355 2132/1791/1808
f 3209/1792/2869 2145/1793/1821 1669/1794/1350 2127/1795/1803
f 3208/1796/2868 2160/1797/1836 1681/1798/1362 2149/1799/1825
f 3207/1800/2867 2162/1801/1838 1689/1802/1370 2155/1803/1831
f 3206/1804/2866 2159/1805/1835 1682/1806/1363 2150/1807/1826
f 3204/1808/2864 2164/1809/1840 1684/1810/1365 2151/1811/1827
f 3203/1812/2863 2165/1813/1841 1692/1814/1373 2158/1815/1834
f 1665/1778/1346 2832/1816/2497 2169/1817/1845
f 1871/1818/1551 2833/1819/2498 2834/1820/2499
f 3201/1821/2861 2168/1822/1844 1686/1823/1367 2152/1824/1828
f 3200/1825/2860 2169/1817/1845 1679/1826/1360 2147/1827/1823
f 3199/1828/2859 2170/1829/1846 1687/1830/1368 2153/1831/1829
f 3198/1832/2858 2171/1833/1847 1680/1834/1361 2148/1835/1824
f 3197/1836/2857 2172/1837/1848 1688/1838/1369 2154/1839/1830
f 3196/1840/2856 2188/1841/1864 1700/1842/1381 2179/1843/1855
f 1679/1826/1360 2146/1844/1822 2189/1845/1865
f 1871/1846/1551 2834/1847/2499 2836/1848/2501
f 3195/1849/2855 2187/1850/1863 1701/1851/1382 2180/1852/1856
f 3194/1853/2854 2189/1845/1865 1694/1854/1375 2173/1855/1849
f 3193/1856/2853 2191/1857/1867 1702/1858/1383 2181/1859/1857
f 3192/1860/2852 2192/1861/1868 1695/1862/1376 2174/1863/1850
f 3191/1864/2851 2193/1865/1869 1703/1866/1384 2182/1867/1858
f 3190/1868/2850 2194/1869/1870 1696/1870/1377 2175/1871/1851
f 3189/1872/2849 2195/1873/1871 1704/1874/1385 2183/1875/1859
f 3188/1876/2848 2196/1877/1872 1697/1878/1378 2176/1879/1852
f 3187/1880/2847 2197/1881/1873 1705/1882/1386 2184/1883/1860
f 3186/1884/2846 2198/1885/1874 1698/1886/1379 2177/1887/1853
f 3185/1888/2845 2199/1889/1875 1706/1890/1387 2185/1891/1861
f 3184/1892/2844 2200/1893/1876 1699/1894/1380 2178/1895/1854
f 3183/1896/2843 2201/1897/1877 1707/1898/1388 2186/1899/1862
f 3182/1900/2842 2216/1901/1892 1719/1902/1400 2211/1903/1887
f 3180/1904/2840 2215/1905/1891 1720/1906/1401 2212/1907/1888
f 3179/1908/2839 2217/1909/1893 1713/1910/1394 2205/1911/1881
f 3178/1912/2838 2218/1913/1894 1721/1914/1402 2213/1915/1889
f 3177/1916/2837 2219/1917/1895 1714/1918/1395 2206/1919/1882
f 3176/1920/2836 2220/1921/1896 1722/1922/1403 2214/1923/1890
f 3175/1924/2835 2221/1925/1897 1715/1926/1396 2207/1927/1883
f 1694/1854/1375 2835/1928/2500 2224/1929/1900
f 1871/1930/1551 2836/1931/2501 2838/1932/2503
f 3174/1933/2834 2223/1934/1899 1716/1935/1397 2208/1936/1884
f 3173/1937/2833 2224/1929/1900 1709/1938/1390 2202/1939/1878
f 3172/1940/2832 2225/1941/1901 1717/1942/1398 2209/1943/1885
f 3171/1944/2831 2226/1945/1902 1710/1946/1391 2203/1947/1879
f 1871/1948/1551 2838/1949/2503 2840/1950/2505
f 3170/1951/2830 2241/1952/1917 1730/1953/1411 2235/1954/1911
f 3169/1955/2829 2243/1956/1919 1724/1957/1405 2229/1958/1905
f 3168/1959/2828 2242/1960/1918 1725/1961/1406 2230/1962/1906
f 3166/1963/2826 2245/1964/1921 1731/1965/1412 2237/1966/1913
f 3165/1967/2825 2246/1968/1922 1727/1969/1408 2232/1970/1908
f 3164/1971/2824 2247/1972/1923 1732/1973/1413 2238/1974/1914
f 3161/1975/2821 2249/1976/1925 1728/1977/1409 2233/1978/1909
f 3159/1979/2819 2251/1980/1927 1729/1981/1410 2234/1982/1910
f 1709/1938/1390 2837/1983/2502 2243/1956/1919
f 3157/1984/2817 2264/1985/1939 1740/1986/1421 2256/1987/1932
f 3155/1988/2815 2265/1989/1940 1741/1990/1422 2257/1991/1933
f 1724/1957/1405 2839/1992/2504 2268/1993/1943
f 1871/1994/1551 2840/1995/2505 2842/1996/2507
f 3154/1997/2814 2268/1993/1943 1735/1998/1416 2252/1999/1928
f 3152/2000/2812 2269/2001/1944 1736/2002/1417 2253/2003/1929
f 3151/2004/2811 2270/2005/1945 1743/2006/1424 2259/2007/1935
f 3150/2008/2810 2271/2009/1946 1737/2010/1418 2254/2011/1930
f 3149/2012/2809 2272/2013/1947 1744/2014/1425 2260/2015/1936
f 3147/2016/2807 2289/2017/1964 1747/2018/1428 2274/2019/1949
f 3145/2020/2805 2288/2021/1963 1748/2022/1429 2275/2023/1950
f 3144/2024/2804 2290/2025/1965 1755/2026/1436 2283/2027/1958
f 3143/2028/2803 2292/2029/1966 1749/2030/1430 2276/2031/1951
f 3142/2032/2802 2293/2033/1967 1756/2034/1437 2284/2035/1959
f 3141/2036/2801 2294/2037/1968 1750/2038/1431 2277/2039/1952
f 3140/2040/2800 2296/2041/1970 1751/2042/1432 2278/2043/1953
f 3139/2044/2799 2297/2045/1971 1758/2046/1439 2286/2047/1961
f 3138/2048/2798 2298/2049/1972 1752/2050/1433 2279/2051/1954
f 3137/2052/2797 2299/2053/1973 1759/2054/1440 2287/2055/1962
f 3136/2056/2796 2300/2057/1974 1753/2058/1434 2280/2059/1955
f 1735/1998/1416 2841/2060/2506 2289/2017/1964
f 1871/2061/1551 2842/2062/2507 2844/2063/2509
f 3135/2064/2795 2302/2065/1976 1754/2066/1435 2281/2067/1956
f 3133/2068/2793 2319/2069/1993 1771/2070/1452 2314/2071/1988
f 3132/2072/2792 2316/2073/1990 1766/2074/1447 2307/2075/1981
f 3131/2076/2791 2318/2077/1992 1772/2078/1453 2315/2079/1989
f 1747/2018/1428 2843/2080/2508 2323/2081/1997
f 1871/2082/1551 2844/2083/2509 2846/2084/2511
f 3129/2085/2789 2322/2086/1996 1767/2087/1448 2309/2088/1983
f 3128/2089/2788 2323/2081/1997 1761/2090/1442 2303/2091/1977
f 3127/2092/2787 2324/2093/1998 1768/2094/1449 2310/2095/1984
f 3126/2096/2786 2325/2097/1999 1762/2098/1443 2304/2099/1978
f 3124/2100/2784 2327/2101/2001 1763/2102/1444 2305/2103/1979
f 3123/2104/2783 2328/2105/2002 1769/2106/1450 2312/2107/1986
f 3121/2108/2781 2329/2109/2003 1770/2110/1451 2313/2111/1987
f 3120/2112/2780 2342/2113/2016 1782/2114/1463 2337/2115/2011
f 3119/2116/2779 2344/2117/2018 1775/2118/1456 2331/2119/2005
f 3117/2120/2777 2343/2121/2017 1776/2122/1457 2332/2123/2006
f 3116/2124/2776 2345/2125/2019 1784/2126/1465 2339/2127/2013
f 3115/2128/2775 2346/2129/2020 1777/2130/1458 2333/2131/2007
f 3113/2132/2773 2347/2133/2021 1778/2134/1459 2334/2135/2008
f 3112/2136/2772 2348/2137/2022 1786/2138/1466 2340/2139/2014
f 1761/2090/1442 2845/2140/2510 2353/2141/2026
f 3109/2142/2769 2352/2143/2025 1781/2144/1462 2336/2145/2010
f 3108/2146/2768 2353/2141/2026 1774/2147/1455 2330/2148/2004
f 3107/2149/2767 2365/2150/2037 1797/2151/1477 2362/2152/2034
f 3106/2153/2766 2364/2154/2036 1798/2155/1478 2363/2156/2035
f 3105/2157/2765 2366/2158/2038 1792/2159/1472 2358/2160/2030
f 1774/2147/1455 2847/2161/2512 2369/2162/2041
f 3104/2163/2764 2368/2164/2040 1793/2165/1473 2359/2166/2031
f 3103/2167/2763 2369/2162/2041 1788/2168/1468 2354/2169/2027
f 3100/2170/2760 2372/2171/2044 1795/2172/1475 2360/2173/2032
f 3098/2174/2758 2374/2175/2046 1796/2176/1476 2361/2177/2033
f 3097/2178/2757 2375/2179/2047 1790/2180/1470 2356/2181/2029
f 3095/2182/2755 2391/2183/2063 1807/2184/1487 2384/2185/2056
f 3093/2186/2753 2390/2187/2062 1808/2188/1488 2385/2189/2057
f 3090/2190/2053 2394/2191/2066 1805/2192/1485 2381/2193/2053
f 3089/2194/2750 2395/2195/2067 1811/2196/1491 2388/2197/2060
f 1788/2168/1468 2848/2198/2513 2398/2199/2069
f 3087/2200/2748 2399/2201/2070 1806/2202/1486 2383/2203/2055
f 1800/2204/1480 2849/2205/2514 2413/2206/2084
f 3085/2207/2746 2414/2208/2085 1819/2209/1499 2407/2210/2078
f 3084/2211/2745 2415/2212/2086 1813/2213/1493 2400/2214/2071
f 3082/2215/2743 2417/2216/2088 1814/2217/1494 2401/2218/2072
f 3080/2219/2741 2418/2220/2089 1815/2221/1495 2402/2222/2073
f 3079/2223/2740 2419/2224/2090 1821/2225/1501 2409/2226/2080
f 3078/2227/2739 2420/2228/2091 1816/2229/1496 2403/2230/2074
f 3077/2231/2738 2421/2232/2092 1822/2233/1502 2410/2234/2081
f 3076/2235/2737 2435/2236/2103 1826/2237/1506 2423/2238/2094
f 3075/2239/2736 2433/2240/2101 1834/2241/1514 2430/2242/2100
f 3074/2243/2735 2434/2244/2102 1827/2245/1507 2424/2246/2095
f 3072/2247/2733 2437/2248/2105 1828/2249/1508 2425/2250/2096
f 3071/2251/2732 2438/2252/2106 1836/2253/1516 2431/2254/1516
f 3069/2255/2730 2441/2256/2109 1830/2257/1510 2426/2258/1510
f 1812/2259/1492 2850/2260/2515 2442/2261/2110
f 3068/2262/2729 2443/2263/2111 1832/2264/1512 2428/2265/2098
f 3067/2266/2728 2444/2267/2112 1825/2268/1505 2422/2269/2093
f 1824/2270/1504 2851/2271/2516 2457/2272/2124
f 3065/2273/2727 2455/2274/2122 1844/2275/1524 2450/2276/2118
f 3064/2277/2726 2458/2278/2125 1845/2279/1525 2451/2280/2119
f 3063/2281/2725 2459/2282/2126 1838/2283/1518 2445/2284/2113
f 3061/2285/2723 2461/2286/2128 1839/2287/1519 2446/2288/2114
f 3060/2289/2722 2462/2290/2129 1846/2291/1526 2453/2292/2121
f 3059/2293/2721 2463/2294/2130 1840/2295/1520 2447/2296/2115
f 3057/2297/2719 2466/2298/2133 1842/2299/1522 2448/2300/2116
f 3056/2301/2718 2478/2302/2145 1850/2303/1530 2468/2304/2135
f 3055/2305/2717 2477/2306/2144 1851/2307/1531 2469/2308/2136
f 3054/2309/2716 2479/2310/2146 1852/2311/1532 2470/2312/2137
f 3053/2313/2715 2480/2314/2147 1858/2315/1538 2475/2316/2142
f 3052/2317/2714 2481/2318/2148 1853/2319/1533 2471/2320/2138
f 3051/2321/2713 2482/2322/2149 1854/2323/1534 2472/2324/2139
f 3047/2325/2709 2484/2326/2151 1849/2327/1529 2467/2328/2134
f 1848/2329/1528 2853/2330/2518 2498/2331/2165
f 1871/2332/1551 2854/2333/2519 2497/2334/2164
f 3046/2335/2708 2499/2336/2166 1864/2337/1544 2490/2338/2157
f 3043/2339/2705 2500/2340/2167 1866/2341/1546 2492/2342/2159
f 3042/2343/2704 2501/2344/2168 1860/2345/1540 2486/2346/2153
f 3041/2347/2703 2502/2348/2169 1867/2349/1547 2493/2350/2160
f 3038/2351/2700 2504/2352/2171 1861/2353/1541 2488/2354/2155
f 3037/2355/2699 2505/2356/2172 1868/2357/1548 2495/2358/2162
f 3036/2359/2698 2506/2360/2173 1862/2361/1542 2489/2362/2156
f 3035/2363/2697 2507/2364/2174 1869/2365/1549 2496/2366/2163
f 3030/2367/2693 2522/2368/2189 1883/2369/1563 2520/2370/2187
f 3029/2371/2692 2523/2372/2190 1876/2373/1556 2513/2374/2180
f 3028/2375/2691 2524/2376/2191 1884/2377/1564 2521/2378/2188
f 3027/2379/2690 2525/2380/2192 1877/2381/1557 2514/2382/2181
f 1859/2383/1539 2855/2384/2520 2528/2385/2195
f 1871/2386/1551 2497/2387/2164 2857/2388/2522
f 3026/2389/2689 2527/2390/2194 1878/2391/1558 2515/2392/2182
f 3025/2393/2688 2529/2394/2196 1879/2395/1559 2516/2396/2183
f 3024/2397/2687 2530/2398/2197 1873/2399/1553 2510/2400/2177
f 3023/2401/2686 2531/2402/2198 1880/2403/1560 2517/2404/2184
f 3022/2405/2685 2532/2406/2199 1874/2407/1554 2511/2408/2178
f 3021/2409/2684 2533/2410/2200 1881/2411/1561 2518/2412/2185
f 3020/2413/2683 2547/2414/2214 1892/2415/1572 2539/2416/2206
f 3019/2417/2682 2549/2418/2216 1886/2419/1566 2534/2420/2201
f 3018/2421/2681 2546/2422/2213 1893/2423/1573 2540/2424/2207
f 3017/2425/2680 2548/2426/2215 1887/2427/1567 2535/2428/2202
f 3016/2429/2679 2550/2430/2217 1894/2431/1574 2541/2432/2208
f 3015/2433/2678 2551/2434/2218 1888/2435/1568 2536/2436/2203
f 3014/2437/2677 2552/2438/2219 1895/2439/1575 2542/2440/2209
f 3013/2441/2676 2554/2442/2220 1896/2443/1576 2543/2444/2210
f 3012/2445/2675 2555/2446/2221 1889/2447/1569 2537/2448/2204
f 3011/2449/2674 2556/2450/2222 1897/2451/1577 2544/2452/2211
f 3009/2453/2672 2558/2454/2224 1898/2455/1578 2545/2456/2212
f 3008/2457/2671 2559/2458/2225 1891/2459/1571 2538/2460/2205
f 1872/2461/1552 2856/2462/2521 2549/2418/2216
f 1871/2463/1551 2857/2464/2522 2859/2465/2524
f 3007/2466/2670 2574/2467/2240 1910/2468/1590 2570/2469/2236
f 3006/2470/2669 2576/2471/2242 1903/2472/1583 2564/2473/2230
f 3005/2474/2668 2573/2475/2239 1911/2476/1591 2571/2477/2237
f 3004/2478/2667 2575/2479/2241 1904/2480/1584 2565/2481/2231
f 3003/2482/2666 2577/2483/2243 1912/2484/1592 2572/2485/2238
f 1886/2419/1566 2858/2486/2523 2581/2487/2247
f 1871/2488/1551 2859/2489/2524 2861/2490/2526
f 3001/2491/2664 2580/2492/2246 1906/2493/1586 2566/2494/2232
f 3000/2495/2663 2581/2487/2247 1900/2496/1580 2561/2497/2227
f 2999/2498/2662 2582/2499/2248 1907/2500/1587 2567/2501/2233
f 2998/2502/2661 2583/2503/2249 1908/2504/1588 2568/2505/2234
f 2997/2506/2660 2584/2507/2250 1901/2508/1581 2562/2509/2228
f 2996/2510/2659 2585/2511/2251 1909/2512/1589 2569/2513/2235
f 2995/2514/2658 2598/2515/2264 1914/2516/1594 2587/2517/2253
f 2994/2518/2657 2600/2519/2266 1920/2520/1600 2592/2521/2258
f 2993/2522/2656 2597/2523/2263 1915/2524/1595 2588/2525/2254
f 2992/2526/2655 2599/2527/2265 1921/2528/1601 2593/2529/2259
f 2991/2530/2654 2601/2531/2267 1916/2532/1596 2589/2533/2255
f 2989/2534/2652 2603/2535/2269 1917/2536/1597 2590/2537/2256
f 2988/2538/2651 2604/2539/2270 1923/2540/1603 2594/2541/2260
f 2987/2542/2650 2605/2543/2271 1918/2544/1598 2591/2545/2257
f 2986/2546/2649 2606/2547/2272 1924/2548/1604 2595/2549/2261
f 2984/2550/2647 2608/2551/2274 1925/2552/1605 2596/2553/2262
f 1900/2496/1580 2860/2554/2525 2598/2515/2264
f 1871/2555/1551 2861/2556/2526 2863/2557/2528
f 2982/2558/2645 2624/2559/2290 1931/2560/1611 2614/2561/2280
f 2981/2562/2644 2626/2563/2292 1938/2564/1618 2621/2565/2287
f 2980/2566/2643 2625/2567/2291 1939/2568/1619 2622/2569/2288
f 2979/2570/2642 2627/2571/2293 1933/2572/1613 2616/2573/2282
f 1914/2574/1594 2862/2575/2527 2630/2576/2296
f 1871/2577/1551 2863/2578/2528 2865/2579/2530
f 2978/2580/2641 2629/2581/2295 1934/2582/1614 2617/2583/2283
f 2977/2584/2640 2630/2576/2296 1927/2585/1607 2610/2586/2276
f 2976/2587/2639 2631/2588/2297 1935/2589/1615 2618/2590/2284
f 2975/2591/2638 2632/2592/2298 1928/2593/1608 2611/2594/2277
f 2973/2595/2636 2634/2596/2300 1929/2597/1609 2612/2598/2278
f 2971/2599/2634 2636/2600/2302 1930/2601/1610 2613/2602/2279
f 2970/2603/2633 2637/2604/2303 1937/2605/1617 2620/2606/2286
f 2968/2607/2631 2652/2608/2318 1942/2609/1622 2639/2610/2305
f 2967/2611/2630 2651/2612/2317 1943/2613/1623 2640/2614/2306
f 2965/2615/2628 2653/2616/2319 1944/2617/1624 2641/2618/2307
f 2964/2619/2627 2654/2620/2320 1952/2621/1632 2648/2622/2314
f 2963/2623/2626 2655/2624/2321 1945/2625/1625 2642/2626/2308
f 2962/2627/2625 2656/2628/2322 1953/2629/1633 2649/2630/2315
f 2961/2631/2624 2657/2632/2323 1946/2633/1626 2643/2634/2309
f 2959/2635/2622 2659/2636/2325 1947/2637/1627 2644/2638/2310
f 1927/2585/1607 2864/2639/2529 2661/2640/2327
f 1871/2641/1551 2865/2642/2530 2867/2643/2532
f 2958/2644/2621 2661/2640/2327 1941/2645/1621 2638/2646/2304
f 2957/2647/2620 2677/2648/2343 1967/2649/1647 2674/2650/2340
f 2956/2651/2619 2679/2652/2345 1960/2653/1640 2667/2654/2333
f 2955/2655/2618 2678/2656/2344 1961/2657/1641 2668/2658/2334
f 1941/2645/1621 2866/2659/2531 2681/2660/2347
f 1871/2661/1551 2867/2662/2532 2869/2663/2534
f 2954/2664/2617 2680/2665/2346 1962/2666/1642 2669/2667/2335
f 2953/2668/2616 2681/2660/2347 1955/2669/1635 2662/2670/2328
f 2952/2671/2615 2682/2672/2348 1963/2673/1643 2670/2674/2336
f 2951/2675/2614 2683/2676/2349 1956/2677/1636 2663/2678/2329
f 2950/2679/2613 2684/2680/2350 1964/2681/1644 2671/2682/2337
f 2949/2683/2612 2685/2684/2351 1957/2685/1637 2664/2686/2330
f 2948/2687/2611 2686/2688/2352 1965/2689/1645 2672/2690/2338
f 2947/2691/2610 2687/2692/2353 1958/2693/1638 2665/2694/2331
f 2946/2695/2609 2688/2696/2354 1966/2697/1646 2673/2698/2339
f 2945/2699/2608 2703/2700/2369 1971/2701/1651 2692/2702/2358
f 2943/2703/2606 2702/2704/2368 1972/2705/1652 2693/2706/2359
f 2942/2707/2605 2704/2708/2370 1978/2709/1658 2699/2710/2365
f 2940/2711/2603 2706/2712/2372 1979/2713/1659 2700/2714/2366
f 2939/2715/2602 2707/2716/2373 1973/2717/1653 2695/2718/2361
f 2938/2719/2601 2708/2720/2374 1980/2721/1660 2701/2722/2367
f 2937/2723/2600 2709/2724/2375 1974/2725/1654 2696/2726/2362
f 1955/2669/1635 2868/2727/2533 2711/2728/2377
f 1871/2729/1551 2869/2730/2534 2871/2731/2536
f 2936/2732/2599 2711/2728/2377 1969/2733/1649 2690/2734/2356
f 2935/2735/2598 2712/2736/2378 1976/2737/1656 2697/2738/2363
f 2934/2739/2597 2713/2740/2379 1970/2741/1650 2691/2742/2357
f 2933/2743/2596 2728/2744/2394 1993/2745/1673 2726/2746/2392
f 1969/2733/1649 2870/2747/2535 2731/2748/2397
f 1871/2749/1551 2871/2750/2536 2873/2751/2538
f 2931/2752/2594 2729/2753/2395 1987/2754/1667 2720/2755/2386
f 2930/2756/2593 2731/2748/2397 1981/2757/1661 2714/2758/2380
f 2929/2759/2592 2732/2760/2398 1988/2761/1668 2721/2762/2387
f 2928/2763/2591 2733/2764/2399 1982/2765/1662 2715/2766/2381
f 2927/2767/2590 2734/2768/2400 1989/2769/1669 2722/2770/2388
f 2926/2771/2589 2735/2772/2401 1983/2773/1663 2716/2774/2382
f 2925/2775/2588 2736/2776/2402 1990/2777/1670 2723/2778/2389
f 2923/2779/2586 2738/2780/2404 1991/2781/1671 2724/2782/2390
f 2922/2783/2585 2739/2784/2405 1985/2785/1665 2717/2786/2383
f 2921/2787/2584 2740/2788/2406 1992/2789/1672 2725/2790/2391
f 2920/2791/2583 2741/2792/2407 1986/2793/1666 2718/2794/2384
f 2919/2795/2582 2756/2796/2422 1997/2797/1677 2744/2798/2410
f 2918/2799/2581 2758/2800/2424 2004/2801/1684 2752/2802/2418
f 2917/2803/2580 2755/2804/2421 1998/2805/1678 2745/2806/2411
f 2915/2807/2578 2759/2808/2425 1999/2809/1679 2746/2810/2412
f 2914/2811/2577 2760/2812/2426 2006/2813/1686 2753/2814/2419
f 2913/2815/2576 2762/2816/2428 2007/2817/1687 2754/2818/2420
f 1981/2757/1661 2872/2819/2537 2765/2820/2431
f 1871/2821/1551 2873/2822/2538 2875/2823/2540
f 2911/2824/2574 2764/2825/2430 2001/2826/1681 2749/2827/2415
f 2910/2828/2573 2765/2820/2431 1995/2829/1675 2742/2830/2408
f 2909/2831/2572 2766/2832/2432 2002/2833/1682 2750/2834/2416
f 2908/2835/2571 2767/2836/2433 1996/2837/1676 2743/2838/2409
f 2907/2839/2570 2768/2840/2434 2003/2841/1683 2751/2842/2417
f 1995/2829/1675 2874/2843/2539 2782/2844/2447
f 1871/2845/1551 2875/2846/2540 2877/2847/2542
f 2905/2848/2569 2782/2844/2447 2009/2849/1689 2769/2850/2435
f 2904/2851/2568 2784/2852/2449 2016/2853/1695 2774/2854/2440
f 2903/2855/2567 2785/2856/2450 2010/2857/1690 2770/2858/2436
f 2900/2859/2564 2788/2860/2453 2011/2861/1691 2772/2862/2438
f 2899/2863/2563 2791/2864/2456 2020/2865/1699 2778/2866/2444
f 2898/2867/2562 2792/2868/2457 2013/2869/1693 2773/2870/2439
f 2897/2871/2561 2793/2872/2458 2021/2873/1700 2779/2874/2445
f 2895/2875/2559 2799/2876/2464 2025/2877/1704 2810/2878/2475
f 2894/2879/2558 2798/2880/2463 2027/2881/1706 2795/2882/2460
f 2893/2883/2557 2879/2884/2544 1611/2885/1293 2811/2886/2476
f 2892/2887/2556 2800/2888/2465 2028/2889/1707 2796/2890/2461
f 2009/2849/1689 2876/2891/2541 2804/2892/2469
f 1871/2893/1551 2877/2894/2542 2814/2895/2479
f 2888/2896/2553 2880/2897/2545 1613/2898/1295 2031/2899/1710
f 2887/2900/2552 2804/2892/2469 2023/1639/1702 2794/2901/2459
f 2886/2902/2551 2881/2903/2546 1614/2904/1296 2812/2905/2477
f 2885/2906/2550 2805/2907/2470 2024/2908/1703 2808/2909/2473
f 2884/2910/2549 2806/2911/2471 2026/2912/1705 2813/2913/2478
f 2883/2914/2548 2882/2915/2547 1610/2916/1292 2809/2917/2474
f 2799/2876/2464 2883/2914/2548 2809/2917/2474 2025/2877/1704
f 2011/2861/1691 2771/2918/2437 2883/2914/2548 2799/2876/2464
f 2018/2919/1697 2775/2920/2441 2884/2910/2549 2878/2921/2543
f 2775/2920/2441 2017/2922/1696 2806/2911/2471 2884/2910/2549
f 2882/2915/2547 2885/2906/2550 2808/2909/2473 1610/2916/1292
f 2770/2858/2436 2010/2857/1690 2805/2907/2470 2885/2906/2550
f 2806/2911/2471 2886/2902/2551 2812/2905/2477 2026/2912/1705
f 2017/2922/1696 2774/2854/2440 2886/2902/2551 2806/2911/2471
f 2774/2854/2440 2016/2853/1695 2881/2903/2546 2886/2902/2551
f 2805/2907/2470 2887/2900/2552 2794/2901/2459 2024/2908/1703
f 2010/2857/1690 2769/2850/2435 2887/2900/2552 2805/2907/2470
f 2769/2850/2435 2009/2849/1689 2804/2892/2469 2887/2900/2552
f 2881/2903/2546 2888/2896/2553 2031/2899/1710 1614/2904/1296
f 2814/2895/2479 2803/2923/2468 2029/2924/1708
f 2814/2895/2479 2877/2894/2542 2803/2923/2468
f 2877/2894/2542 2022/2925/1701 2803/2923/2468
f 2804/2892/2469 2807/2926/2472 2023/1639/1702
f 2804/2892/2469 2876/2891/2541 2807/2926/2472
f 2876/2891/2541 1678/2927/1359 2807/2926/2472
f 2880/2897/2545 2889/2928/2554 2030/2929/1709 1613/2898/1295
f 2803/2923/2468 2890/2930/2555 2797/2931/2462 2029/2924/1708
f 2022/2925/1701 2779/2874/2445 2890/2930/2555 2803/2923/2468
f 2779/2874/2445 2021/2873/1700 2802/2932/2467 2890/2930/2555
f 2773/2870/2439 2013/2869/1693 2801/2933/2466 2891/2934/2466
f 2021/2873/1700 2778/2866/2444 2892/2887/2556 2802/2932/2467
f 2778/2866/2444 2020/2865/1699 2800/2888/2465 2892/2887/2556
f 2800/2888/2465 2894/2879/2558 2795/2882/2460 2028/2889/1707
f 2020/2865/1699 2777/2935/2443 2894/2879/2558 2800/2888/2465
f 2777/2935/2443 2019/2936/1698 2798/2880/2463 2894/2879/2558
f 2879/2884/2544 2895/2875/2559 2810/2878/2475 1611/2885/1293
f 2012/2937/1692 2772/2862/2438 2895/2875/2559 2879/2884/2544
f 2772/2862/2438 2011/2861/1691 2799/2876/2464 2895/2875/2559
f 2019/2936/1698 2776/2938/2442 2896/2939/2560 2798/2880/2463
f 2776/2938/2442 2018/2919/1697 2878/2921/2543 2896/2939/2560
f 2783/2940/2448 2897/2871/2561 2779/2874/2445 2022/2925/1701
f 2008/2941/1688 2754/2818/2420 2897/2871/2561 2783/2940/2448
f 2754/2818/2420 2007/2817/1687 2793/2872/2458 2897/2871/2561
f 2781/2942/1694 2898/2867/2562 2773/2870/2439 2014/2943/1694
f 2747/2944/2413 2000/2945/1680 2792/2868/2457 2898/2867/2562
f 2793/2872/2458 2899/2863/2563 2778/2866/2444 2021/2873/1700
f 2007/2817/1687 2753/2814/2419 2899/2863/2563 2793/2872/2458
f 2753/2814/2419 2006/2813/1686 2791/2864/2456 2899/2863/2563
f 2790/2946/2455 2900/2859/2564 2772/2862/2438 2012/2937/1692
f 1999/2809/1679 2745/2806/2411 2900/2859/2564 2790/2946/2455
f 2745/2806/2411 1998/2805/1678 2788/2860/2453 2900/2859/2564
f 2789/2947/2454 2901/2948/2565 2776/2938/2442 2019/2936/1698
f 2005/2949/1685 2752/2802/2418 2901/2948/2565 2789/2947/2454
f 2788/2860/2453 2902/2950/2566 2771/2918/2437 2011/2861/1691
f 1998/2805/1678 2744/2798/2410 2902/2950/2566 2788/2860/2453
f 2744/2798/2410 1997/2797/1677 2787/2951/2452 2902/2950/2566
f 1997/2797/1677 2743/2838/2409 2903/2855/2567 2787/2951/2452
f 2743/2838/2409 1996/2837/1676 2785/2856/2450 2903/2855/2567
f 2786/2952/2451 2904/2851/2568 2774/2854/2440 2017/2922/1696
f 2003/2841/1683 2750/2834/2416 2904/2851/2568 2786/2952/2451
f 2750/2834/2416 2002/2833/1682 2784/2852/2449 2904/2851/2568
f 2785/2856/2450 2905/2848/2569 2769/2850/2435 2010/2857/1690
f 1996/2837/1676 2742/2830/2408 2905/2848/2569 2785/2856/2450
f 2742/2830/2408 1995/2829/1675 2782/2844/2447 2905/2848/2569
f 2877/2847/2542 2783/2940/2448 2022/2925/1701
f 2877/2847/2542 2875/2846/2540 2783/2940/2448
f 2875/2846/2540 2008/2941/1688 2783/2940/2448
f 2782/2844/2447 2876/2953/2541 2009/2849/1689
f 2782/2844/2447 2874/2843/2539 2876/2953/2541
f 2874/2843/2539 1678/2954/1359 2876/2953/2541
f 2001/2826/1681 2748/2955/2414 2906/2956/2446 2780/2957/2446
f 2758/2800/2424 2907/2839/2570 2751/2842/2417 2004/2801/1684
f 1990/2777/1670 2722/2770/2388 2907/2839/2570 2758/2800/2424
f 2722/2770/2388 1989/2769/1669 2768/2840/2434 2907/2839/2570
f 2756/2796/2422 2908/2835/2571 2743/2838/2409 1997/2797/1677
f 1983/2773/1663 2715/2766/2381 2908/2835/2571 2756/2796/2422
f 2715/2766/2381 1982/2765/1662 2767/2836/2433 2908/2835/2571
f 2768/2840/2434 2909/2831/2572 2750/2834/2416 2003/2841/1683
f 1989/2769/1669 2721/2762/2387 2909/2831/2572 2768/2840/2434
f 2721/2762/2387 1988/2761/1668 2766/2832/2432 2909/2831/2572
f 2767/2836/2433 2910/2828/2573 2742/2830/2408 1996/2837/1676
f 1982/2765/1662 2714/2758/2380 2910/2828/2573 2767/2836/2433
f 2714/2758/2380 1981/2757/1661 2765/2820/2431 2910/2828/2573
f 2766/2832/2432 2911/2824/2574 2749/2827/2415 2002/2833/1682
f 1988/2761/1668 2720/2755/2386 2911/2824/2574 2766/2832/2432
f 2720/2755/2386 1987/2754/1667 2764/2825/2430 2911/2824/2574
f 2875/2823/2540 2763/2958/2429 2008/2941/1688
f 2875/2823/2540 2873/2822/2538 2763/2958/2429
f 2873/2822/2538 1994/2959/1674 2763/2958/2429
f 2765/2820/2431 2874/2960/2539 1995/2829/1675
f 2765/2820/2431 2872/2819/2537 2874/2960/2539
f 2872/2819/2537 1678/2961/1359 2874/2960/2539
f 2764/2825/2430 2912/2962/2575 2748/2955/2414 2001/2826/1681
f 1987/2754/1667 2719/2963/2385 2912/2962/2575 2764/2825/2430
f 2763/2958/2429 2913/2815/2576 2754/2818/2420 2008/2941/1688
f 1994/2959/1674 2726/2746/2392 2913/2815/2576 2763/2958/2429
f 2726/2746/2392 1993/2745/1673 2762/2816/2428 2913/2815/2576
f 2762/2816/2428 2914/2811/2577 2753/2814/2419 2007/2817/1687
f 1993/2745/1673 2725/2790/2391 2914/2811/2577 2762/2816/2428
f 2725/2790/2391 1992/2789/1672 2760/2812/2426 2914/2811/2577
f 2761/2964/2427 2915/2807/2578 2746/2810/2412 2000/2945/1680
f 1986/2793/1666 2717/2786/2383 2915/2807/2578 2761/2964/2427
f 2717/2786/2383 1985/2785/1665 2759/2808/2425 2915/2807/2578
f 1992/2789/1672 2724/2782/2390 2916/2965/2579 2760/2812/2426
f 2724/2782/2390 1991/2781/1671 2757/2966/2423 2916/2965/2579
f 2759/2808/2425 2917/2803/2580 2745/2806/2411 1999/2809/1679
f 2757/2966/2423 2918/2799/2581 2752/2802/2418 2005/2949/1685
f 1991/2781/1671 2723/2778/2389 2918/2799/2581 2757/2966/2423
f 2723/2778/2389 1990/2777/1670 2758/2800/2424 2918/2799/2581
f 2755/2804/2421 2919/2795/2582 2744/2798/2410 1998/2805/1678
f 1984/2967/1664 2716/2774/2382 2919/2795/2582 2755/2804/2421
f 2716/2774/2382 1983/2773/1663 2756/2796/2422 2919/2795/2582
f 1974/2725/1654 2695/2718/2361 2920/2791/2583 2730/2968/2396
f 2695/2718/2361 1973/2717/1653 2741/2792/2407 2920/2791/2583
f 2728/2744/2394 2921/2787/2584 2725/2790/2391 1993/2745/1673
f 1980/2721/1660 2700/2714/2366 2921/2787/2584 2728/2744/2394
f 2700/2714/2366 1979/2713/1659 2740/2788/2406 2921/2787/2584
f 2741/2792/2407 2922/2783/2585 2717/2786/2383 1986/2793/1666
f 1973/2717/1653 2694/2969/2360 2922/2783/2585 2741/2792/2407
f 2740/2788/2406 2923/2779/2586 2724/2782/2390 1992/2789/1672
f 1979/2713/1659 2699/2710/2365 2923/2779/2586 2740/2788/2406
f 2699/2710/2365 1978/2709/1658 2738/2780/2404 2923/2779/2586
f 2693/2706/2359 1972/2705/1652 2737/2970/2403 2924/2971/2587
f 2738/2780/2404 2925/2775/2588 2723/2778/2389 1991/2781/1671
f 1978/2709/1658 2698/2972/2364 2925/2775/2588 2738/2780/2404
f 2698/2972/2364 1977/2973/1657 2736/2776/2402 2925/2775/2588
f 2737/2970/2403 2926/2771/2589 2716/2774/2382 1984/2967/1664
f 1972/2705/1652 2692/2702/2358 2926/2771/2589 2737/2970/2403
f 2692/2702/2358 1971/2701/1651 2735/2772/2401 2926/2771/2589
f 2736/2776/2402 2927/2767/2590 2722/2770/2388 1990/2777/1670
f 2735/2772/2401 2928/2763/2591 2715/2766/2381 1983/2773/1663
f 1971/2701/1651 2691/2742/2357 2928/2763/2591 2735/2772/2401
f 2691/2742/2357 1970/2741/1650 2733/2764/2399 2928/2763/2591
f 2734/2768/2400 2929/2759/2592 2721/2762/2387 1989/2769/1669
f 2697/2738/2363 1976/2737/1656 2732/2760/2398 2929/2759/2592
f 2733/2764/2399 2930/2756/2593 2714/2758/2380 1982/2765/1662
f 1970/2741/1650 2690/2734/2356 2930/2756/2593 2733/2764/2399
f 2690/2734/2356 1969/2733/1649 2731/2748/2397 2930/2756/2593
f 2732/2760/2398 2931/2752/2594 2720/2755/2386 1988/2761/1668
f 2873/2751/2538 2727/2974/2393 1994/2959/1674
f 2873/2751/2538 2871/2750/2536 2727/2974/2393
f 2731/2748/2397 2872/2975/2537 1981/2757/1661
f 2731/2748/2397 2870/2747/2535 2872/2975/2537
f 2870/2747/2535 1678/2976/1359 2872/2975/2537
f 2729/2753/2395 2932/2977/2595 2719/2963/2385 1987/2754/1667
f 1975/2978/1655 2696/2726/2362 2932/2977/2595 2729/2753/2395
f 2696/2726/2362 1974/2725/1654 2730/2968/2396 2932/2977/2595
f 2727/2974/2393 2933/2743/2596 2726/2746/2392 1994/2959/1674
f 2701/2722/2367 1980/2721/1660 2728/2744/2394 2933/2743/2596
f 2703/2700/2369 2934/2739/2597 2691/2742/2357 1971/2701/1651
f 1957/2685/1637 2663/2678/2329 2934/2739/2597 2703/2700/2369
f 2663/2678/2329 1956/2677/1636 2713/2740/2379 2934/2739/2597
f 2670/2674/2336 1963/2673/1643 2712/2736/2378 2935/2735/2598
f 2713/2740/2379 2936/2732/2599 2690/2734/2356 1970/2741/1650
f 1956/2677/1636 2662/2670/2328 2936/2732/2599 2713/2740/2379
f 2662/2670/2328 1955/2669/1635 2711/2728/2377 2936/2732/2599
f 2711/2728/2377 2870/2979/2535 1969/2733/1649
f 2711/2728/2377 2868/2727/2533 2870/2979/2535
f 2868/2727/2533 1678/2980/1359 2870/2979/2535
f 2710/2981/2376 2937/2723/2600 2696/2726/2362 1975/2978/1655
f 1962/2666/1642 2668/2658/2334 2937/2723/2600 2710/2981/2376
f 2668/2658/2334 1961/2657/1641 2709/2724/2375 2937/2723/2600
f 2675/2982/2341 1968/2983/1648 2708/2720/2374 2938/2719/2601
f 2709/2724/2375 2939/2715/2602 2695/2718/2361 1974/2725/1654
f 1961/2657/1641 2667/2654/2333 2939/2715/2602 2709/2724/2375
f 2667/2654/2333 1960/2653/1640 2707/2716/2373 2939/2715/2602
f 2708/2720/2374 2940/2711/2603 2700/2714/2366 1980/2721/1660
f 1968/2983/1648 2674/2650/2340 2940/2711/2603 2708/2720/2374
f 2674/2650/2340 1967/2649/1647 2706/2712/2372 2940/2711/2603
f 2707/2716/2373 2941/2984/2604 2694/2969/2360 1973/2717/1653
f 1960/2653/1640 2666/2985/2332 2941/2984/2604 2707/2716/2373
f 2666/2985/2332 1959/2986/1639 2705/2987/2371 2941/2984/2604
f 2706/2712/2372 2942/2707/2605 2699/2710/2365 1979/2713/1659
f 1967/2649/1647 2673/2698/2339 2942/2707/2605 2706/2712/2372
f 2673/2698/2339 1966/2697/1646 2704/2708/2370 2942/2707/2605
f 1959/2986/1639 2665/2694/2331 2943/2703/2606 2705/2987/2371
f 2665/2694/2331 1958/2693/1638 2702/2704/2368 2943/2703/2606
f 2704/2708/2370 2944/2988/2607 2698/2972/2364 1978/2709/1658
f 1966/2697/1646 2672/2690/2338 2944/2988/2607 2704/2708/2370
f 2702/2704/2368 2945/2699/2608 2692/2702/2358 1972/2705/1652
f 1958/2693/1638 2664/2686/2330 2945/2699/2608 2702/2704/2368
f 2664/2686/2330 1957/2685/1637 2703/2700/2369 2945/2699/2608
f 2677/2648/2343 2946/2695/2609 2673/2698/2339 1967/2649/1647
f 1953/2629/1633 2648/2622/2314 2946/2695/2609 2677/2648/2343
f 2648/2622/2314 1952/2621/1632 2688/2696/2354 2946/2695/2609
f 2689/2989/2355 2947/2691/2610 2665/2694/2331 1959/2986/1639
f 1945/2625/1625 2641/2618/2307 2947/2691/2610 2689/2989/2355
f 2641/2618/2307 1944/2617/1624 2687/2692/2353 2947/2691/2610
f 2688/2696/2354 2948/2687/2611 2672/2690/2338 1966/2697/1646
f 1952/2621/1632 2647/2990/2313 2948/2687/2611 2688/2696/2354
f 2647/2990/2313 1951/2991/1631 2686/2688/2352 2948/2687/2611
f 2687/2692/2353 2949/2683/2612 2664/2686/2330 1958/2693/1638
f 1944/2617/1624 2640/2614/2306 2949/2683/2612 2687/2692/2353
f 2640/2614/2306 1943/2613/1623 2685/2684/2351 2949/2683/2612
f 2686/2688/2352 2950/2679/2613 2671/2682/2337 1965/2689/1645
f 1951/2991/1631 2646/2992/2312 2950/2679/2613 2686/2688/2352
f 2646/2992/2312 1950/2993/1630 2684/2680/2350 2950/2679/2613
f 2685/2684/2351 2951/2675/2614 2663/2678/2329 1957/2685/1637
f 1943/2613/1623 2639/2610/2305 2951/2675/2614 2685/2684/2351
f 2639/2610/2305 1942/2609/1622 2683/2676/2349 2951/2675/2614
f 2684/2680/2350 2952/2671/2615 2670/2674/2336 1964/2681/1644
f 1950/2993/1630 2645/2994/2311 2952/2671/2615 2684/2680/2350
f 2645/2994/2311 1949/2995/1629 2682/2672/2348 2952/2671/2615
f 2683/2676/2349 2953/2668/2616 2662/2670/2328 1956/2677/1636
f 1942/2609/1622 2638/2646/2304 2953/2668/2616 2683/2676/2349
f 2638/2646/2304 1941/2645/1621 2681/2660/2347 2953/2668/2616
f 2682/2672/2348 2954/2664/2617 2669/2667/2335 1963/2673/1643
f 2681/2660/2347 2868/2996/2533 1955/2669/1635
f 2681/2660/2347 2866/2659/2531 2868/2996/2533
f 2866/2659/2531 1678/2997/1359 2868/2996/2533
f 2680/2665/2346 2955/2655/2618 2668/2658/2334 1962/2666/1642
f 1948/2998/1628 2644/2638/2310 2955/2655/2618 2680/2665/2346
f 2644/2638/2310 1947/2637/1627 2678/2656/2344 2955/2655/2618
f 2678/2656/2344 2956/2651/2619 2667/2654/2333 1961/2657/1641
f 1947/2637/1627 2643/2634/2309 2956/2651/2619 2678/2656/2344
f 2643/2634/2309 1946/2633/1626 2679/2652/2345 2956/2651/2619
f 2676/2999/2342 2957/2647/2620 2674/2650/2340 1968/2983/1648
f 1954/3000/1634 2649/2630/2315 2957/2647/2620 2676/2999/2342
f 2649/2630/2315 1953/2629/1633 2677/2648/2343 2957/2647/2620
f 2652/2608/2318 2958/2644/2621 2638/2646/2304 1942/2609/1622
f 1928/2593/1608 2610/2586/2276 2958/2644/2621 2652/2608/2318
f 2610/2586/2276 1927/2585/1607 2661/2640/2327 2958/2644/2621
f 2661/2640/2327 2866/3001/2531 1941/2645/1621
f 2661/2640/2327 2864/2639/2529 2866/3001/2531
f 2864/2639/2529 1678/3002/1359 2866/3001/2531
f 2660/3003/2326 2959/2635/2622 2644/2638/2310 1948/2998/1628
f 1934/2582/1614 2616/2573/2282 2959/2635/2622 2660/3003/2326
f 2616/2573/2282 1933/2572/1613 2659/2636/2325 2959/2635/2622
f 2622/2569/2288 1939/2568/1619 2658/3004/2324 2960/3005/2623
f 2659/2636/2325 2961/2631/2624 2643/2634/2309 1947/2637/1627
f 1933/2572/1613 2615/3006/2281 2961/2631/2624 2659/2636/2325
f 2615/3006/2281 1932/3007/1612 2657/2632/2323 2961/2631/2624
f 2658/3004/2324 2962/2627/2625 2649/2630/2315 1954/3000/1634
f 1939/2568/1619 2621/2565/2287 2962/2627/2625 2658/3004/2324
f 2621/2565/2287 1938/2564/1618 2656/2628/2322 2962/2627/2625
f 2657/2632/2323 2963/2623/2626 2642/2626/2308 1946/2633/1626
f 1932/3007/1612 2614/2561/2280 2963/2623/2626 2657/2632/2323
f 2614/2561/2280 1931/2560/1611 2655/2624/2321 2963/2623/2626
f 2656/2628/2322 2964/2619/2627 2648/2622/2314 1953/2629/1633
f 1938/2564/1618 2620/2606/2286 2964/2619/2627 2656/2628/2322
f 2620/2606/2286 1937/2605/1617 2654/2620/2320 2964/2619/2627
f 2655/2624/2321 2965/2615/2628 2641/2618/2307 1945/2625/1625
f 1931/2560/1611 2613/2602/2279 2965/2615/2628 2655/2624/2321
f 2613/2602/2279 1930/2601/1610 2653/2616/2319 2965/2615/2628
f 2654/2620/2320 2966/3008/2629 2647/2990/2313 1952/2621/1632
f 1937/2605/1617 2619/3009/2285 2966/3008/2629 2654/2620/2320
f 2653/2616/2319 2967/2611/2630 2640/2614/2306 1944/2617/1624
f 1930/2601/1610 2612/2598/2278 2967/2611/2630 2653/2616/2319
f 2612/2598/2278 1929/2597/1609 2651/2612/2317 2967/2611/2630
f 2651/2612/2317 2968/2607/2631 2639/2610/2305 1943/2613/1623
f 1929/2597/1609 2611/2594/2277 2968/2607/2631 2651/2612/2317
f 2611/2594/2277 1928/2593/1608 2652/2608/2318 2968/2607/2631
f 2650/3010/2316 2969/3011/2632 2645/2994/2311 1950/2993/1630
f 1936/3012/1616 2618/2590/2284 2969/3011/2632 2650/3010/2316
f 2626/2563/2292 2970/2603/2633 2620/2606/2286 1938/2564/1618
f 1924/3013/1604 2594/3014/2260 2970/2603/2633 2626/2563/2292
f 2594/3014/2260 1923/3015/1603 2637/2604/2303 2970/2603/2633
f 2624/2559/2290 2971/2599/2634 2613/2602/2279 1931/2560/1611
f 1918/3016/1598 2590/3017/2256 2971/2599/2634 2624/2559/2290
f 2590/3017/2256 1917/3018/1597 2636/2600/2302 2971/2599/2634
f 2637/2604/2303 2972/3019/2635 2619/3009/2285 1937/2605/1617
f 2636/2600/2302 2973/2595/2636 2612/2598/2278 1930/2601/1610
f 1917/3018/1597 2589/3020/2255 2973/2595/2636 2636/2600/2302
f 2589/3020/2255 1916/3021/1596 2634/2596/2300 2973/2595/2636
f 1922/3022/1602 2593/3023/2259 2974/3024/2637 2635/3025/2301
f 2593/3023/2259 1921/3026/1601 2633/3027/2299 2974/3024/2637
f 2634/2596/2300 2975/2591/2638 2611/2594/2277 1929/2597/1609
f 1916/3021/1596 2588/3028/2254 2975/2591/2638 2634/2596/2300
f 2588/3028/2254 1915/3029/1595 2632/2592/2298 2975/2591/2638
f 2633/3027/2299 2976/2587/2639 2618/2590/2284 1936/3012/1616
f 1921/3026/1601 2592/3030/2258 2976/2587/2639 2633/3027/2299
f 2592/3030/2258 1920/3031/1600 2631/2588/2297 2976/2587/2639
f 2632/2592/2298 2977/2584/2640 2610/2586/2276 1928/2593/1608
f 1915/3029/1595 2587/3032/2253 2977/2584/2640 2632/2592/2298
f 2587/3032/2253 1914/2574/1594 2630/2576/2296 2977/2584/2640
f 2631/2588/2297 2978/2580/2641 2617/2583/2283 1935/2589/1615
f 2865/2579/2530 2628/3033/2294 1940/3034/1620
f 2865/2579/2530 2863/2578/2528 2628/3033/2294
f 2863/2578/2528 1926/3035/1606 2628/3033/2294
f 2630/2576/2296 2864/3036/2529 1927/2585/1607
f 2630/2576/2296 2862/2575/2527 2864/3036/2529
f 2862/2575/2527 1678/3037/1359 2864/3036/2529
f 2629/2581/2295 2979/2570/2642 2616/2573/2282 1934/2582/1614
f 2628/3033/2294 2980/2566/2643 2622/2569/2288 1940/3034/1620
f 1926/3035/1606 2596/3038/2262 2980/2566/2643 2628/3033/2294
f 2596/3038/2262 1925/3039/1605 2625/2567/2291 2980/2566/2643
f 2625/2567/2291 2981/2562/2644 2621/2565/2287 1939/2568/1619
f 1925/3039/1605 2595/3040/2261 2981/2562/2644 2625/2567/2291
f 2595/3040/2261 1924/3013/1604 2626/2563/2292 2981/2562/2644
f 2623/3041/2289 2982/2558/2645 2614/2561/2280 1932/3007/1612
f 1919/3042/1599 2591/3043/2257 2982/2558/2645 2623/3041/2289
f 2591/3043/2257 1918/3016/1598 2624/2559/2290 2982/2558/2645
f 1907/2500/1587 2566/2494/2232 2983/3044/2646 2600/2519/2266
f 2863/2557/2528 2609/3045/2275 1926/3046/1606
f 2863/2557/2528 2861/2556/2526 2609/3045/2275
f 2861/2556/2526 1913/3047/1593 2609/3045/2275
f 2598/2515/2264 2862/3048/2527 1914/2516/1594
f 2598/2515/2264 2860/2554/2525 2862/3048/2527
f 2860/2554/2525 1678/3049/1359 2862/3048/2527
f 2609/3045/2275 2984/2550/2647 2596/2553/2262 1926/3046/1606
f 1913/3047/1593 2572/2485/2238 2984/2550/2647 2609/3045/2275
f 2572/2485/2238 1912/2484/1592 2608/2551/2274 2984/2550/2647
f 2565/2481/2231 1904/2480/1584 2607/3050/2273 2985/3051/2648
f 2608/2551/2274 2986/2546/2649 2595/2549/2261 1925/2552/1605
f 1912/2484/1592 2571/2477/2237 2986/2546/2649 2608/2551/2274
f 2571/2477/2237 1911/2476/1591 2606/2547/2272 2986/2546/2649
f 2607/3050/2273 2987/2542/2650 2591/2545/2257 1919/3052/1599
f 1904/2480/1584 2564/2473/2230 2987/2542/2650 2607/3050/2273
f 2564/2473/2230 1903/2472/1583 2605/2543/2271 2987/2542/2650
f 2606/2547/2272 2988/2538/2651 2594/2541/2260 1924/2548/1604
f 1911/2476/1591 2570/2469/2236 2988/2538/2651 2606/2547/2272
f 2570/2469/2236 1910/2468/1590 2604/2539/2270 2988/2538/2651
f 2605/2543/2271 2989/2534/2652 2590/2537/2256 1918/2544/1598
f 1903/2472/1583 2563/3053/2229 2989/2534/2652 2605/2543/2271
f 2563/3053/2229 1902/3054/1582 2603/2535/2269 2989/2534/2652
f 1910/2468/1590 2569/2513/2235 2990/3055/2653 2604/2539/2270
f 2569/2513/2235 1909/2512/1589 2602/3056/2268 2990/3055/2653
f 2603/2535/2269 2991/2530/2654 2589/2533/2255 1917/2536/1597
f 1902/3054/1582 2562/2509/2228 2991/2530/2654 2603/2535/2269
f 2562/2509/2228 1901/2508/1581 2601/2531/2267 2991/2530/2654
f 2602/3056/2268 2992/2526/2655 2593/2529/2259 1922/3057/1602
f 1909/2512/1589 2568/2505/2234 2992/2526/2655 2602/3056/2268
f 2568/2505/2234 1908/2504/1588 2599/2527/2265 2992/2526/2655
f 2601/2531/2267 2993/2522/2656 2588/2525/2254 1916/2532/1596
f 2599/2527/2265 2994/2518/2657 2592/2521/2258 1921/2528/1601
f 1908/2504/1588 2567/2501/2233 2994/2518/2657 2599/2527/2265
f 2567/2501/2233 1907/2500/1587 2600/2519/2266 2994/2518/2657
f 2597/2523/2263 2995/2514/2658 2587/2517/2253 1915/2524/1595
f 2561/2497/2227 1900/2496/1580 2598/2515/2264 2995/2514/2658
f 2574/2467/2240 2996/2510/2659 2569/2513/2235 1910/2468/1590
f 1896/2443/1576 2542/2440/2209 2996/2510/2659 2574/2467/2240
f 2542/2440/2209 1895/2439/1575 2585/2511/2251 2996/2510/2659
f 2586/3058/2252 2997/2506/2660 2562/2509/2228 1902/3054/1582
f 2536/2436/2203 1888/2435/1568 2584/2507/2250 2997/2506/2660
f 2585/2511/2251 2998/2502/2661 2568/2505/2234 1909/2512/1589
f 1895/2439/1575 2541/2432/2208 2998/2502/2661 2585/2511/2251
f 2541/2432/2208 1894/2431/1574 2583/2503/2249 2998/2502/2661
f 2583/2503/2249 2999/2498/2662 2567/2501/2233 1908/2504/1588
f 1894/2431/1574 2540/2424/2207 2999/2498/2662 2583/2503/2249
f 2540/2424/2207 1893/2423/1573 2582/2499/2248 2999/2498/2662
f 2534/2420/2201 1886/2419/1566 2581/2487/2247 3000/2495/2663
f 2582/2499/2248 3001/2491/2664 2566/2494/2232 1907/2500/1587
f 1893/2423/1573 2539/2416/2206 3001/2491/2664 2582/2499/2248
f 2539/2416/2206 1892/2415/1572 2580/2492/2246 3001/2491/2664
f 2861/2490/2526 2579/3059/2245 1913/3047/1593
f 2861/2490/2526 2859/2489/2524 2579/3059/2245
f 2859/2489/2524 1899/3060/1579 2579/3059/2245
f 2581/2487/2247 2860/3061/2525 1900/2496/1580
f 2581/2487/2247 2858/2486/2523 2860/3061/2525
f 2858/2486/2523 1678/3062/1359 2860/3061/2525
f 1892/2415/1572 2538/2460/2205 3002/3063/2665 2580/2492/2246
f 2538/2460/2205 1891/2459/1571 2578/3064/2244 3002/3063/2665
f 2579/3059/2245 3003/2482/2666 2572/2485/2238 1913/3047/1593
f 1899/3060/1579 2545/2456/2212 3003/2482/2666 2579/3059/2245
f 2545/2456/2212 1898/2455/1578 2577/2483/2243 3003/2482/2666
f 2578/3064/2244 3004/2478/2667 2565/2481/2231 1905/3065/1585
f 2577/2483/2243 3005/2474/2668 2571/2477/2237 1912/2484/1592
f 1898/2455/1578 2544/2452/2211 3005/2474/2668 2577/2483/2243
f 2544/2452/2211 1897/2451/1577 2573/2475/2239 3005/2474/2668
f 2575/2479/2241 3006/2470/2669 2564/2473/2230 1904/2480/1584
f 1890/3066/1570 2537/2448/2204 3006/2470/2669 2575/2479/2241
f 2537/2448/2204 1889/2447/1569 2576/2471/2242 3006/2470/2669
f 2573/2475/2239 3007/2466/2670 2570/2469/2236 1911/2476/1591
f 1897/2451/1577 2543/2444/2210 3007/2466/2670 2573/2475/2239
f 2543/2444/2210 1896/2443/1576 2574/2467/2240 3007/2466/2670
f 2859/2465/2524 2560/3067/2226 1899/3060/1579
f 2859/2465/2524 2857/2464/2522 2560/3067/2226
f 2857/2464/2522 1885/3068/1565 2560/3067/2226
f 2549/2418/2216 2858/3069/2523 1886/2419/1566
f 2549/2418/2216 2856/2462/2521 2858/3069/2523
f 2856/2462/2521 1678/3070/1359 2858/3069/2523
f 2547/2414/2214 3008/2457/2671 2538/2460/2205 1892/2415/1572
f 1878/2391/1558 2514/2382/2181 3008/2457/2671 2547/2414/2214
f 2514/2382/2181 1877/2381/1557 2559/2458/2225 3008/2457/2671
f 2560/3067/2226 3009/2453/2672 2545/2456/2212 1899/3060/1579
f 1885/3068/1565 2521/2378/2188 3009/2453/2672 2560/3067/2226
f 2521/2378/2188 1884/2377/1564 2558/2454/2224 3009/2453/2672
f 1877/2381/1557 2513/2374/2180 3010/3071/2673 2559/2458/2225
f 2513/2374/2180 1876/2373/1556 2557/3072/2223 3010/3071/2673
f 2558/2454/2224 3011/2449/2674 2544/2452/2211 1898/2455/1578
f 1884/2377/1564 2520/2370/2187 3011/2449/2674 2558/2454/2224
f 2520/2370/2187 1883/2369/1563 2556/2450/2222 3011/2449/2674
f 2557/3072/2223 3012/2445/2675 2537/2448/2204 1890/3066/1570
f 1876/2373/1556 2512/3073/2179 3012/2445/2675 2557/3072/2223
f 2556/2450/2222 3013/2441/2676 2543/2444/2210 1897/2451/1577
f 1883/2369/1563 2519/3074/2186 3013/2441/2676 2556/2450/2222
f 2519/3074/2186 1882/3075/1562 2554/2442/2220 3013/2441/2676
f 2554/2442/2220 3014/2437/2677 2542/2440/2209 1896/2443/1576
f 1882/3075/1562 2518/2412/2185 3014/2437/2677 2554/2442/2220
f 2518/2412/2185 1881/2411/1561 2552/2438/2219 3014/2437/2677
f 1875/3076/1555 2511/2408/2178 3015/2433/2678 2553/3077/1555
f 2511/2408/2178 1874/2407/1554 2551/2434/2218 3015/2433/2678
f 2552/2438/2219 3016/2429/2679 2541/2432/2208 1895/2439/1575
f 1881/2411/1561 2517/2404/2184 3016/2429/2679 2552/2438/2219
f 2517/2404/2184 1880/2403/1560 2550/2430/2217 3016/2429/2679
f 2551/2434/2218 3017/2425/2680 2535/2428/2202 1888/2435/1568
f 1874/2407/1554 2510/2400/2177 3017/2425/2680 2551/2434/2218
f 2510/2400/2177 1873/2399/1553 2548/2426/2215 3017/2425/2680
f 2550/2430/2217 3018/2421/2681 2540/2424/2207 1894/2431/1574
f 1880/2403/1560 2516/2396/2183 3018/2421/2681 2550/2430/2217
f 2516/2396/2183 1879/2395/1559 2546/2422/2213 3018/2421/2681
f 2548/2426/2215 3019/2417/2682 2534/2420/2201 1887/2427/1567
f 1873/2399/1553 2509/3078/2176 3019/2417/2682 2548/2426/2215
f 2509/3078/2176 1872/2461/1552 2549/2418/2216 3019/2417/2682
f 2546/2422/2213 3020/2413/2683 2539/2416/2206 1893/2423/1573
f 1879/2395/1559 2515/2392/2182 3020/2413/2683 2546/2422/2213
f 2515/2392/2182 1878/2391/1558 2547/2414/2214 3020/2413/2683
f 2493/2350/2160 1867/2349/1547 2533/2410/2200 3021/2409/2684
f 2486/2346/2153 1860/2345/1540 2532/2406/2199 3022/2405/2685
f 2533/2410/2200 3023/2401/2686 2517/2404/2184 1881/2411/1561
f 1867/2349/1547 2492/2342/2159 3023/2401/2686 2533/2410/2200
f 2492/2342/2159 1866/2341/1546 2531/2402/2198 3023/2401/2686
f 2532/2406/2199 3024/2397/2687 2510/2400/2177 1874/2407/1554
f 1860/2345/1540 2485/3079/2152 3024/2397/2687 2532/2406/2199
f 2531/2402/2198 3025/2393/2688 2516/2396/2183 1880/2403/1560
f 1866/2341/1546 2491/3080/2158 3025/2393/2688 2531/2402/2198
f 2491/3080/2158 1865/3081/1545 2529/2394/2196 3025/2393/2688
f 2529/2394/2196 3026/2389/2689 2515/2392/2182 1879/2395/1559
f 1865/3081/1545 2490/2338/2157 3026/2389/2689 2529/2394/2196
f 2490/2338/2157 1864/2337/1544 2527/2390/2194 3026/2389/2689
f 2857/2388/2522 2526/3082/2193 1885/3068/1565
f 2857/2388/2522 2497/2387/2164 2526/3082/2193
f 2497/2387/2164 1870/3083/1550 2526/3082/2193
f 2528/2385/2195 2856/3084/2521 1872/2461/1552
f 2528/2385/2195 2855/2384/2520 2856/3084/2521
f 2855/2384/2520 1678/3085/1359 2856/3084/2521
f 2527/2390/2194 3027/2379/2690 2514/2382/2181 1878/2391/1558
f 2526/3082/2193 3028/2375/2691 2521/2378/2188 1885/3068/1565
f 1870/3083/1550 2496/2366/2163 3028/2375/2691 2526/3082/2193
f 2496/2366/2163 1869/2365/1549 2524/2376/2191 3028/2375/2691
f 2525/2380/2192 3029/2371/2692 2513/2374/2180 1877/2381/1557
f 1863/3086/1543 2489/2362/2156 3029/2371/2692 2525/2380/2192
f 2489/2362/2156 1862/2361/1542 2523/2372/2190 3029/2371/2692
f 2524/2376/2191 3030/2367/2693 2520/2370/2187 1884/2377/1564
f 1869/2365/1549 2495/2358/2162 3030/2367/2693 2524/2376/2191
f 2495/2358/2162 1868/2357/1548 2522/2368/2189 3030/2367/2693
f 2523/2372/2190 3031/3087/2694 2512/3073/2179 1876/2373/1556
f 1862/2361/1542 2488/2354/2155 3031/3087/2694 2523/2372/2190
f 2522/2368/2189 3032/3088/2695 2519/3074/2186 1883/2369/1563
f 1868/2357/1548 2494/3089/2161 3032/3088/2695 2522/2368/2189
f 1854/2323/1534 2471/2320/2138 3034/3090/2696 2499/2336/2166
f 2471/2320/2138 1853/2319/1533 2508/3091/2175 3034/3090/2696
f 2475/2316/2142 1858/2315/1538 2507/2364/2174 3035/2363/2697
f 2508/3091/2175 3036/2359/2698 2489/2362/2156 1863/3086/1543
f 1853/2319/1533 2470/2312/2137 3036/2359/2698 2508/3091/2175
f 2470/2312/2137 1852/2311/1532 2506/2360/2173 3036/2359/2698
f 2507/2364/2174 3037/2355/2699 2495/2358/2162 1869/2365/1549
f 1858/2315/1538 2474/3092/2141 3037/2355/2699 2507/2364/2174
f 2506/2360/2173 3038/2351/2700 2488/2354/2155 1862/2361/1542
f 1852/2311/1532 2469/2308/2136 3038/2351/2700 2506/2360/2173
f 2469/2308/2136 1851/2307/1531 2504/2352/2171 3038/2351/2700
f 2505/2356/2172 3039/3093/2701 2494/3089/2161 1868/2357/1548
f 2504/2352/2171 3040/3094/2702 2487/3095/2154 1861/2353/1541
f 1851/2307/1531 2468/2304/2135 3040/3094/2702 2504/2352/2171
f 2468/2304/2135 1850/2303/1530 2503/3096/2170 3040/3094/2702
f 1850/2303/1530 2467/2328/2134 3042/2343/2704 2503/3096/2170
f 2467/2328/2134 1849/2327/1529 2501/2344/2168 3042/2343/2704
f 2502/2348/2169 3043/2339/2705 2492/2342/2159 1867/2349/1547
f 1857/3097/1537 2473/3098/2140 3043/2339/2705 2502/2348/2169
f 2473/3098/2140 1856/3099/1536 2500/2340/2167 3043/2339/2705
f 2501/2344/2168 3044/3100/2706 2485/3079/2152 1860/2345/1540
f 2500/2340/2167 3045/3101/2707 2491/3080/2158 1866/2341/1546
f 2472/2324/2139 1854/2323/1534 2499/2336/2166 3046/2335/2708
f 2498/2331/2165 2855/3102/2520 1859/2383/1539
f 2498/2331/2165 2853/2330/2518 2855/3102/2520
f 2853/2330/2518 1678/3103/1359 2855/3102/2520
f 2478/2302/2145 3047/2325/2709 2467/2328/2134 1850/2303/1530
f 1840/2295/1520 2446/2288/2114 3047/2325/2709 2478/2302/2145
f 2446/2288/2114 1839/2287/1519 2484/2326/2151 3047/2325/2709
f 2476/3104/2143 3048/3105/2710 2473/3098/2140 1857/3097/1537
f 1846/2291/1526 2452/3106/2120 3048/3105/2710 2476/3104/2143
f 1839/2287/1519 2445/2284/2113 3049/3107/2711 2484/2326/2151
f 2451/2280/2119 1845/2279/1525 2483/3108/2150 3050/3109/2712
f 2483/3108/2150 3051/2321/2713 2472/2324/2139 1855/3110/1535
f 1845/2279/1525 2450/2276/2118 3051/2321/2713 2483/3108/2150
f 2450/2276/2118 1844/2275/1524 2482/2322/2149 3051/2321/2713
f 2852/3111/2517 1678/3112/1359 2853/3113/2518
f 2482/2322/2149 3052/2317/2714 2471/2320/2138 1854/2323/1534
f 1844/2275/1524 2449/3114/2117 3052/2317/2714 2482/2322/2149
f 2449/3114/2117 1843/3115/1523 2481/2318/2148 3052/2317/2714
f 2454/3116/1527 1847/3117/1527 2480/2314/2147 3053/2313/2715
f 2481/2318/2148 3054/2309/2716 2470/2312/2137 1853/2319/1533
f 1843/3115/1523 2448/2300/2116 3054/2309/2716 2481/2318/2148
f 2448/2300/2116 1842/2299/1522 2479/2310/2146 3054/2309/2716
f 2479/2310/2146 3055/2305/2717 2469/2308/2136 1852/2311/1532
f 2477/2306/2144 3056/2301/2718 2468/2304/2135 1851/2307/1531
f 1841/3118/1521 2447/2296/2115 3056/2301/2718 2477/2306/2144
f 2447/2296/2115 1840/2295/1520 2478/2302/2145 3056/2301/2718
f 2456/3119/2123 3057/2297/2719 2448/2300/2116 1843/3115/1523
f 1829/3120/1509 2425/2250/2096 3058/3121/2720 2466/2298/2133
f 2425/2250/2096 1828/2249/1508 2465/3122/2132 3058/3121/2720
f 2465/3122/2132 3059/2293/2721 2447/2296/2115 1841/3118/1521
f 1828/2249/1508 2424/2246/2095 3059/2293/2721 2465/3122/2132
f 2424/2246/2095 1827/2245/1507 2463/2294/2130 3059/2293/2721
f 1835/3123/1515 2430/2242/2100 3060/2289/2722 2464/3124/2131
f 2430/2242/2100 1834/2241/1514 2462/2290/2129 3060/2289/2722
f 2463/2294/2130 3061/2285/2723 2446/2288/2114 1840/2295/1520
f 1827/2245/1507 2423/2238/2094 3061/2285/2723 2463/2294/2130
f 2423/2238/2094 1826/2237/1506 2461/2286/2128 3061/2285/2723
f 2462/2290/2129 3062/3125/2724 2452/3106/2120 1846/2291/1526
f 1834/2241/1514 2429/3126/2099 3062/3125/2724 2462/2290/2129
f 2429/3126/2099 1833/3127/1513 2460/3128/2127 3062/3125/2724
f 2461/2286/2128 3063/2281/2725 2445/2284/2113 1839/2287/1519
f 1826/2237/1506 2422/2269/2093 3063/2281/2725 2461/2286/2128
f 2422/2269/2093 1825/2268/1505 2459/2282/2126 3063/2281/2725
f 1833/3127/1513 2428/2265/2098 3064/2277/2726 2460/3128/2127
f 2428/2265/2098 1832/2264/1512 2458/2278/2125 3064/2277/2726
f 2458/2278/2125 3065/2273/2727 2450/2276/2118 1845/2279/1525
f 1832/2264/1512 2427/3129/2097 3065/2273/2727 2458/2278/2125
f 2427/3129/2097 1831/3130/1511 2455/2274/2122 3065/2273/2727
f 2457/2272/2124 2852/3131/2517 1837/3132/1517
f 2457/2272/2124 2851/2271/2516 2852/3131/2517
f 2851/2271/2516 1678/3133/1359 2852/3131/2517
f 2435/2236/2103 3067/2266/2728 2422/2269/2093 1826/2237/1506
f 1814/2217/1494 2400/2214/2071 3067/2266/2728 2435/2236/2103
f 2400/2214/2071 1813/2213/1493 2444/2267/2112 3067/2266/2728
f 2407/2210/2078 1819/2209/1499 2443/2263/2111 3068/2262/2729
f 2442/2261/2110 2851/3134/2516 1824/2270/1504
f 2442/2261/2110 2850/2260/2515 2851/3134/2516
f 2850/2260/2515 1678/3135/1359 2851/3134/2516
f 2405/3136/2076 1818/3137/1498 2441/2256/2109 3069/2255/2730
f 1818/3137/1498 2404/3138/2075 3070/3139/2731 2441/2256/2109
f 2404/3138/2075 1817/3140/1497 2439/3141/2107 3070/3139/2731
f 1823/3142/1503 2410/2234/2081 3071/2251/2732 2440/3143/2108
f 2410/2234/2081 1822/2233/1502 2438/2252/2106 3071/2251/2732
f 2439/3141/2107 3072/2247/2733 2425/2250/2096 1829/3120/1509
f 1817/3140/1497 2403/2230/2074 3072/2247/2733 2439/3141/2107
f 2403/2230/2074 1816/2229/1496 2437/2248/2105 3072/2247/2733
f 1822/2233/1502 2409/2226/2080 3073/3144/2734 2438/2252/2106
f 2409/2226/2080 1821/2225/1501 2436/3145/2104 3073/3144/2734
f 2437/2248/2105 3074/2243/2735 2424/2246/2095 1828/2249/1508
f 1816/2229/1496 2402/2222/2073 3074/2243/2735 2437/2248/2105
f 2402/2222/2073 1815/2221/1495 2434/2244/2102 3074/2243/2735
f 2436/3145/2104 3075/2239/2736 2430/2242/2100 1835/3123/1515
f 1821/2225/1501 2408/3146/2079 3075/2239/2736 2436/3145/2104
f 2434/2244/2102 3076/2235/2737 2423/2238/2094 1827/2245/1507
f 1815/2221/1495 2401/2218/2072 3076/2235/2737 2434/2244/2102
f 2401/2218/2072 1814/2217/1494 2435/2236/2103 3076/2235/2737
f 2412/3147/2083 3077/2231/2738 2410/2234/2081 1823/3142/1503
f 1811/2196/1491 2387/3148/2059 3077/2231/2738 2412/3147/2083
f 2387/3148/2059 1810/3149/1490 2421/2232/2092 3077/2231/2738
f 2411/3150/2082 3078/2227/2739 2403/2230/2074 1817/3140/1497
f 1805/2192/1485 2380/3151/2052 3078/2227/2739 2411/3150/2082
f 2380/3151/2052 1804/3152/1484 2420/2228/2091 3078/2227/2739
f 2421/2232/2092 3079/2223/2740 2409/2226/2080 1822/2233/1502
f 1810/3149/1490 2386/3153/2058 3079/2223/2740 2421/2232/2092
f 2386/3153/2058 1809/3154/1489 2419/2224/2090 3079/2223/2740
f 2420/2228/2091 3080/2219/2741 2402/2222/2073 1816/2229/1496
f 1804/3152/1484 2379/3155/2051 3080/2219/2741 2420/2228/2091
f 2379/3155/2051 1803/3156/1483 2418/2220/2089 3080/2219/2741
f 2419/2224/2090 3081/3157/2742 2408/3146/2079 1821/2225/1501
f 1809/3154/1489 2385/2189/2057 3081/3157/2742 2419/2224/2090
f 2418/2220/2089 3082/2215/2743 2401/2218/2072 1815/2221/1495
f 1803/3156/1483 2378/3158/2050 3082/2215/2743 2418/2220/2089
f 2378/3158/2050 1802/3159/1482 2417/2216/2088 3082/2215/2743
f 2384/2185/2056 1807/2184/1487 2416/3160/2087 3083/3161/2744
f 2417/2216/2088 3084/2211/2745 2400/2214/2071 1814/2217/1494
f 1802/3159/1482 2377/3162/2049 3084/2211/2745 2417/2216/2088
f 2377/3162/2049 1801/3163/1481 2415/2212/2086 3084/2211/2745
f 2416/3160/2087 3085/2207/2746 2407/2210/2078 1820/3164/1500
f 1807/2184/1487 2383/2203/2055 3085/2207/2746 2416/3160/2087
f 2383/2203/2055 1806/2202/1486 2414/2208/2085 3085/2207/2746
f 2414/2208/2085 3086/3165/2747 2406/3166/2077 1819/2209/1499
f 1806/2202/1486 2382/3167/2054 3086/3165/2747 2414/2208/2085
f 2413/2206/2084 2850/3168/2515 1812/2259/1492
f 2413/2206/2084 2849/2205/2514 2850/3168/2515
f 2849/2205/2514 1678/3169/1359 2850/3168/2515
f 2391/2183/2063 3087/2200/2748 2383/2203/2055 1807/2184/1487
f 1789/3170/1469 2354/2169/2027 3088/3171/2749 2389/3172/2061
f 2354/2169/2027 1788/2168/1468 2398/2199/2069 3088/3171/2749
f 2398/2199/2069 2849/3173/2514 1800/2204/1480
f 2398/2199/2069 2848/2198/2513 2849/3173/2514
f 2848/2198/2513 1678/3174/1359 2849/3173/2514
f 1799/3175/1479 2363/2156/2035 3089/2194/2750 2396/3176/2068
f 2363/2156/2035 1798/2155/1478 2395/2195/2067 3089/2194/2750
f 2395/2195/2067 3091/3177/2751 2387/3148/2059 1811/2196/1491
f 1798/2155/1478 2362/2152/2034 3091/3177/2751 2395/2195/2067
f 2394/2191/2066 3092/3178/2752 2380/3151/2052 1805/2192/1485
f 1791/3179/1471 2357/3180/1471 3092/3178/2752 2394/2191/2066
f 2393/3181/2065 3093/2186/2753 2385/2189/2057 1809/3154/1489
f 2361/2177/2033 1796/2176/1476 2390/2187/2062 3093/2186/2753
f 2392/3182/2064 3094/3183/2754 2378/3158/2050 1803/3156/1483
f 1790/2180/1470 2355/3184/2028 3094/3183/2754 2392/3182/2064
f 2390/2187/2062 3095/2182/2755 2384/2185/2056 1808/2188/1488
f 1796/2176/1476 2360/2173/2032 3095/2182/2755 2390/2187/2062
f 2360/2173/2032 1795/2172/1475 2391/2183/2063 3095/2182/2755
f 2334/2135/2008 1778/2134/1459 2376/3185/2048 3096/3186/2756
f 1778/2134/1459 2333/2131/2007 3097/2178/2757 2376/3185/2048
f 2333/2131/2007 1777/2130/1458 2375/2179/2047 3097/2178/2757
f 2339/2127/2013 1784/2126/1465 2374/2175/2046 3098/2174/2758
f 2375/2179/2047 3099/3187/2759 2355/3184/2028 1790/2180/1470
f 1777/2130/1458 2332/2123/2006 3099/3187/2759 2375/2179/2047
f 2332/2123/2006 1776/2122/1457 2373/3188/2045 3099/3187/2759
f 2374/2175/2046 3100/2170/2760 2360/2173/2032 1796/2176/1476
f 1784/2126/1465 2338/3189/2012 3100/2170/2760 2374/2175/2046
f 2338/3189/2012 1783/3190/1464 2372/2171/2044 3100/2170/2760
f 1776/2122/1457 2331/2119/2005 3101/3191/2761 2373/3188/2045
f 2331/2119/2005 1775/2118/1456 2371/3192/2043 3101/3191/2761
f 1783/3190/1464 2337/2115/2011 3102/3193/2762 2372/2171/2044
f 2337/2115/2011 1782/2114/1463 2370/3194/2042 3102/3193/2762
f 2371/3192/2043 3103/2167/2763 2354/2169/2027 1789/3170/1469
f 1775/2118/1456 2330/2148/2004 3103/2167/2763 2371/3192/2043
f 2330/2148/2004 1774/2147/1455 2369/2162/2041 3103/2167/2763
f 2370/3194/2042 3104/2163/2764 2359/2166/2031 1794/3195/1474
f 1782/2114/1463 2336/2145/2010 3104/2163/2764 2370/3194/2042
f 2336/2145/2010 1781/2144/1462 2368/2164/2040 3104/2163/2764
f 2369/2162/2041 2848/3196/2513 1788/2168/1468
f 2369/2162/2041 2847/2161/2512 2848/3196/2513
f 2847/2161/2512 1678/3197/1359 2848/3196/2513
f 2368/2164/2040 3105/2157/2765 2358/2160/2030 1793/2165/1473
f 1781/2144/1462 2335/3198/2009 3105/2157/2765 2368/2164/2040
f 2335/3198/2009 1780/3199/1461 2366/2158/2038 3105/2157/2765
f 2367/3200/2039 3106/2153/2766 2363/2156/2035 1799/3175/1479
f 1787/3201/1467 2341/3202/2015 3106/2153/2766 2367/3200/2039
f 2364/2154/2036 3107/2149/2767 2362/2152/2034 1798/2155/1478
f 2340/2139/2014 1786/2138/1466 2365/2150/2037 3107/2149/2767
f 2344/2117/2018 3108/2146/2768 2330/2148/2004 1775/2118/1456
f 1762/2098/1443 2303/2091/1977 3108/2146/2768 2344/2117/2018
f 2303/2091/1977 1761/2090/1442 2353/2141/2026 3108/2146/2768
f 2342/2113/2016 3109/2142/2769 2336/2145/2010 1782/2114/1463
f 1768/2094/1449 2309/2088/1983 3109/2142/2769 2342/2113/2016
f 2309/2088/1983 1767/2087/1448 2352/2143/2025 3109/2142/2769
f 2846/3203/2511 1773/3204/1454 2351/3205/2024
f 2353/2141/2026 2847/3206/2512 1774/2147/1455
f 2353/2141/2026 2845/2140/2510 2847/3206/2512
f 2845/2140/2510 1678/3207/1359 2847/3206/2512
f 2351/3205/2024 3110/3208/2770 2341/3202/2015 1787/3201/1467
f 1773/3204/1454 2315/2079/1989 3110/3208/2770 2351/3205/2024
f 2307/2075/1981 1766/2074/1447 2349/3209/2023 3111/3210/2771
f 2314/2071/1988 1771/2070/1452 2348/2137/2022 3112/2136/2772
f 2349/3209/2023 3113/2132/2773 2334/2135/2008 1779/3211/1460
f 1771/2070/1452 2313/2111/1987 3114/3212/2774 2348/2137/2022
f 2347/2133/2021 3115/2128/2775 2333/2131/2007 1778/2134/1459
f 1765/3213/1446 2306/3214/1980 3115/2128/2775 2347/2133/2021
f 2306/3214/1980 1764/3215/1445 2346/2129/2020 3115/2128/2775
f 2312/2107/1986 1769/2106/1450 2345/2125/2019 3116/2124/2776
f 2346/2129/2020 3117/2120/2777 2332/2123/2006 1777/2130/1458
f 1764/3215/1445 2305/2103/1979 3117/2120/2777 2346/2129/2020
f 2305/2103/1979 1763/2102/1444 2343/2121/2017 3117/2120/2777
f 2345/2125/2019 3118/3216/2778 2338/3189/2012 1784/2126/1465
f 1769/2106/1450 2311/3217/1985 3118/3216/2778 2345/2125/2019
f 2343/2121/2017 3119/2116/2779 2331/2119/2005 1776/2122/1457
f 1763/2102/1444 2304/2099/1978 3119/2116/2779 2343/2121/2017
f 2304/2099/1978 1762/2098/1443 2344/2117/2018 3119/2116/2779
f 2310/2095/1984 1768/2094/1449 2342/2113/2016 3120/2112/2780
f 2319/2069/1993 3121/2108/2781 2313/2111/1987 1771/2070/1452
f 1758/2046/1439 2285/3218/1960 3121/2108/2781 2319/2069/1993
f 2285/3218/1960 1757/3219/1438 2329/2109/2003 3121/2108/2781
f 2317/3220/1991 3122/3221/2782 2306/3214/1980 1765/3213/1446
f 1751/2042/1432 2277/2039/1952 3122/3221/2782 2317/3220/1991
f 2329/2109/2003 3123/2104/2783 2312/2107/1986 1770/2110/1451
f 1757/3219/1438 2284/2035/1959 3123/2104/2783 2329/2109/2003
f 2284/2035/1959 1756/2034/1437 2328/2105/2002 3123/2104/2783
f 2276/2031/1951 1749/2030/1430 2327/2101/2001 3124/2100/2784
f 2328/2105/2002 3125/3222/2785 2311/3217/1985 1769/2106/1450
f 1756/2034/1437 2283/2027/1958 3125/3222/2785 2328/2105/2002
f 2283/2027/1958 1755/2026/1436 2326/3223/2000 3125/3222/2785
f 2327/2101/2001 3126/2096/2786 2304/2099/1978 1763/2102/1444
f 1749/2030/1430 2275/2023/1950 3126/2096/2786 2327/2101/2001
f 2275/2023/1950 1748/2022/1429 2325/2097/1999 3126/2096/2786
f 1755/2026/1436 2282/3224/1957 3127/2092/2787 2326/3223/2000
f 2325/2097/1999 3128/2089/2788 2303/2091/1977 1762/2098/1443
f 1748/2022/1429 2274/2019/1949 3128/2089/2788 2325/2097/1999
f 2274/2019/1949 1747/2018/1428 2323/2081/1997 3128/2089/2788
f 2324/2093/1998 3129/2085/2789 2309/2088/1983 1768/2094/1449
f 2281/2067/1956 1754/2066/1435 2322/2086/1996 3129/2085/2789
f 2846/2084/2511 2321/3225/1995 1773/3204/1454
f 2846/2084/2511 2844/2083/2509 2321/3225/1995
f 2844/2083/2509 1760/3226/1441 2321/3225/1995
f 2323/2081/1997 2845/3227/2510 1761/2090/1442
f 2323/2081/1997 2843/2080/2508 2845/3227/2510
f 2843/2080/2508 1678/3228/1359 2845/3227/2510
f 2322/2086/1996 3130/3229/2790 2308/3230/1982 1767/2087/1448
f 1754/2066/1435 2280/2059/1955 3130/3229/2790 2322/2086/1996
f 2280/2059/1955 1753/2058/1434 2320/3231/1994 3130/3229/2790
f 2321/3225/1995 3131/2076/2791 2315/2079/1989 1773/3204/1454
f 1760/3226/1441 2287/2055/1962 3131/2076/2791 2321/3225/1995
f 2287/2055/1962 1759/2054/1440 2318/2077/1992 3131/2076/2791
f 1753/2058/1434 2279/2051/1954 3132/2072/2792 2320/3231/1994
f 2279/2051/1954 1752/2050/1433 2316/2073/1990 3132/2072/2792
f 2318/2077/1992 3133/2068/2793 2314/2071/1988 1772/2078/1453
f 1759/2054/1440 2286/2047/1961 3133/2068/2793 2318/2077/1992
f 2286/2047/1961 1758/2046/1439 2319/2069/1993 3133/2068/2793
f 1752/2050/1433 2278/2043/1953 3134/3232/2794 2316/2073/1990
f 2278/2043/1953 1751/2042/1432 2317/3220/1991 3134/3232/2794
f 2844/2063/2509 2301/3233/1975 1760/3226/1441
f 2844/2063/2509 2842/2062/2507 2301/3233/1975
f 2842/2062/2507 1746/3234/1427 2301/3233/1975
f 2289/2017/1964 2843/3235/2508 1747/2018/1428
f 2289/2017/1964 2841/2060/2506 2843/3235/2508
f 2841/2060/2506 1678/3236/1359 2843/3235/2508
f 2302/2065/1976 3136/2056/2796 2280/2059/1955 1754/2066/1435
f 1742/3237/1423 2257/1991/1933 3136/2056/2796 2302/2065/1976
f 2257/1991/1933 1741/1990/1422 2300/2057/1974 3136/2056/2796
f 2301/3233/1975 3137/2052/2797 2287/2055/1962 1760/3226/1441
f 1746/3234/1427 2262/3238/1938 3137/2052/2797 2301/3233/1975
f 2262/3238/1938 1745/3239/1426 2299/2053/1973 3137/2052/2797
f 2300/2057/1974 3138/2048/2798 2279/2051/1954 1753/2058/1434
f 1741/1990/1422 2256/1987/1932 3138/2048/2798 2300/2057/1974
f 2256/1987/1932 1740/1986/1421 2298/2049/1972 3138/2048/2798
f 2299/2053/1973 3139/2044/2799 2286/2047/1961 1759/2054/1440
f 1745/3239/1426 2261/3240/1937 3139/2044/2799 2299/2053/1973
f 2298/2049/1972 3140/2040/2800 2278/2043/1953 1752/2050/1433
f 1740/1986/1421 2255/3241/1931 3140/2040/2800 2298/2049/1972
f 2255/3241/1931 1739/3242/1420 2296/2041/1970 3140/2040/2800
f 2296/2041/1970 3141/2036/2801 2277/2039/1952 1751/2042/1432
f 2295/3243/1969 3142/2032/2802 2284/2035/1959 1757/3219/1438
f 2260/2015/1936 1744/2014/1425 2293/2033/1967 3142/2032/2802
f 2294/2037/1968 3143/2028/2803 2276/2031/1951 1750/2038/1431
f 1738/3244/1419 2254/2011/1930 3143/2028/2803 2294/2037/1968
f 2254/2011/1930 1737/2010/1418 2292/2029/1966 3143/2028/2803
f 2293/2033/1967 3144/2024/2804 2283/2027/1958 1756/2034/1437
f 1744/2014/1425 2259/2007/1935 3144/2024/2804 2293/2033/1967
f 2259/2007/1935 1743/2006/1424 2290/2025/1965 3144/2024/2804
f 2292/2029/1966 3145/2020/2805 2275/2023/1950 1749/2030/1430
f 1737/2010/1418 2253/2003/1929 3145/2020/2805 2292/2029/1966
f 2253/2003/1929 1736/2002/1417 2288/2021/1963 3145/2020/2805
f 2290/2025/1965 3146/3245/2806 2282/3224/1957 1755/2026/1436
f 1743/2006/1424 2258/3246/1934 3146/3245/2806 2290/2025/1965
f 2288/2021/1963 3147/2016/2807 2274/2019/1949 1748/2022/1429
f 1736/2002/1417 2252/1999/1928 3147/2016/2807 2288/2021/1963
f 2252/1999/1928 1735/1998/1416 2289/2017/1964 3147/2016/2807
f 2232/1970/1908 1727/1969/1408 2273/3247/1948 3148/3248/2808
f 2237/1966/1913 1731/1965/1412 2272/2013/1947 3149/2012/2809
f 2273/3247/1948 3150/2008/2810 2254/2011/1930 1738/3244/1419
f 1727/1969/1408 2231/3249/1907 3150/2008/2810 2273/3247/1948
f 2231/3249/1907 1726/3250/1407 2271/2009/1946 3150/2008/2810
f 2272/2013/1947 3151/2004/2811 2259/2007/1935 1744/2014/1425
f 1731/1965/1412 2236/3251/1912 3151/2004/2811 2272/2013/1947
f 2271/2009/1946 3152/2000/2812 2253/2003/1929 1737/2010/1418
f 1726/3250/1407 2230/1962/1906 3152/2000/2812 2271/2009/1946
f 2230/1962/1906 1725/1961/1406 2269/2001/1944 3152/2000/2812
f 2270/2005/1945 3153/3252/2813 2258/3246/1934 1743/2006/1424
f 2269/2001/1944 3154/1997/2814 2252/1999/1928 1736/2002/1417
f 1725/1961/1406 2229/1958/1905 3154/1997/2814 2269/2001/1944
f 2229/1958/1905 1724/1957/1405 2268/1993/1943 3154/1997/2814
f 2842/1996/2507 2266/3253/1941 1746/3234/1427
f 2842/1996/2507 2840/1995/2505 2266/3253/1941
f 2840/1995/2505 1734/3254/1415 2266/3253/1941
f 2268/1993/1943 2841/3255/2506 1735/1998/1416
f 2268/1993/1943 2839/1992/2504 2841/3255/2506
f 2839/1992/2504 1678/3256/1359 2841/3255/2506
f 2267/3257/1942 3155/1988/2815 2257/1991/1933 1742/3237/1423
f 1730/1953/1411 2234/1982/1910 3155/1988/2815 2267/3257/1942
f 2234/1982/1910 1729/1981/1410 2265/1989/1940 3155/1988/2815
f 2266/3253/1941 3156/3258/2816 2262/3238/1938 1746/3234/1427
f 1734/3254/1415 2239/3259/1915 3156/3258/2816 2266/3253/1941
f 2265/1989/1940 3157/1984/2817 2256/1987/1932 1741/1990/1422
f 1729/1981/1410 2233/1978/1909 3157/1984/2817 2265/1989/1940
f 2233/1978/1909 1728/1977/1409 2264/1985/1939 3157/1984/2817
f 2264/1985/1939 3158/3260/2818 2255/3241/1931 1740/1986/1421
f 2243/1956/1919 2839/3261/2504 1724/1957/1405
f 2243/1956/1919 2837/1983/2502 2839/3261/2504
f 2837/1983/2502 1678/3262/1359 2839/3261/2504
f 2241/1952/1917 3159/1979/2819 2234/1982/1910 1730/1953/1411
f 1716/1935/1397 2207/1927/1883 3159/1979/2819 2241/1952/1917
f 2207/1927/1883 1715/1926/1396 2251/1980/1927 3159/1979/2819
f 2240/3263/1916 3160/3264/2820 2239/3259/1915 1734/3254/1415
f 1723/3265/1404 2214/1923/1890 3160/3264/2820 2240/3263/1916
f 2214/1923/1890 1722/1922/1403 2250/3266/1926 3160/3264/2820
f 2251/1980/1927 3161/1975/2821 2233/1978/1909 1729/1981/1410
f 1715/1926/1396 2206/1919/1882 3161/1975/2821 2251/1980/1927
f 2206/1919/1882 1714/1918/1395 2249/1976/1925 3161/1975/2821
f 1722/1922/1403 2213/1915/1889 3162/3267/2822 2250/3266/1926
f 2213/1915/1889 1721/1914/1402 2248/3268/1924 3162/3267/2822
f 1714/1918/1395 2205/1911/1881 3163/3269/2823 2249/1976/1925
f 2248/3268/1924 3164/1971/2824 2238/1974/1914 1733/3270/1414
f 1721/1914/1402 2212/1907/1888 3164/1971/2824 2248/3268/1924
f 2212/1907/1888 1720/1906/1401 2247/1972/1923 3164/1971/2824
f 2204/3271/1880 1712/3272/1393 2246/1968/1922 3165/1967/2825
f 2247/1972/1923 3166/1963/2826 2237/1966/1913 1732/1973/1413
f 1720/1906/1401 2211/1903/1887 3166/1963/2826 2247/1972/1923
f 2211/1903/1887 1719/1902/1400 2245/1964/1921 3166/1963/2826
f 2245/1964/1921 3167/3273/2827 2236/3251/1912 1731/1965/1412
f 1719/1902/1400 2210/3274/1886 3167/3273/2827 2245/1964/1921
f 2244/3275/1920 3168/1959/2828 2230/1962/1906 1726/3250/1407
f 1711/3276/1392 2203/1947/1879 3168/1959/2828 2244/3275/1920
f 2203/1947/1879 1710/1946/1391 2242/1960/1918 3168/1959/2828
f 2242/1960/1918 3169/1955/2829 2229/1958/1905 1725/1961/1406
f 1710/1946/1391 2202/1939/1878 3169/1955/2829 2242/1960/1918
f 2202/1939/1878 1709/1938/1390 2243/1956/1919 3169/1955/2829
f 2208/1936/1884 1716/1935/1397 2241/1952/1917 3170/1951/2830
f 2840/1950/2505 2240/3263/1916 1734/3254/1415
f 2840/1950/2505 2838/1949/2503 2240/3263/1916
f 2838/1949/2503 1723/3265/1404 2240/3263/1916
f 2228/3277/1904 3171/1944/2831 2203/1947/1879 1711/3276/1392
f 1696/1870/1377 2174/1863/1850 3171/1944/2831 2228/3277/1904
f 2174/1863/1850 1695/1862/1376 2226/1945/1902 3171/1944/2831
f 2227/3278/1903 3172/1940/2832 2209/1943/1885 1718/3279/1399
f 1703/1866/1384 2181/1859/1857 3172/1940/2832 2227/3278/1903
f 2181/1859/1857 1702/1858/1383 2225/1941/1901 3172/1940/2832
f 2226/1945/1902 3173/1937/2833 2202/1939/1878 1710/1946/1391
f 1695/1862/1376 2173/1855/1849 3173/1937/2833 2226/1945/1902
f 2173/1855/1849 1694/1854/1375 2224/1929/1900 3173/1937/2833
f 2225/1941/1901 3174/1933/2834 2208/1936/1884 1717/1942/1398
f 1702/1858/1383 2180/1852/1856 3174/1933/2834 2225/1941/1901
f 2180/1852/1856 1701/1851/1382 2223/1934/1899 3174/1933/2834
f 2838/1932/2503 2222/3280/1898 1723/3265/1404
f 2838/1932/2503 2836/1931/2501 2222/3280/1898
f 2836/1931/2501 1708/3281/1389 2222/3280/1898
f 2224/1929/1900 2837/3282/2502 1709/1938/1390
f 2224/1929/1900 2835/1928/2500 2837/3282/2502
f 2835/1928/2500 1678/3283/1359 2837/3282/2502
f 2223/1934/1899 3175/1924/2835 2207/1927/1883 1716/1935/1397
f 1701/1851/1382 2179/1843/1855 3175/1924/2835 2223/1934/1899
f 2179/1843/1855 1700/1842/1381 2221/1925/1897 3175/1924/2835
f 2222/3280/1898 3176/1920/2836 2214/1923/1890 1723/3265/1404
f 1708/3281/1389 2186/1899/1862 3176/1920/2836 2222/3280/1898
f 2186/1899/1862 1707/1898/1388 2220/1921/1896 3176/1920/2836
f 2221/1925/1897 3177/1916/2837 2206/1919/1882 1715/1926/1396
f 1700/1842/1381 2178/1895/1854 3177/1916/2837 2221/1925/1897
f 2178/1895/1854 1699/1894/1380 2219/1917/1895 3177/1916/2837
f 2220/1921/1896 3178/1912/2838 2213/1915/1889 1722/1922/1403
f 1707/1898/1388 2185/1891/1861 3178/1912/2838 2220/1921/1896
f 2185/1891/1861 1706/1890/1387 2218/1913/1894 3178/1912/2838
f 2219/1917/1895 3179/1908/2839 2205/1911/1881 1714/1918/1395
f 1699/1894/1380 2177/1887/1853 3179/1908/2839 2219/1917/1895
f 2177/1887/1853 1698/1886/1379 2217/1909/1893 3179/1908/2839
f 2218/1913/1894 3180/1904/2840 2212/1907/1888 1721/1914/1402
f 1706/1890/1387 2184/1883/1860 3180/1904/2840 2218/1913/1894
f 2184/1883/1860 1705/1882/1386 2215/1905/1891 3180/1904/2840
f 2217/1909/1893 3181/3284/2841 2204/3271/1880 1713/1910/1394
f 1698/1886/1379 2176/1879/1852 3181/3284/2841 2217/1909/1893
f 2215/1905/1891 3182/1900/2842 2211/1903/1887 1720/1906/1401
f 1705/1882/1386 2183/1875/1859 3182/1900/2842 2215/1905/1891
f 2183/1875/1859 1704/1874/1385 2216/1901/1892 3182/1900/2842
f 2190/3285/1866 3183/1896/2843 2186/1899/1862 1708/3281/1389
f 1693/3286/1374 2158/1815/1834 3183/1896/2843 2190/3285/1866
f 2158/1815/1834 1692/1814/1373 2201/1897/1877 3183/1896/2843
f 2188/1841/1864 3184/1892/2844 2178/1895/1854 1700/1842/1381
f 1685/3287/1366 2151/1811/1827 3184/1892/2844 2188/1841/1864
f 2151/1811/1827 1684/1810/1365 2200/1893/1876 3184/1892/2844
f 2201/1897/1877 3185/1888/2845 2185/1891/1861 1707/1898/1388
f 1692/1814/1373 2157/3288/1833 3185/1888/2845 2201/1897/1877
f 2157/3288/1833 1691/3289/1372 2199/1889/1875 3185/1888/2845
f 2200/1893/1876 3186/1884/2846 2177/1887/1853 1699/1894/1380
f 2199/1889/1875 3187/1880/2847 2184/1883/1860 1706/1890/1387
f 1691/3289/1372 2156/3290/1832 3187/1880/2847 2199/1889/1875
f 2156/3290/1832 1690/3291/1371 2197/1881/1873 3187/1880/2847
f 2198/1885/1874 3188/1876/2848 2176/1879/1852 1698/1886/1379
f 1683/3292/1364 2150/1807/1826 3188/1876/2848 2198/1885/1874
f 2150/1807/1826 1682/1806/1363 2196/1877/1872 3188/1876/2848
f 2197/1881/1873 3189/1872/2849 2183/1875/1859 1705/1882/1386
f 1690/3291/1371 2155/1803/1831 3189/1872/2849 2197/1881/1873
f 2155/1803/1831 1689/1802/1370 2195/1873/1871 3189/1872/2849
f 2196/1877/1872 3190/1868/2850 2175/1871/1851 1697/1878/1378
f 1682/1806/1363 2149/1799/1825 3190/1868/2850 2196/1877/1872
f 2149/1799/1825 1681/1798/1362 2194/1869/1870 3190/1868/2850
f 2195/1873/1871 3191/1864/2851 2182/1867/1858 1704/1874/1385
f 1689/1802/1370 2154/1839/1830 3191/1864/2851 2195/1873/1871
f 2154/1839/1830 1688/1838/1369 2193/1865/1869 3191/1864/2851
f 2194/1869/1870 3192/1860/2852 2174/1863/1850 1696/1870/1377
f 1681/1798/1362 2148/1835/1824 3192/1860/2852 2194/1869/1870
f 2148/1835/1824 1680/1834/1361 2192/1861/1868 3192/1860/2852
f 2193/1865/1869 3193/1856/2853 2181/1859/1857 1703/1866/1384
f 1688/1838/1369 2153/1831/1829 3193/1856/2853 2193/1865/1869
f 2153/1831/1829 1687/1830/1368 2191/1857/1867 3193/1856/2853
f 2192/1861/1868 3194/1853/2854 2173/1855/1849 1695/1862/1376
f 1680/1834/1361 2147/1827/1823 3194/1853/2854 2192/1861/1868
f 2147/1827/1823 1679/1826/1360 2189/1845/1865 3194/1853/2854
f 2191/1857/1867 3195/1849/2855 2180/1852/1856 1702/1858/1383
f 1687/1830/1368 2152/1824/1828 3195/1849/2855 2191/1857/1867
f 2152/1824/1828 1686/1823/1367 2187/1850/1863 3195/1849/2855
f 2836/1848/2501 2190/3285/1866 1708/3281/1389
f 2836/1848/2501 2834/1847/2499 2190/3285/1866
f 2834/1847/2499 1693/3286/1374 2190/3285/1866
f 2189/1845/1865 2835/3293/2500 1694/1854/1375
f 2189/1845/1865 2146/1844/1822 2835/3293/2500
f 2146/1844/1822 1678/3294/1359 2835/3293/2500
f 2187/1850/1863 3196/1840/2856 2179/1843/1855 1701/1851/1382
f 2162/1801/1838 3197/1836/2857 2154/1839/1830 1689/1802/1370
f 1674/1790/1355 2131/1787/1807 3197/1836/2857 2162/1801/1838
f 2131/1787/1807 1673/1786/1354 2172/1837/1848 3197/1836/2857
f 2160/1797/1836 3198/1832/2858 2148/1835/1824 1681/1798/1362
f 1667/3295/1348 2123/1783/1799 3198/1832/2858 2160/1797/1836
f 2123/1783/1799 1666/1782/1347 2171/1833/1847 3198/1832/2858
f 2172/1837/1848 3199/1828/2859 2153/1831/1829 1688/1838/1369
f 1673/1786/1354 2130/3296/1806 3199/1828/2859 2172/1837/1848
f 2130/3296/1806 1672/3297/1353 2170/1829/1846 3199/1828/2859
f 2171/1833/1847 3200/1825/2860 2147/1827/1823 1680/1834/1361
f 1666/1782/1347 2122/1779/1798 3200/1825/2860 2171/1833/1847
f 2122/1779/1798 1665/1778/1346 2169/1817/1845 3200/1825/2860
f 2170/1829/1846 3201/1821/2861 2152/1824/1828 1687/1830/1368
f 1672/3297/1353 2129/3298/1805 3201/1821/2861 2170/1829/1846
f 2129/3298/1805 1671/3299/1352 2168/1822/1844 3201/1821/2861
f 2834/1820/2499 2167/3300/1843 1693/3286/1374
f 2834/1820/2499 2833/1819/2498 2167/3300/1843
f 2833/1819/2498 1677/3301/1358 2167/3300/1843
f 2169/1817/1845 2146/3302/1822 1679/1826/1360
f 2169/1817/1845 2832/1816/2497 2146/3302/1822
f 2832/1816/2497 1678/3303/1359 2146/3302/1822
f 1671/3299/1352 2128/3304/1804 3202/3305/2862 2168/1822/1844
f 2128/3304/1804 1670/3306/1351 2166/3307/1842 3202/3305/2862
f 2167/3300/1843 3203/1812/2863 2158/1815/1834 1693/3286/1374
f 1677/3301/1358 2133/1771/1809 3203/1812/2863 2167/3300/1843
f 2133/1771/1809 1676/1770/1357 2165/1813/1841 3203/1812/2863
f 2166/3307/1842 3204/1808/2864 2151/1811/1827 1685/3287/1366
f 1670/3306/1351 2127/1795/1803 3204/1808/2864 2166/3307/1842
f 2127/1795/1803 1669/1794/1350 2164/1809/1840 3204/1808/2864
f 2165/1813/1841 3205/3308/2865 2157/3288/1833 1692/1814/1373
f 2163/3309/1839 3206/1804/2866 2150/1807/1826 1683/3292/1364
f 2125/3310/1801 1668/3311/1349 2159/1805/1835 3206/1804/2866
f 2161/3312/1837 3207/1800/2867 2155/1803/1831 1690/3291/1371
f 1675/3313/1356 2132/1791/1808 3207/1800/2867 2161/3312/1837
f 2132/1791/1808 1674/1790/1355 2162/1801/1838 3207/1800/2867
f 2159/1805/1835 3208/1796/2868 2149/1799/1825 1682/1806/1363
f 1668/3311/1349 2124/3314/1800 3208/1796/2868 2159/1805/1835
f 2124/3314/1800 1667/3295/1348 2160/1797/1836 3208/1796/2868
f 2135/3315/1811 3209/1792/2869 2127/1795/1803 1670/3306/1351
f 1657/3316/1339 2104/1751/1780 3209/1792/2869 2135/3315/1811
f 2104/1751/1780 1656/1750/1338 2145/1793/1821 3209/1792/2869
f 1664/1754/1345 2109/1747/1785 3210/3317/2870 2134/1769/1810
f 2109/1747/1785 1663/1746/1344 2144/3318/1820 3210/3317/2870
f 2145/1793/1821 3211/3319/2871 2126/3320/1802 1669/1794/1350
f 1656/1750/1338 2103/1743/1779 3211/3319/2871 2145/1793/1821
f 2103/1743/1779 1655/1742/1337 2143/3321/1819 3211/3319/2871
f 1663/1746/1344 2108/1739/1784 3212/3322/2872 2144/3318/1820
f 2108/1739/1784 1662/1738/1343 2142/3323/1818 3212/3322/2872
f 2142/3323/1818 3214/1788/2873 2132/1791/1808 1675/3313/1356
f 1662/1738/1343 2107/3324/1783 3214/1788/2873 2142/3323/1818
f 2107/3324/1783 1661/3325/1342 2141/1789/1817 3214/1788/2873
f 2141/1789/1817 3215/1784/2874 2131/1787/1807 1674/1790/1355
f 1661/3325/1342 2106/1735/1782 3215/1784/2874 2141/1789/1817
f 2106/1735/1782 1660/1734/1341 2139/1785/1815 3215/1784/2874
f 2140/3326/1816 3216/1780/2875 2123/1783/1799 1667/3295/1348
f 1654/3327/1336 2102/1767/1778 3216/1780/2875 2140/3326/1816
f 2102/1767/1778 1653/1766/1335 2138/1781/1814 3216/1780/2875
f 2138/1781/1814 3217/1777/2876 2122/1779/1798 1666/1782/1347
f 1653/1766/1335 2101/1763/1777 3217/1777/2876 2138/1781/1814
f 2101/1763/1777 1652/1762/1334 2136/1773/1812 3217/1777/2876
f 2137/3328/1813 3218/3329/2877 2129/3298/1805 1672/3297/1353
f 1659/3330/1340 2105/3331/1781 3218/3329/2877 2137/3328/1813
f 2136/1773/1812 2832/3332/2497 1665/1778/1346
f 2136/1773/1812 2830/1772/2495 2832/3332/2497
f 2830/1772/2495 1678/3333/1359 2832/3332/2497
f 2110/1755/1786 1664/1754/1345 2134/1769/1810 3219/1768/2878
f 2112/3334/1788 3220/1764/2879 2102/1767/1778 1654/3327/1336
f 1643/1726/1325 2079/1723/1755 3220/1764/2879 2112/3334/1788
f 2079/1723/1755 1642/1722/1324 2121/1765/1797 3220/1764/2879
f 2086/1719/1762 1647/1718/1329 2120/3335/1796 3221/3336/2880
f 2121/1765/1797 3222/1761/2881 2101/1763/1777 1653/1766/1335
f 1642/1722/1324 2078/1715/1754 3222/1761/2881 2121/1765/1797
f 2078/1715/1754 1641/1714/1323 2119/1757/1795 3222/1761/2881
f 2120/3335/1796 3223/3337/2882 2105/3331/1781 1659/3330/1340
f 1647/1718/1329 2085/3338/1761 3223/3337/2882 2120/3335/1796
f 2119/1757/1795 2830/3339/2495 1652/1762/1334
f 2119/1757/1795 2828/1756/2493 2830/3339/2495
f 2828/1756/2493 1678/3340/1359 2830/3339/2495
f 2084/1707/1760 1646/1706/1328 2118/3341/1794 3224/3342/2883
f 2089/1703/1765 1650/1702/1332 2117/1753/1793 3225/1752/2884
f 2118/3341/1794 3226/1748/2885 2104/1751/1780 1657/3316/1339
f 1646/1706/1328 2083/3343/1759 3226/1748/2885 2118/3341/1794
f 2083/3343/1759 1645/3344/1327 2116/1749/1792 3226/1748/2885
f 2117/1753/1793 3227/1744/2886 2109/1747/1785 1664/1754/1345
f 1650/1702/1332 2088/3345/1764 3227/1744/2886 2117/1753/1793
f 2088/3345/1764 1649/3346/1331 2115/1745/1791 3227/1744/2886
f 2116/1749/1792 3228/1740/2887 2103/1743/1779 1656/1750/1338
f 1645/3344/1327 2082/1731/1758 3228/1740/2887 2116/1749/1792
f 2082/1731/1758 1644/1730/1326 2114/1741/1790 3228/1740/2887
f 2115/1745/1791 3229/1736/2888 2108/1739/1784 1663/1746/1344
f 1649/3346/1331 2087/3347/1763 3229/1736/2888 2115/1745/1791
f 2087/3347/1763 1648/3348/1330 2113/1737/1789 3229/1736/2888
f 1644/1730/1326 2081/3349/1757 3230/3350/1757 2114/1741/1790
f 2113/1737/1789 3231/3351/2889 2107/3324/1783 1662/1738/1343
f 2080/1727/1756 1643/1726/1325 2112/3334/1788 3232/3352/2890
f 2093/1701/1769 3234/3353/2891 2088/3345/1764 1650/1702/1332
f 1639/1682/1321 2062/3354/1739 3234/3353/2891 2093/1701/1769
f 2091/3355/1767 3235/1728/2892 2082/1731/1758 1645/3344/1327
f 1635/1678/1317 2055/1675/1733 3235/1728/2892 2091/3355/1767
f 2055/1675/1733 1634/1674/1316 2100/1729/1776 3235/1728/2892
f 1638/3356/1320 2061/3357/1738 3236/3358/1775 2099/3359/1775
f 1633/1670/1315 2053/1667/1731 3237/1724/2893 2098/3360/1774
f 2053/1667/1731 1632/1666/1314 2097/1725/1773 3237/1724/2893
f 2097/1725/1773 3238/1720/2894 2079/1723/1755 1643/1726/1325
f 1632/1666/1314 2052/1663/1730 3238/1720/2894 2097/1725/1773
f 2052/1663/1730 1631/1662/1313 2096/1721/1772 3238/1720/2894
f 2059/1699/1737 1637/1698/1319 2095/1717/1771 3239/1716/2895
f 2096/1721/1772 3240/1713/2896 2078/1715/1754 1642/1722/1324
f 1631/1662/1313 2051/1695/1729 3240/1713/2896 2096/1721/1772
f 2051/1695/1729 1630/1694/1312 2094/1709/1770 3240/1713/2896
f 2095/1717/1771 3241/3361/2897 2085/3338/1761 1647/1718/1329
f 1637/1698/1319 2058/3362/1736 3241/3361/2897 2095/1717/1771
f 2829/1712/2494 2092/3363/1768 1651/3364/1333
f 2829/1712/2494 2827/1711/2492 2092/3363/1768
f 2827/1711/2492 1640/3365/1322 2092/3363/1768
f 2094/1709/1770 2828/3366/2493 1641/1714/1323
f 2094/1709/1770 2826/1708/2491 2828/3366/2493
f 2826/1708/2491 1678/3367/1359 2828/3366/2493
f 2057/1687/1735 1636/1686/1318 2090/1705/1766 3242/1704/2898
f 2092/3363/1768 3243/1700/2899 2089/1703/1765 1651/3364/1333
f 1640/3365/1322 2063/1683/1740 3243/1700/2899 2092/3363/1768
f 2063/1683/1740 1639/1682/1321 2093/1701/1769 3243/1700/2899
f 1624/3368/1306 2040/1655/1719 3244/1696/2900 2067/3369/1743
f 2040/1655/1719 1623/1654/1305 2077/1697/1753 3244/1696/2900
f 2065/1661/1742 3245/1693/2901 2051/1695/1729 1631/1662/1313
f 1616/1658/1298 2032/1651/1711 3245/1693/2901 2065/1661/1742
f 2032/1651/1711 1615/1650/1297 2076/1689/1752 3245/1693/2901
f 2077/1697/1753 3246/3370/2902 2058/3362/1736 1637/1698/1319
f 1623/1654/1305 2039/1648/1718 3246/3370/2902 2077/1697/1753
f 2039/1648/1718 1622/1647/1304 2075/3371/1751 3246/3370/2902
f 2827/1692/2492 2074/3372/1750 1640/3365/1322
f 2827/1692/2492 2816/1691/2481 2074/3372/1750
f 2816/1691/2481 1629/3373/1311 2074/3372/1750
f 2076/1689/1752 2826/3374/2491 1630/1694/1312
f 2076/1689/1752 2815/1688/2480 2826/3374/2491
f 2815/1688/2480 1678/3375/1359 2826/3374/2491
f 1622/1647/1304 2038/1638/1717 3247/1684/2903 2075/3371/1751
f 2038/1638/1717 1621/1637/1303 2073/1685/1749 3247/1684/2903
f 2074/3372/1750 3248/1680/2904 2063/1683/1740 1640/3365/1322
f 1629/3373/1311 2045/1634/1723 3248/1680/2904 2074/3372/1750
f 2045/1634/1723 1628/1633/1310 2072/1681/1748 3248/1680/2904
f 2073/1685/1749 3249/1676/2905 2056/1679/1734 1636/1686/1318
f 1621/1637/1303 2037/3376/1716 3249/1676/2905 2073/1685/1749
f 2037/3376/1716 1620/3377/1302 2071/1677/1747 3249/1676/2905
f 2072/1681/1748 3250/3378/2906 2062/3354/1739 1639/1682/1321
f 1628/1633/1310 2044/1630/1722 3250/3378/2906 2072/1681/1748
f 2071/1677/1747 3251/1672/2907 2055/1675/1733 1635/1678/1317
f 1620/3377/1302 2036/1626/1715 3251/1672/2907 2071/1677/1747
f 2036/1626/1715 1619/1625/1301 2070/1673/1746 3251/1672/2907
f 2043/1622/1721 1626/1621/1308 2069/3379/1745 3252/3380/2908
f 2070/1673/1746 3253/1668/2909 2054/1671/1732 1634/1674/1316
f 1619/1625/1301 2035/1618/1714 3253/1668/2909 2070/1673/1746
f 2035/1618/1714 1618/1617/1300 2068/1669/1744 3253/1668/2909
f 2069/3379/1745 3254/3381/2910 2061/3357/1738 1638/3356/1320
f 1626/1621/1308 2042/3382/1720 3254/3381/2910 2069/3379/1745
f 2042/3382/1720 1625/3383/1307 2066/3384/1307 3254/3381/2910
f 2068/1669/1744 3255/1664/2911 2053/1667/1731 1633/1670/1315
f 1618/1617/1300 2034/1614/1713 3255/1664/2911 2068/1669/1744
f 2034/1614/1713 1617/1613/1299 2064/1665/1741 3255/1664/2911
f 2064/1665/1741 3256/1660/2912 2052/1663/1730 1632/1666/1314
f 1617/1613/1299 2033/1659/1712 3256/1660/2912 2064/1665/1741
f 2033/1659/1712 1616/1658/1298 2065/1661/1742 3256/1660/2912
f 2046/1612/1724 3257/1656/2913 2033/1659/1712 1617/1613/1299
f 1610/2916/1292 2808/2909/2473 3257/1656/2913 2046/1612/1724
f 2808/2909/2473 2024/2908/1703 2824/1657/2489 3257/1656/2913
f 2825/3385/2490 3258/1652/2914 2040/1655/1719 1624/3368/1306
f 2026/2912/1705 2812/2905/2477 3258/1652/2914 2825/3385/2490
f 2812/2905/2477 1614/2904/1296 2050/1653/1728 3258/1652/2914
f 2824/1657/2489 3259/1649/2915 2032/1651/1711 1616/1658/1298
f 2024/2908/1703 2794/2901/2459 3259/1649/2915 2824/1657/2489
f 2794/2901/2459 2023/1639/1702 2823/1641/2488 3259/1649/2915
f 2050/1653/1728 3260/1645/2916 2039/1648/1718 1623/1654/1305
f 1614/2904/1296 2031/2899/1710 3260/1645/2916 2050/1653/1728
f 2031/2899/1710 1613/2898/1295 2049/1646/1727 3260/1645/2916
f 2816/1644/2481 2822/3386/2487 1629/3373/1311
f 2816/1644/2481 2814/1643/2479 2822/3386/2487
f 2814/1643/2479 2029/2924/1708 2822/3386/2487
f 2823/1641/2488 2815/3387/2480 1615/1650/1297
f 2823/1641/2488 2807/1640/2472 2815/3387/2480
f 2807/1640/2472 1678/3388/1359 2815/3387/2480
f 2049/1646/1727 3261/1635/2917 2038/1638/1717 1622/1647/1304
f 1613/2898/1295 2030/2929/1709 3261/1635/2917 2049/1646/1727
f 2030/2929/1709 1612/3389/1294 2048/1636/1726 3261/1635/2917
f 2822/3386/2487 3262/1631/2918 2045/1634/1723 1629/3373/1311
f 2029/2924/1708 2797/2931/2462 3262/1631/2918 2822/3386/2487
f 2821/1632/2486 3263/1627/2919 2044/1630/1722 1628/1633/1310
f 2796/2890/2461 2028/2889/1707 2819/1628/2484 3263/1627/2919
f 2820/3390/2485 3264/1623/2920 2036/1626/1715 1620/3377/1302
f 2811/2886/2476 1611/2885/1293 2047/1624/1725 3264/1623/2920
f 2819/1628/2484 3265/1619/2921 2043/1622/1721 1627/1629/1309
f 2028/2889/1707 2795/2882/2460 3265/1619/2921 2819/1628/2484
f 2795/2882/2460 2027/2881/1706 2818/1620/2483 3265/1619/2921
f 2047/1624/1725 3266/1615/2922 2035/1618/1714 1619/1625/1301
f 1611/2885/1293 2810/2878/2475 3266/1615/2922 2047/1624/1725
f 2810/2878/2475 2025/2877/1704 2817/1616/2482 3266/1615/2922
f 2818/1620/2483 3267/3391/2923 2042/3382/1720 1626/1621/1308
f 2817/1616/2482 3268/1611/2924 2034/1614/1713 1618/1617/1300
f 2025/2877/1704 2809/2917/2474 3268/1611/2924 2817/1616/2482
f 2809/2917/2474 1610/2916/1292 2046/1612/1724 3268/1611/2924
l 2041 1625
l 2263 1733
l 2339 1785
l 2389 1801
l 2397 1793
l 2399 1794
l 2426 1831
l 2880 2015
l 1624 2041
l 1648 2099
l 1658 2105
l 1718 2210
l 1780 2350
l 1830 2456
l 2015 2780
l 2893 2801
l 2781 2906
l 2924 2739
l 2635 2972
l 2487 3033
l 3066 2454
l 2432 3066
l 3096 2357
l 3111 2350
l 3135 2291
l 2291 3146
l 3213 2125
l 3213 2143
l 3221 2111
o Circle
v 1.207650 3.231099 -1.392047
v 1.576113 3.084658 -1.154781
v 1.846927 2.922110 -0.906849
v 2.117620 2.655103 -0.556372
v 2.259838 2.419564 -0.249599
v 2.341848 2.088148 0.140372
v 2.298474 1.688517 0.579509
v 2.266593 1.646505 0.679455
v 2.011561 1.191897 1.118989
v 1.738027 0.924460 1.378761
v 1.391190 0.684842 1.589867
v 0.743291 0.374719 1.776098
v 0.578338 0.361242 1.820074
v 0.154795 0.281459 1.840721
v -0.371992 0.243806 1.774854
v -0.806862 0.281723 1.654290
v -1.199296 0.371843 1.480982
v -1.438127 0.474497 1.350010
v -1.875820 0.714036 0.960364
v -2.111631 0.951581 0.641809
v -2.266126 1.221776 0.300316
v -2.313225 1.392423 0.134629
v -2.311062 1.818595 -0.401847
v -2.189838 2.137976 -0.752988
v -1.991088 2.424425 -1.046328
v -1.702312 2.693147 -1.318166
v -1.328991 2.937544 -1.536628
v -0.994044 3.103511 -1.647969
v -0.618489 3.233922 -1.721017
v -0.110664 3.328968 -1.747008
v 0.391226 3.348098 -1.693637
v 0.795177 3.322173 -1.573512
v 1.395880 3.161788 -1.277212
v 1.734753 2.990476 -1.016459
v 1.884113 2.901073 -0.844801
v 2.203365 2.518687 -0.383731
v 2.307657 2.266575 -0.063507
v 2.336447 1.901602 0.339481
v 2.271278 1.637570 0.650893
v 2.133910 1.369581 0.945269
v 1.880095 1.055912 1.252432
v 1.572505 0.804814 1.487090
v 0.680541 0.385690 1.798266
v 0.558664 0.379682 1.834775
v -0.994932 0.321856 1.576357
v -1.381248 0.439253 1.370725
v -1.723317 0.611125 1.108820
v -1.999485 0.830019 0.803264
v -2.195200 1.084623 0.472286
v -2.305249 1.362190 0.131667
v -2.331282 1.640191 -0.186730
v -1.871136 2.547554 -1.164321
v -1.078821 3.056704 -1.625295
v -0.782923 3.177017 -1.694086
v -0.379359 3.287058 -1.738782
v 0.120155 3.346707 -1.725659
v 0.702075 3.323759 -1.608457
v 1.003167 3.281100 -1.487478
v 1.303031 3.197936 -1.336127
v 1.657253 3.038773 -1.086724
v 1.813995 2.956129 -0.921466
v 2.163844 2.585978 -0.468969
v 2.254677 2.430324 -0.240203
v 2.342462 2.005750 0.233155
v 2.293087 1.692374 0.587417
v 2.233618 1.570072 0.762004
v 1.947837 1.123143 1.186922
v 1.657090 0.863734 1.434314
v 1.269715 0.612738 1.637823
v 0.518372 0.352563 1.827996
v -0.028695 0.252054 1.819915
v -0.495826 0.244110 1.741138
v -0.892701 0.299684 1.620498
v -1.294249 0.404891 1.425354
v -1.619931 0.552652 1.203290
v -1.939626 0.770896 0.882762
v -2.155632 1.017218 0.557666
v -2.288541 1.293377 0.213296
v -2.325482 1.467471 0.045395
v -2.289976 1.890400 -0.490229
v -2.138613 2.215617 -0.845000
v -1.938227 2.481099 -1.099589
v -0.890219 3.141353 -1.672508
v -0.620163 3.242815 -1.708819
v 0.004341 3.339453 -1.738181
v 0.898999 3.303414 -1.532449
v 1.487633 3.124568 -1.217255
v 1.806386 2.945045 -0.949480
v 2.043598 2.742481 -0.662600
v 2.239075 2.455747 -0.303090
v 2.330134 2.166689 0.048626
v 2.256437 1.601909 0.698419
v 2.068125 1.267048 1.043440
v 1.810880 0.989274 1.316987
v 1.486066 0.746075 1.539040
v 0.662952 0.384127 1.805873
v 0.443703 0.351298 1.846181
v -0.358561 0.239554 1.771576
v -0.801099 0.275350 1.649447
v -1.098318 0.345348 1.530195
v -1.436343 0.464245 1.339407
v -1.803052 0.662138 1.033934
v -2.057767 0.889906 0.723167
v -2.233036 1.152592 0.386569
v -2.315771 1.406261 0.087273
v -2.322952 1.738930 -0.308504
v -2.197304 2.117712 -0.737190
v -1.991471 2.414824 -1.048556
v -1.796942 2.617538 -1.234584
v -1.374108 2.913090 -1.512638
v -1.076283 3.066056 -1.622383
v -0.681575 3.210319 -1.712968
v -0.229729 3.311176 -1.747062
v 0.243408 3.351918 -1.711869
v 0.706308 3.330861 -1.602627
v 1.106658 3.257597 -1.441269
v 1.522738 3.078688 -1.228544
v 1.841984 2.890851 -0.952316
v 2.026169 2.739751 -0.726995
v 2.257501 2.401804 -0.306244
v 2.327470 2.199233 -0.045339
v 2.334940 1.803107 0.399050
v 2.221539 1.458242 0.768812
v 1.795746 0.933963 1.307734
v 1.465576 0.693376 1.525777
v 1.075368 0.491937 1.686476
v 0.639923 0.333315 1.779915
v 0.226205 0.254589 1.810555
v -0.223176 0.219792 1.779802
v -0.717466 0.236127 1.653238
v -1.132953 0.318920 1.482355
v -1.503374 0.455076 1.257893
v -2.071521 0.873959 0.668247
v -2.240395 1.139327 0.329696
v -2.322775 1.428718 -0.020817
v -2.226593 2.022042 -0.688373
v -2.036567 2.330636 -1.012773
v -1.770670 2.604408 -1.283609
v -1.425614 2.849476 -1.512174
v -1.025731 3.051042 -1.670466
v -0.633747 3.188935 -1.751624
v -0.317124 3.271096 -1.772394
v 0.274790 3.320929 -1.737721
v 0.764054 3.288633 -1.619904
v 1.145824 3.215952 -1.456802
v 1.687182 2.988278 -1.093613
v 1.970827 2.779597 -0.799439
v 2.307102 2.252811 -0.127202
v 2.344657 1.989952 0.200387
v 2.284756 1.618837 0.594239
v 2.162208 1.367057 0.875576
v 1.953923 1.100300 1.160040
v 1.634996 0.810578 1.420978
v 1.276485 0.590669 1.610167
v 0.670449 0.332307 1.758296
v 0.431274 0.298789 1.804789
v -0.643677 0.217246 1.659772
v -1.069685 0.291436 1.495243
v -1.318593 0.382425 1.375949
v -1.651638 0.537331 1.138432
v -1.948059 0.752375 0.834852
v -2.162209 1.004463 0.500344
v -2.288190 1.282666 0.154793
v -2.326453 1.565348 -0.176803
v -2.284115 1.863375 -0.501105
v -1.807246 2.550177 -1.257990
v -1.615526 2.723344 -1.391891
v -0.797678 3.131123 -1.723526
v -0.412127 3.240338 -1.770198
v 0.003350 3.311452 -1.760438
v 0.501803 3.313696 -1.688124
v 0.988716 3.246597 -1.530007
v 1.337856 3.151379 -1.346682
v 1.606548 3.034852 -1.162373
v 1.908867 2.835785 -0.876215
v 2.285741 2.324333 -0.214018
v 2.315679 1.722420 0.487606
v 2.196282 1.420385 0.816104
v 1.716936 0.871085 1.365877
v 1.372550 0.640898 1.569554
v 0.934968 0.433096 1.720362
v 0.220364 0.261082 1.815087
v -0.400554 0.212180 1.735632
v -0.850612 0.254341 1.601115
v -1.223977 0.348638 1.432372
v -1.585621 0.498188 1.193143
v -1.865381 0.686387 0.939777
v -2.119055 0.938293 0.584950
v -2.266647 1.210346 0.242567
v -2.326745 1.502408 -0.106664
v -2.220838 2.038807 -0.698096
v -1.954385 2.418509 -1.109307
v -1.697254 2.663012 -1.336939
v -1.289661 2.914330 -1.585244
v -0.796961 3.120960 -1.734065
v -0.522805 3.216195 -1.762793
v 0.388873 3.318882 -1.714737
v 0.991417 3.236320 -1.540413
v 1.242807 3.185255 -1.403369
v 1.766493 2.940743 -1.023981
v 2.021892 2.734057 -0.734536
v 2.209637 2.496353 -0.411250
v 2.324295 2.195160 -0.054487
v 2.343121 1.886114 0.307174
v 2.219868 1.446929 0.758791
v 2.160397 1.370785 0.884360
v 1.870605 1.006115 1.240581
v 1.551815 0.750859 1.474954
v 1.179152 0.541188 1.649602
v 0.574902 0.305629 1.772989
v 0.321107 0.271789 1.807241
v -0.647357 0.226798 1.670313
v -1.072171 0.301029 1.506484
v -1.412595 0.417392 1.318194
v -1.656871 0.545367 1.141444
v -2.013883 0.813447 0.749243
v -2.203652 1.071234 0.415356
v -2.307923 1.355367 0.066910
v -2.328378 1.574858 -0.174822
v -2.252328 1.953708 -0.613114
v -2.091998 2.260852 -0.932014
v -1.810988 2.561904 -1.249479
v -1.529675 2.784449 -1.448127
v -1.157268 3.000834 -1.620381
v -0.735256 3.156600 -1.733892
v -0.320335 3.261470 -1.775112
v 0.151996 3.316669 -1.752531
v 0.618826 3.306430 -1.659400
v 1.049815 3.237988 -1.501084
v 1.431872 3.116408 -1.288917
vn -0.7605 0.4598 -0.4585
vn 0.9487 -0.2954 0.1130
vn 0.8717 -0.3840 0.3045
vn -0.2793 0.6984 -0.6590
vn 0.7507 -0.4668 0.4676
vn 0.6096 -0.5700 0.5509
vn 0.1044 0.7529 -0.6498
vn 0.1770 -0.4914 0.8528
vn 0.4685 0.7101 -0.5256
vn 0.7014 0.3796 -0.6033
vn 0.7608 0.1243 -0.6369
vn 0.9152 0.2244 -0.3348
vn -0.4823 -0.7056 0.5191
vn 0.9182 -0.0746 -0.3891
vn -0.5687 -0.7506 0.3363
vn 0.9981 -0.0350 -0.0500
vn -0.7694 -0.5605 0.3063
vn -0.8692 -0.4648 0.1685
vn -0.9357 -0.3518 0.0252
vn 0.5823 0.7002 -0.4130
vn 0.8417 -0.4047 0.3574
vn -0.9195 -0.3520 -0.1749
vn 0.7199 0.6252 -0.3014
vn 0.7222 -0.5255 0.4496
vn -0.9377 -0.1733 -0.3010
vn 0.5789 -0.6493 0.4932
vn 0.8908 0.4543 0.0015
vn 0.2274 -0.7441 0.6281
vn -0.7089 0.2181 -0.6708
vn 0.9529 0.1701 0.2509
vn 0.8034 0.1913 0.5639
vn -0.2257 -0.6732 0.7041
vn -0.3941 0.5830 -0.7105
vn -0.4179 -0.6136 0.6700
vn -0.2332 0.4509 -0.8616
vn 0.7405 -0.1821 0.6469
vn -0.5067 -0.7292 0.4599
vn -0.0502 0.4996 -0.8648
vn 0.6095 -0.2888 0.7383
vn 0.1536 0.5147 -0.8435
vn 0.4515 -0.4064 0.7944
vn -0.7806 -0.5777 0.2385
vn 0.3656 0.6575 -0.6588
vn -0.8725 -0.4778 0.1021
vn 0.5147 0.5001 -0.6964
vn 0.1649 -0.6272 0.7612
vn -0.9306 -0.3637 -0.0415
vn 0.6261 0.6511 -0.4289
vn -0.1261 -0.3793 0.9166
vn 0.7598 0.5674 -0.3174
vn -0.3092 -0.4764 0.8230
vn -0.9003 -0.2073 -0.3828
vn -0.4784 -0.4140 0.7744
vn -0.8958 0.3816 -0.2277
vn 0.9314 0.3620 -0.0375
vn -0.6265 -0.4200 0.6566
vn -0.8061 0.3280 -0.4926
vn -0.6153 0.0431 -0.7871
vn 0.9460 0.1342 0.2950
vn -0.8739 -0.2471 0.4186
vn -0.5092 0.6751 -0.5338
vn 0.9100 0.0012 0.4147
vn -0.9502 -0.1390 0.2789
vn -0.3632 0.4497 -0.8160
vn -0.9911 -0.0242 0.1309
vn -0.1945 0.2353 -0.9523
vn 0.7284 -0.2519 0.6371
vn 0.0060 0.5130 -0.8583
vn 0.5890 -0.3527 0.7271
vn -0.8984 -0.1743 -0.4032
vn 0.2057 0.3836 -0.9003
vn -0.8667 0.4477 -0.2202
vn 0.3884 0.5206 -0.7604
vn -0.7763 0.5173 -0.3602
vn 0.5519 0.4443 -0.7057
vn -0.3215 0.7297 -0.6034
vn -0.5026 -0.4975 0.7070
vn -0.6511 -0.4755 0.5915
vn 0.0553 0.7919 -0.6081
vn -0.7808 -0.4046 0.4760
vn -0.8948 -0.2677 0.3573
vn 0.4213 0.7575 -0.4988
vn -0.9642 -0.1556 0.2147
vn 0.6705 0.4396 -0.5976
vn -0.9966 -0.0640 0.0522
vn 0.7935 0.3183 -0.5187
vn 0.9630 0.1096 -0.2461
vn 0.9955 0.0002 -0.0950
vt 0.000000 0.000000
s 0
usemtl Material.008
f 3350/3392/2925 3320/3392/2925 3435/3392/2925 3461/3392/2925
f 3307/3392/2926 3360/3392/2926 3474/3392/2926 3419/3392/2926
f 3308/3392/2927 3361/3392/2927 3475/3392/2927 3420/3392/2927
f 3351/3392/2928 3322/3392/2928 3437/3392/2928 3464/3392/2928
f 3309/3392/2929 3362/3392/2929 3476/3392/2929 3421/3392/2929
f 3310/3392/2930 3363/3392/2930 3477/3392/2930 3422/3392/2930
f 3353/3392/2931 3324/3392/2931 3439/3392/2931 3465/3392/2931
f 3311/3392/2932 3364/3392/2932 3479/3392/2932 3424/3392/2932
f 3354/3392/2933 3326/3392/2933 3441/3392/2933 3467/3392/2933
f 3355/3392/2934 3270/3392/2934 3386/3392/2934 3468/3392/2934
f 3356/3392/2935 3271/3392/2935 3387/3392/2935 3469/3392/2935
f 3357/3392/2936 3272/3392/2936 3388/3392/2936 3470/3392/2936
f 3313/3392/2937 3368/3392/2937 3482/3392/2937 3427/3392/2937
f 3358/3392/2938 3273/3392/2938 3389/3392/2938 3471/3392/2938
f 3314/3392/2939 3369/3392/2939 3483/3392/2939 3428/3392/2939
f 3359/3392/2940 3274/3392/2940 3390/3392/2940 3472/3392/2940
f 3315/3392/2941 3370/3392/2941 3484/3392/2941 3429/3392/2941
f 3316/3392/2942 3371/3392/2942 3485/3392/2942 3430/3392/2942
f 3317/3392/2943 3372/3392/2943 3486/3392/2943 3431/3392/2943
f 3269/3392/2944 3327/3392/2944 3442/3392/2944 3385/3392/2944
f 3361/3392/2945 3277/3392/2945 3392/3392/2945 3475/3392/2945
f 3318/3392/2946 3373/3392/2946 3487/3392/2946 3432/3392/2946
f 3270/3392/2947 3328/3392/2947 3443/3392/2947 3386/3392/2947
f 3362/3392/2948 3278/3392/2948 3393/3392/2948 3476/3392/2948
f 3319/3392/2949 3374/3392/2949 3488/3392/2949 3433/3392/2949
f 3363/3392/2950 3279/3392/2950 3394/3392/2950 3477/3392/2950
f 3272/3392/2951 3330/3392/2951 3444/3392/2951 3388/3392/2951
f 3364/3392/2952 3281/3392/2952 3396/3392/2952 3479/3392/2952
f 3320/3392/2953 3377/3392/2953 3491/3392/2953 3435/3392/2953
f 3274/3392/2954 3332/3392/2954 3445/3392/2954 3390/3392/2954
f 3275/3392/2955 3333/3392/2955 3446/3392/2955 3391/3392/2955
f 3366/3392/2956 3283/3392/2956 3398/3392/2956 3480/3392/2956
f 3321/3392/2957 3379/3392/2957 3493/3392/2957 3436/3392/2957
f 3367/3392/2958 3284/3392/2958 3399/3392/2958 3481/3392/2958
f 3322/3392/2959 3380/3392/2959 3494/3392/2959 3437/3392/2959
f 3277/3392/2960 3335/3392/2960 3447/3392/2960 3392/3392/2960
f 3368/3392/2961 3285/3392/2961 3400/3392/2961 3482/3392/2961
f 3323/3392/2962 3381/3392/2962 3495/3392/2962 3438/3392/2962
f 3278/3392/2963 3336/3392/2963 3448/3392/2963 3393/3392/2963
f 3324/3392/2964 3382/3392/2964 3496/3392/2964 3439/3392/2964
f 3279/3392/2965 3337/3392/2965 3449/3392/2965 3394/3392/2965
f 3370/3392/2966 3287/3392/2966 3401/3392/2966 3484/3392/2966
f 3325/3392/2967 3383/3392/2967 3497/3392/2967 3440/3392/2967
f 3371/3392/2968 3288/3392/2968 3402/3392/2968 3485/3392/2968
f 3326/3392/2969 3384/3392/2969 3498/3392/2969 3441/3392/2969
f 3281/3392/2970 3338/3392/2970 3450/3392/2970 3396/3392/2970
f 3372/3392/2971 3289/3392/2971 3403/3392/2971 3486/3392/2971
f 3327/3392/2972 3301/3392/2972 3414/3392/2972 3442/3392/2972
f 3282/3392/2973 3339/3392/2973 3451/3392/2973 3397/3392/2973
f 3328/3392/2974 3302/3392/2974 3415/3392/2974 3443/3392/2974
f 3283/3392/2975 3340/3392/2975 3452/3392/2975 3398/3392/2975
f 3374/3392/2976 3291/3392/2976 3404/3392/2976 3488/3392/2976
f 3284/3392/2977 3341/3392/2977 3453/3392/2977 3399/3392/2977
f 3375/3392/2978 3292/3392/2978 3405/3392/2978 3489/3392/2978
f 3330/3392/2979 3304/3392/2979 3416/3392/2979 3444/3392/2979
f 3285/3392/2980 3342/3392/2980 3454/3392/2980 3400/3392/2980
f 3376/3392/2981 3293/3392/2981 3406/3392/2981 3490/3392/2981
f 3377/3392/2982 3294/3392/2982 3407/3392/2982 3491/3392/2982
f 3332/3392/2983 3306/3392/2983 3418/3392/2983 3445/3392/2983
f 3287/3392/2984 3344/3392/2984 3456/3392/2984 3401/3392/2984
f 3378/3392/2985 3295/3392/2985 3408/3392/2985 3492/3392/2985
f 3333/3392/2986 3307/3392/2986 3419/3392/2986 3446/3392/2986
f 3288/3392/2987 3345/3392/2987 3457/3392/2987 3402/3392/2987
f 3379/3392/2988 3296/3392/2988 3409/3392/2988 3493/3392/2988
f 3289/3392/2989 3346/3392/2989 3458/3392/2989 3403/3392/2989
f 3380/3392/2990 3297/3392/2990 3410/3392/2990 3494/3392/2990
f 3335/3392/2991 3309/3392/2991 3421/3392/2991 3447/3392/2991
f 3381/3392/2992 3298/3392/2992 3411/3392/2992 3495/3392/2992
f 3336/3392/2993 3310/3392/2993 3422/3392/2993 3448/3392/2993
f 3291/3392/2994 3348/3392/2994 3459/3392/2994 3404/3392/2994
f 3382/3392/2995 3299/3392/2995 3412/3392/2995 3496/3392/2995
f 3292/3392/2996 3349/3392/2996 3460/3392/2996 3405/3392/2996
f 3383/3392/2997 3300/3392/2997 3413/3392/2997 3497/3392/2997
f 3293/3392/2998 3350/3392/2998 3461/3392/2998 3406/3392/2998
f 3384/3392/2999 3269/3392/2999 3385/3392/2999 3498/3392/2999
f 3296/3392/3000 3351/3392/3000 3464/3392/3000 3409/3392/3000
f 3341/3392/3001 3313/3392/3001 3427/3392/3001 3453/3392/3001
f 3342/3392/3002 3314/3392/3002 3428/3392/3002 3454/3392/3002
f 3298/3392/3003 3353/3392/3003 3465/3392/3003 3411/3392/3003
f 3343/3392/3004 3315/3392/3004 3429/3392/3004 3455/3392/3004
f 3344/3392/3005 3316/3392/3005 3430/3392/3005 3456/3392/3005
f 3300/3392/3006 3354/3392/3006 3467/3392/3006 3413/3392/3006
f 3345/3392/3007 3317/3392/3007 3431/3392/3007 3457/3392/3007
f 3301/3392/3008 3355/3392/3008 3468/3392/3008 3414/3392/3008
f 3346/3392/3009 3318/3392/3009 3432/3392/3009 3458/3392/3009
f 3302/3392/3010 3356/3392/3010 3469/3392/3010 3415/3392/3010
f 3304/3392/3011 3358/3392/3011 3471/3392/3011 3416/3392/3011
f 3305/3392/3012 3359/3392/3012 3472/3392/3012 3417/3392/3012
l 3329 3271
l 3331 3273
l 3334 3276
l 3343 3286
l 3347 3290
l 3352 3297
l 3357 3303
l 3365 3312
l 3303 3329
l 3305 3331
l 3308 3334
l 3312 3338
l 3319 3347
l 3323 3352
l 3276 3360
l 3282 3365
l 3286 3369
l 3290 3373
l 3462 3407
l 3463 3408
l 3466 3412
l 3473 3418
l 3478 3423
l 3480 3425
l 3481 3426
l 3490 3434
l 3423 3449
l 3425 3451
l 3426 3452
l 3434 3460
l 3436 3463
l 3440 3466
l 3391 3473
l 3395 3478
l 3280 3395
o Circle.001
v 0.283251 1.643512 1.922702
v 0.656060 1.643513 1.840437
v 1.005225 1.643469 1.687279
v 1.584090 1.643679 1.191370
v 1.804488 1.652277 0.841262
v 1.927594 1.643679 0.513557
v 1.993689 1.643513 0.139479
v 1.982635 1.652277 -0.275975
v 1.902931 1.643679 -0.616846
v 1.746867 1.645158 -0.971401
v 1.458861 1.652251 -1.359448
v 0.926265 1.645291 -1.751925
v 0.599363 1.638705 -1.881298
v 0.202516 1.643513 -1.952639
v -0.186530 1.645157 -1.944371
v -0.492676 1.626480 -1.880397
v -0.895948 1.642855 -1.712274
v -1.235013 1.651292 -1.474587
v -1.489934 1.644714 -1.201649
v -1.684221 1.643513 -0.893047
v -1.822939 1.643513 -0.537371
v -1.889702 1.643647 -0.161022
v -1.869626 1.649432 0.315248
v -1.809613 1.638705 0.561180
v -1.645975 1.643513 0.942615
v -1.427308 1.643513 1.255558
v -1.151791 1.643513 1.519829
v -0.829317 1.643679 1.725684
v -0.377648 1.651291 1.889864
v -0.246021 1.625247 1.911724
v 0.470863 1.643513 1.887023
v 0.833100 1.643513 1.768845
v 1.117856 1.638705 1.614602
v 1.529133 1.652318 1.253011
v 1.690788 1.643679 1.034312
v 1.900258 1.652277 0.591968
v 1.965857 1.643513 0.328405
v 1.995350 1.643679 -0.052290
v 1.923764 1.652277 -0.536463
v 1.831868 1.643522 -0.792094
v 1.437176 1.638871 -1.374876
v 1.015551 1.649517 -1.699771
v 0.391665 1.643469 -1.924788
v 0.011511 1.643522 -1.954251
v -0.726141 1.642855 -1.792182
v -0.945288 1.626727 -1.679321
v -1.586262 1.643521 -1.056866
v -1.758783 1.643513 -0.717238
v -1.861770 1.643513 -0.350392
v -1.891802 1.649504 0.030912
v -1.854947 1.638835 0.365149
v -1.727916 1.643469 0.769816
v -1.541219 1.643513 1.102285
v -1.293416 1.643513 1.391724
v -0.993906 1.643513 1.627258
v -0.622989 1.652277 1.812134
v -0.431397 1.625494 1.871588
v 0.088256 1.642855 1.932320
v 0.377310 1.643513 1.906883
v 0.745219 1.643513 1.806575
v 1.080106 1.642856 1.640544
v 1.638274 1.643531 1.115040
v 1.948429 1.643522 0.422344
v 1.996529 1.643522 0.044105
v 1.869579 1.643522 -0.704263
v 1.682613 1.652316 -1.075061
v 1.458242 1.644501 -1.355936
v 0.818391 1.652289 -1.801016
v 0.488628 1.642856 -1.906879
v 0.107184 1.643513 -1.955473
v -0.305105 1.652277 -1.925123
v -0.621196 1.638705 -1.836172
v -0.943907 1.638718 -1.682271
v -1.535185 1.643647 -1.135767
v -1.723320 1.643513 -0.806058
v -1.844317 1.643513 -0.444425
v -1.892885 1.644714 -0.063753
v -1.864629 1.644056 0.324949
v -1.767125 1.642856 0.678213
v -1.595369 1.643513 1.023453
v -1.361904 1.643513 1.324971
v -1.074101 1.643513 1.575148
v -0.736349 1.645157 1.767680
v -0.407301 1.640287 1.879988
v -0.036914 1.638639 1.931700
v 0.564086 1.643513 1.865668
v 0.920355 1.643512 1.729720
v 1.063633 1.626480 1.648969
v 1.533352 1.645158 1.250342
v 1.745212 1.645157 0.947665
v 1.903281 1.645157 0.587472
v 1.981802 1.643513 0.234108
v 1.992463 1.645157 -0.154572
v 1.923780 1.645157 -0.541880
v 1.792460 1.643679 -0.880074
v 1.482566 1.626506 -1.327214
v 1.001468 1.644880 -1.709354
v 0.728441 1.626480 -1.838757
v 0.297150 1.643512 -1.940752
v -0.084850 1.643679 -1.951513
v -0.815699 1.643426 -1.752015
v -1.118932 1.640353 -1.565250
v -1.479699 1.649504 -1.213968
v -1.637027 1.643513 -0.975922
v -1.792819 1.643513 -0.627862
v -1.877724 1.643521 -0.256060
v -1.856058 1.626491 0.365345
v -1.688667 1.643512 0.857324
v -1.485815 1.643513 1.180240
v -1.223868 1.643513 1.457372
v -0.912851 1.643522 1.678101
v -0.297070 1.630648 1.902422
v 0.187855 1.643469 1.929525
v 0.588188 1.681499 1.861223
v 0.943175 1.681508 1.720629
v 1.262408 1.681342 1.514740
v 1.711400 1.708180 1.007780
v 1.755254 1.681552 0.933325
v 1.916670 1.686317 0.551422
v 1.986979 1.681552 0.209658
v 1.992875 1.681508 -0.171629
v 1.914885 1.686317 -0.579293
v 1.783470 1.681552 -0.902521
v 1.573821 1.682191 -1.226408
v 1.274306 1.686643 -1.527384
v 0.643848 1.682031 -1.866656
v 0.305296 1.672744 -1.943348
v -0.108592 1.681508 -1.951825
v -0.487255 1.682165 -1.882524
v -1.144801 1.679856 -1.547999
v -1.444189 1.684656 -1.260353
v -1.650374 1.680308 -0.958164
v -1.802524 1.681508 -0.605309
v -1.882834 1.681508 -0.232081
v -1.888996 1.681374 0.147902
v -1.823107 1.675267 0.521226
v -1.695916 1.672744 0.850425
v -1.472456 1.681508 1.200838
v -1.206746 1.681508 1.474969
v -0.892661 1.681508 1.691994
v -0.542013 1.681552 1.843666
v -0.143396 1.684669 1.927325
v 0.767759 1.681508 1.796111
v 1.106554 1.681508 1.621760
v 1.322868 1.672744 1.460274
v 1.679843 1.686849 1.051323
v 1.836065 1.681552 0.760486
v 1.961220 1.686317 0.353448
v 1.995482 1.681508 0.019321
v 1.964014 1.681552 -0.360681
v 1.841938 1.686317 -0.768654
v 1.684791 1.681509 -1.065511
v 1.318175 1.703341 -1.485537
v 1.246596 1.672811 -1.544849
v 0.825299 1.675519 -1.794913
v 0.400953 1.698541 -1.924606
v 0.083161 1.681342 -1.954490
v -0.297378 1.681509 -1.923002
v -0.720998 1.698542 -1.795946
v -0.996306 1.679856 -1.647825
v -1.731851 1.681500 -0.782755
v -1.848139 1.681508 -0.419870
v -1.891396 1.681508 -0.041309
v -1.875584 1.675517 0.243065
v -1.793303 1.672543 0.601025
v -1.581206 1.681342 1.042879
v -1.343610 1.681508 1.341791
v -1.052878 1.681508 1.588076
v -0.719685 1.681508 1.772910
v -0.324324 1.686303 1.895877
v 0.394161 1.679864 1.902416
v 0.678561 1.681508 1.830615
v 1.025803 1.681508 1.673001
v 1.321028 1.679864 1.463777
v 1.711384 1.704081 1.004382
v 1.797281 1.681510 0.848188
v 1.962107 1.698542 0.355209
v 1.993226 1.681509 0.114920
v 1.980492 1.681509 -0.266201
v 1.843654 1.698542 -0.767682
v 1.736031 1.681509 -0.984764
v 1.488968 1.686809 -1.322596
v 1.245673 1.680548 -1.547494
v 0.533907 1.686309 -1.896593
v 0.185326 1.679864 -1.952168
v -0.203158 1.681508 -1.939442
v -0.594916 1.686317 -1.846506
v -0.893579 1.672744 -1.710234
v -1.148121 1.672744 -1.544162
v -1.530516 1.698046 -1.148718
v -1.693070 1.681374 -0.870637
v -1.827273 1.681508 -0.513204
v -1.889139 1.681508 -0.136918
v -1.878974 1.680308 0.227129
v -1.797348 1.678655 0.594947
v -1.636084 1.679864 0.956516
v -1.409622 1.681508 1.272588
v -1.131122 1.681508 1.533081
v -0.807154 1.681508 1.734236
v -0.446056 1.682165 1.869472
v -0.173809 1.673726 1.923009
v 0.273741 1.672742 1.920852
v 0.856392 1.681508 1.760184
v 1.186398 1.681499 1.569291
v 1.708474 1.682192 1.009069
v 1.874794 1.682165 0.668679
v 1.972688 1.682165 0.297833
v 1.996208 1.681508 -0.076315
v 1.945211 1.682165 -0.458533
v 1.820575 1.682165 -0.821267
v 1.632113 1.681552 -1.145661
v 1.243881 1.703328 -1.547910
v 0.737869 1.680351 -1.831776
v -0.013234 1.681499 -1.955164
v -0.391531 1.681552 -1.905027
v -1.080255 1.681176 -1.592884
v -1.350462 1.673728 -1.361976
v -1.601977 1.675517 -1.039392
v -1.769129 1.681508 -0.694644
v -1.867509 1.681508 -0.326214
v -1.892129 1.681500 0.054234
v -1.528210 1.681499 1.123407
v -1.276500 1.681508 1.409929
v -0.973764 1.681508 1.641812
v -0.631601 1.681509 1.810182
v -0.127696 1.698294 1.925655
v -0.169183 1.646455 1.922261
v 0.494623 1.681342 1.883285
vn -0.9601 -0.1055 0.2589
vn 0.9713 -0.0174 0.2374
vn -0.8696 -0.1748 0.4618
vn 0.9871 0.1344 0.0866
vn -0.7694 -0.1344 0.6245
vn 0.9791 0.1748 -0.1043
vn -0.6328 -0.1344 0.7626
vn 0.9395 -0.0174 -0.3422
vn -0.4718 -0.1344 0.8714
vn 0.8684 0.1409 -0.4755
vn -0.2763 -0.1769 0.9447
vn 0.0763 -0.0926 0.9928
vn 0.4113 -0.1471 -0.8995
vn 0.3348 0.1860 0.9238
vn 0.5068 0.1924 0.8403
vn 0.0862 0.1290 -0.9879
vn -0.1069 0.1414 -0.9842
vn 0.8023 0.1470 0.5785
vn 0.8590 0.3140 0.4043
vn -0.4754 0.1310 -0.8699
vn 0.9627 0.1466 0.2274
vn 0.9816 0.1860 0.0442
vn 0.2399 -0.1863 0.9528
vn 0.9389 0.3140 -0.1411
vn -0.8790 0.1336 -0.4578
vn 0.4211 -0.1860 0.8877
vn 0.9268 0.1466 -0.3458
vn -0.9513 0.1344 -0.2776
vn 0.5826 -0.1471 0.7993
vn 0.8339 0.2325 -0.5006
vn -0.9870 0.1352 -0.0867
vn 0.8430 -0.1919 0.5025
vn 0.4116 0.1742 -0.8946
vn -0.8693 0.1294 0.4770
vn 0.9711 -0.1922 0.1416
vn -0.7593 0.1344 0.6367
vn 0.9814 -0.1856 -0.0493
vn 0.0442 0.1856 -0.9816
vn -0.6205 0.1344 0.7726
vn -0.1417 0.2401 -0.9603
vn -0.4578 0.1348 0.8788
vn 0.8861 -0.1922 -0.4217
vn 0.7874 -0.1551 -0.5966
vn -0.4922 0.2398 -0.8368
vn 0.5852 -0.3737 -0.7197
vn -0.5789 0.4463 -0.6824
vn 0.1067 0.1295 0.9858
vn -0.8150 -0.2737 -0.5108
vn 0.2825 -0.1344 0.9498
vn 0.3344 -0.1046 -0.9366
vn -0.8899 0.1859 -0.4165
vn 0.4624 -0.1344 0.8764
vn 0.1163 -0.3972 -0.9103
vn -0.9541 0.1860 -0.2348
vn 0.5964 -0.0023 0.8027
vn -0.0493 -0.1860 -0.9813
vn -0.9791 0.1981 -0.0459
vn -0.2405 -0.0881 -0.9666
vn 0.8718 -0.1298 0.4724
vn -0.5532 0.0166 -0.8329
vn -0.8407 0.1856 0.5086
vn 0.9856 -0.1348 0.1024
vn -0.7253 0.1860 0.6628
vn 0.9874 -0.1294 -0.0915
vn -0.8271 -0.3017 -0.4742
vn -0.5821 0.1860 0.7916
vn -0.9255 -0.1860 -0.3299
vn -0.4164 0.1912 0.8888
vn 0.8764 -0.1344 -0.4624
vn -0.9721 -0.1860 -0.1431
vn -0.9924 -0.1167 0.0385
vn 0.6580 -0.0785 -0.7489
vn -0.7333 -0.6301 0.2553
vn 0.1484 0.1836 0.9717
vn -0.8569 -0.3140 0.4088
vn -0.7885 -0.1860 0.5862
vn 0.0975 -0.1833 -0.9782
vn -0.6590 -0.1860 0.7288
vn -0.0918 -0.1340 -0.9867
vn -0.5042 -0.1860 0.8433
vn -0.3313 -0.1692 0.9282
vn -0.4569 -0.1614 -0.8747
vn -0.1247 -0.2751 0.9533
vn 0.2977 0.1344 0.9451
vn -0.8705 -0.1489 -0.4690
vn 0.4763 0.1348 0.8689
vn -0.9467 -0.1344 -0.2928
vn -0.9856 -0.1344 -0.1024
vn 0.8061 -0.0082 0.5917
vn -0.9868 0.1567 0.0399
vn 0.8720 0.1748 0.4572
vt 0.000000 0.000000
s 0
usemtl Material.007
f 3576/3393/3013 3549/3393/3013 3663/3393/3013 3693/3393/3013
f 3534/3393/3014 3589/3393/3014 3705/3393/3014 3646/3393/3014
f 3577/3393/3015 3550/3393/3015 3664/3393/3015 3694/3393/3015
f 3535/3393/3016 3590/3393/3016 3706/3393/3016 3647/3393/3016
f 3578/3393/3017 3551/3393/3017 3665/3393/3017 3695/3393/3017
f 3536/3393/3018 3591/3393/3018 3707/3393/3018 3648/3393/3018
f 3579/3393/3019 3552/3393/3019 3666/3393/3019 3696/3393/3019
f 3537/3393/3020 3592/3393/3020 3708/3393/3020 3649/3393/3020
f 3580/3393/3021 3553/3393/3021 3667/3393/3021 3697/3393/3021
f 3538/3393/3022 3593/3393/3022 3709/3393/3022 3650/3393/3022
f 3581/3393/3023 3554/3393/3023 3668/3393/3023 3698/3393/3023
f 3583/3393/3024 3556/3393/3024 3669/3393/3024 3700/3393/3024
f 3540/3393/3025 3595/3393/3025 3711/3393/3025 3653/3393/3025
f 3584/3393/3026 3500/3393/3026 3613/3393/3026 3701/3393/3026
f 3585/3393/3027 3501/3393/3027 3614/3393/3027 3702/3393/3027
f 3541/3393/3028 3597/3393/3028 3712/3393/3028 3655/3393/3028
f 3542/3393/3029 3598/3393/3029 3713/3393/3029 3656/3393/3029
f 3587/3393/3030 3502/3393/3030 3616/3393/3030 3703/3393/3030
f 3588/3393/3031 3503/3393/3031 3617/3393/3031 3704/3393/3031
f 3543/3393/3032 3599/3393/3032 3714/3393/3032 3658/3393/3032
f 3589/3393/3033 3504/3393/3033 3618/3393/3033 3705/3393/3033
f 3590/3393/3034 3505/3393/3034 3619/3393/3034 3706/3393/3034
f 3499/3393/3035 3557/3393/3035 3670/3393/3035 3612/3393/3035
f 3591/3393/3036 3506/3393/3036 3620/3393/3036 3707/3393/3036
f 3545/3393/3037 3602/3393/3037 3717/3393/3037 3659/3393/3037
f 3500/3393/3038 3558/3393/3038 3671/3393/3038 3613/3393/3038
f 3592/3393/3039 3507/3393/3039 3621/3393/3039 3708/3393/3039
f 3546/3393/3040 3603/3393/3040 3718/3393/3040 3660/3393/3040
f 3501/3393/3041 3559/3393/3041 3672/3393/3041 3614/3393/3041
f 3593/3393/3042 3508/3393/3042 3622/3393/3042 3709/3393/3042
f 3547/3393/3043 3604/3393/3043 3719/3393/3043 3661/3393/3043
f 3502/3393/3044 3560/3393/3044 3674/3393/3044 3616/3393/3044
f 3595/3393/3045 3510/3393/3045 3624/3393/3045 3711/3393/3045
f 3550/3393/3046 3606/3393/3046 3720/3393/3046 3664/3393/3046
f 3504/3393/3047 3561/3393/3047 3676/3393/3047 3618/3393/3047
f 3551/3393/3048 3607/3393/3048 3721/3393/3048 3665/3393/3048
f 3505/3393/3049 3562/3393/3049 3677/3393/3049 3619/3393/3049
f 3597/3393/3050 3512/3393/3050 3626/3393/3050 3712/3393/3050
f 3552/3393/3051 3608/3393/3051 3722/3393/3051 3666/3393/3051
f 3598/3393/3052 3513/3393/3052 3627/3393/3052 3713/3393/3052
f 3553/3393/3053 3609/3393/3053 3723/3393/3053 3667/3393/3053
f 3507/3393/3054 3563/3393/3054 3679/3393/3054 3621/3393/3054
f 3508/3393/3055 3564/3393/3055 3680/3393/3055 3622/3393/3055
f 3599/3393/3056 3515/3393/3056 3628/3393/3056 3714/3393/3056
f 3509/3393/3057 3565/3393/3057 3681/3393/3057 3623/3393/3057
f 3600/3393/3058 3516/3393/3058 3629/3393/3058 3715/3393/3058
f 3556/3393/3059 3611/3393/3059 3726/3393/3059 3669/3393/3059
f 3601/3393/3060 3517/3393/3060 3630/3393/3060 3716/3393/3060
f 3557/3393/3061 3529/3393/3061 3641/3393/3061 3670/3393/3061
f 3510/3393/3062 3566/3393/3062 3682/3393/3062 3624/3393/3062
f 3602/3393/3063 3518/3393/3063 3631/3393/3063 3717/3393/3063
f 3558/3393/3064 3530/3393/3064 3642/3393/3064 3671/3393/3064
f 3511/3393/3065 3567/3393/3065 3683/3393/3065 3625/3393/3065
f 3603/3393/3066 3519/3393/3066 3632/3393/3066 3718/3393/3066
f 3559/3393/3067 3531/3393/3067 3643/3393/3067 3672/3393/3067
f 3512/3393/3068 3568/3393/3068 3684/3393/3068 3626/3393/3068
f 3604/3393/3069 3520/3393/3069 3633/3393/3069 3719/3393/3069
f 3513/3393/3070 3569/3393/3070 3685/3393/3070 3627/3393/3070
f 3560/3393/3071 3533/3393/3071 3645/3393/3071 3674/3393/3071
f 3515/3393/3072 3571/3393/3072 3687/3393/3072 3628/3393/3072
f 3606/3393/3073 3523/3393/3073 3636/3393/3073 3720/3393/3073
f 3561/3393/3074 3535/3393/3074 3647/3393/3074 3676/3393/3074
f 3607/3393/3075 3524/3393/3075 3637/3393/3075 3721/3393/3075
f 3562/3393/3076 3536/3393/3076 3648/3393/3076 3677/3393/3076
f 3517/3393/3077 3572/3393/3077 3689/3393/3077 3630/3393/3077
f 3608/3393/3078 3525/3393/3078 3638/3393/3078 3722/3393/3078
f 3518/3393/3079 3573/3393/3079 3690/3393/3079 3631/3393/3079
f 3609/3393/3080 3526/3393/3080 3639/3393/3080 3723/3393/3080
f 3563/3393/3081 3538/3393/3081 3650/3393/3081 3679/3393/3081
f 3519/3393/3082 3574/3393/3082 3691/3393/3082 3632/3393/3082
f 3520/3393/3083 3575/3393/3083 3692/3393/3083 3633/3393/3083
f 3565/3393/3084 3539/3393/3084 3652/3393/3084 3681/3393/3084
f 3521/3393/3085 3576/3393/3085 3693/3393/3085 3634/3393/3085
f 3611/3393/3086 3499/3393/3086 3612/3393/3086 3726/3393/3086
f 3522/3393/3087 3577/3393/3087 3694/3393/3087 3635/3393/3087
f 3523/3393/3088 3578/3393/3088 3695/3393/3088 3636/3393/3088
f 3567/3393/3089 3541/3393/3089 3655/3393/3089 3683/3393/3089
f 3524/3393/3090 3579/3393/3090 3696/3393/3090 3637/3393/3090
f 3568/3393/3091 3542/3393/3091 3656/3393/3091 3684/3393/3091
f 3525/3393/3092 3580/3393/3092 3697/3393/3092 3638/3393/3092
f 3526/3393/3093 3581/3393/3093 3698/3393/3093 3639/3393/3093
f 3570/3393/3094 3543/3393/3094 3658/3393/3094 3686/3393/3094
f 3527/3393/3095 3582/3393/3095 3699/3393/3095 3640/3393/3095
f 3529/3393/3096 3584/3393/3096 3701/3393/3096 3641/3393/3096
f 3572/3393/3097 3545/3393/3097 3659/3393/3097 3689/3393/3097
f 3530/3393/3098 3585/3393/3098 3702/3393/3098 3642/3393/3098
f 3573/3393/3099 3546/3393/3099 3660/3393/3099 3690/3393/3099
f 3574/3393/3100 3547/3393/3100 3661/3393/3100 3691/3393/3100
f 3532/3393/3101 3587/3393/3101 3703/3393/3101 3644/3393/3101
f 3575/3393/3102 3548/3393/3102 3662/3393/3102 3692/3393/3102
f 3533/3393/3103 3588/3393/3103 3704/3393/3103 3645/3393/3103
l 3570 3514
l 3583 3528
l 3586 3531
l 3594 3539
l 3600 3544
l 3605 3549
l 3610 3555
l 3544 3571
l 3555 3582
l 3511 3596
l 3522 3605
l 3528 3610
l 3673 3615
l 3675 3617
l 3678 3620
l 3688 3629
l 3710 3651
l 3724 3668
l 3644 3673
l 3646 3675
l 3649 3678
l 3651 3680
l 3654 3682
l 3657 3685
l 3623 3710
l 3640 3724
l 3610 3725
o Circle.002
v 0.584278 0.609567 1.629238
v 0.901520 0.615903 1.490357
v 1.087069 0.594883 1.366446
v 1.395392 0.608109 1.069440
v 1.560731 0.603383 0.823701
v 1.740278 0.623620 0.362435
v 1.771518 0.603861 -0.149674
v 1.692251 0.609565 -0.543338
v 1.564487 0.608072 -0.838313
v 1.390669 0.603854 -1.097457
v 1.132472 0.608110 -1.354345
v 0.849636 0.608111 -1.539315
v 0.513230 0.615868 -1.673211
v 0.202488 0.608257 -1.728391
v -0.133872 0.608110 -1.724865
v -0.464660 0.608110 -1.655663
v -0.775591 0.608110 -1.523258
v -1.050702 0.607529 -1.336209
v -1.289279 0.607529 -1.094091
v -1.476279 0.608111 -0.808586
v -1.610175 0.615868 -0.472179
v -1.665355 0.608257 -0.161438
v -1.661853 0.608229 0.175235
v -1.462892 0.607513 0.811944
v -1.288797 0.604393 1.073743
v -1.017459 0.609173 1.341865
v -0.745304 0.608229 1.517522
v -0.473551 0.593032 1.630562
v -0.099946 0.608117 1.706223
v 0.726806 0.608265 1.571816
v 1.278363 0.607540 1.195840
v 1.491826 0.608071 0.931035
v 1.542033 0.584500 0.851856
v 1.772437 0.609135 -0.042061
v 1.635032 0.608118 -0.685175
v 1.493602 0.603854 -0.950241
v 1.256751 0.608072 -1.239435
v 0.993760 0.608110 -1.450968
v 0.694203 0.608257 -1.607302
v 0.280851 0.615868 -1.716645
v 0.035044 0.608111 -1.731478
v -0.300278 0.608110 -1.695104
v -0.622062 0.608110 -1.594009
v -0.917933 0.608109 -1.432086
v -1.095538 0.593032 -1.292858
v -1.387929 0.608109 -0.952715
v -1.544266 0.608257 -0.653153
v -1.653609 0.615868 -0.239801
v -1.668442 0.608111 0.006007
v -1.633167 0.613414 0.338748
v -1.525328 0.609172 0.676435
v -1.445158 0.588800 0.836586
v -0.889611 0.608118 1.429029
v -0.593411 0.613414 1.584514
v -0.269270 0.607529 1.679384
v 0.074532 0.609567 1.709499
v 0.649532 0.608265 1.604080
v 1.202803 0.604056 1.269499
v 1.445110 0.608109 1.001213
v 1.540004 0.588129 0.856760
v 1.773226 0.613412 -0.024809
v 1.774910 0.593033 -0.100686
v 1.667122 0.608257 -0.608452
v 1.523102 0.607529 -0.906169
v 1.318893 0.607529 -1.177417
v 1.064241 0.608110 -1.404065
v 0.772988 0.608118 -1.574785
v 0.119624 0.608118 -1.731644
v -0.217276 0.608110 -1.711776
v -0.543907 0.608110 -1.626554
v -0.847637 0.608110 -1.479247
v -1.089548 0.603854 -1.300473
v -1.340911 0.608072 -1.023371
v -1.511750 0.608118 -0.731938
v -1.668608 0.608118 -0.078574
v -1.648867 0.609173 0.259681
v -1.532828 0.613414 0.660455
v -1.437021 0.603418 0.854267
v -1.219875 0.612383 1.153089
v -0.959025 0.608229 1.383002
v -0.667875 0.609173 1.553641
v -0.365258 0.603854 1.659766
v -0.015021 0.608257 1.709702
v 0.575575 0.615904 1.631127
v 0.808928 0.609567 1.536176
v 1.123799 0.609957 1.337765
v 1.339274 0.608072 1.132790
v 1.535047 0.607505 0.864331
v 1.771538 0.607648 -0.107847
v 1.693894 0.615868 -0.535703
v 1.601272 0.608110 -0.762715
v 1.489265 0.593032 -0.958799
v 1.195670 0.608109 -1.298359
v 0.922538 0.608110 -1.496736
v 0.610869 0.609565 -1.640201
v 0.271741 0.609565 -1.719168
v -0.049601 0.608110 -1.729964
v -0.383003 0.608110 -1.677105
v -0.699686 0.608110 -1.560218
v -0.987200 0.608072 -1.384021
v -1.217850 0.603854 -1.174333
v -1.433700 0.608110 -0.881488
v -1.577165 0.609565 -0.569819
v -1.656132 0.609565 -0.230691
v -1.666931 0.608117 0.090677
v -1.496741 0.608190 0.741742
v -1.401803 0.588966 0.911389
v -1.030751 0.613414 1.330673
v -0.818431 0.608118 1.474767
v -0.183785 0.608072 1.694765
v 0.177800 0.615904 1.705728
v 0.624932 0.661726 1.613208
v 0.806258 0.642350 1.539299
v 1.113206 0.646420 1.347789
v 1.537574 0.641736 0.863724
v 1.648191 0.633950 0.643239
v 1.744387 0.626235 0.343350
v 1.743040 0.633976 -0.352719
v 1.602071 0.642326 -0.765971
v 1.429632 0.641597 -1.047496
v 1.218367 0.633986 -1.281957
v 0.926729 0.641744 -1.496539
v 0.620106 0.641744 -1.638638
v 0.265499 0.646001 -1.721771
v -0.046369 0.641783 -1.732116
v -0.379901 0.641744 -1.679929
v -0.697194 0.641744 -1.563592
v -0.985695 0.641744 -1.387591
v -1.223886 0.640289 -1.171009
v -1.431120 0.640289 -0.890686
v -1.575602 0.641744 -0.579056
v -1.658735 0.646001 -0.224449
v -1.669079 0.641783 0.087419
v -1.617313 0.641625 0.419551
v -1.334628 0.640281 1.014085
v -1.131260 0.632243 1.245226
v -0.824121 0.640681 1.474401
v -0.517418 0.641625 1.616224
v 0.150066 0.641737 1.710147
v 0.781915 0.661726 1.546902
v 0.948305 0.641784 1.457716
v 1.304821 0.659231 1.168361
v 1.438813 0.640290 1.007570
v 1.612517 0.641597 0.713917
v 1.752553 0.640534 -0.273920
v 1.597513 0.656823 -0.770208
v 1.520858 0.641745 -0.907063
v 1.378196 0.633986 -1.107770
v 1.066672 0.641597 -1.400634
v 0.775496 0.641744 -1.572074
v 0.456837 0.641783 -1.683277
v 0.086114 0.646001 -1.731202
v -0.213718 0.641744 -1.710913
v -0.540249 0.641744 -1.626403
v -0.844020 0.641744 -1.479812
v -1.113298 0.641736 -1.276835
v -1.509028 0.641736 -0.734478
v -1.620241 0.641783 -0.415787
v -1.668166 0.646001 -0.045064
v -1.647878 0.641744 0.254766
v -1.590136 0.636441 0.504276
v -1.417578 0.640674 0.883929
v -0.671437 0.641737 1.550081
v -0.431873 0.636441 1.640697
v -0.024299 0.640289 1.707964
v 0.321272 0.642350 1.688359
v 0.728971 0.665355 1.571523
v 0.875812 0.641784 1.501170
v 1.258061 0.660769 1.217733
v 1.375987 0.634003 1.089076
v 1.576879 0.641736 0.789060
v 1.763373 0.636429 -0.195461
v 1.564193 0.641783 -0.834800
v 1.385157 0.640289 -1.101377
v 1.138687 0.640289 -1.347335
v 0.852021 0.641744 -1.535863
v 0.539157 0.641745 -1.662633
v 0.095670 0.656823 -1.732050
v -0.129981 0.641745 -1.723319
v -0.460533 0.641744 -1.654909
v -0.771396 0.641744 -1.523323
v -1.050614 0.641744 -1.333620
v -1.229361 0.633986 -1.163663
v -1.472609 0.641597 -0.811539
v -1.599597 0.641745 -0.498107
v -1.669014 0.656823 -0.054620
v -1.660283 0.641745 0.171032
v -1.596450 0.640681 0.487837
v -1.458364 0.636441 0.814434
v -1.328625 0.633951 1.020706
v -1.101057 0.634132 1.271369
v -0.748249 0.641625 1.513807
v -0.449048 0.640681 1.636814
v -0.125816 0.633986 1.701216
v 0.234274 0.641783 1.701314
v 0.760767 0.646472 1.558620
v 1.022973 0.642349 1.411241
v 1.254169 0.640604 1.221227
v 1.491033 0.641597 0.934838
v 1.642363 0.640288 0.650438
v 1.741944 0.640170 -0.344171
v 1.619240 0.646001 -0.726481
v 1.476244 0.641736 -0.978908
v 0.997388 0.641736 -1.450274
v 0.698401 0.641744 -1.607056
v 0.371328 0.642326 -1.703184
v 0.033108 0.642326 -1.732910
v -0.297255 0.641744 -1.697168
v -0.619499 0.641744 -1.596624
v -0.915937 0.641744 -1.435145
v -1.174118 0.641597 -1.220111
v -1.375261 0.633986 -0.977144
v -1.544019 0.641744 -0.657352
v -1.640148 0.642326 -0.330278
v -1.669874 0.642326 0.007942
v -1.634151 0.641737 0.338229
v -1.373252 0.641478 0.955486
v -0.892247 0.636441 1.431515
v -0.594390 0.641737 1.585044
v 0.065076 0.641597 1.710959
v 0.430358 0.646472 1.668422
vn -0.9710 0.0838 0.2238
vn -0.8216 -0.3311 0.4641
vn 0.9867 0.1386 -0.0854
vn -0.4860 -0.1343 0.8635
vn 0.8789 0.1222 -0.4611
vn -0.3534 0.0838 0.9317
vn -0.1243 -0.1372 0.9827
vn 0.6356 0.1180 -0.7630
vn 0.0750 -0.1206 0.9899
vn 0.4746 0.1223 -0.8717
vn 0.3678 0.0202 0.9297
vn 0.2963 0.1573 -0.9420
vn 0.4811 0.2778 0.8315
vn 0.0665 0.0092 -0.9977
vn -0.0897 0.1223 -0.9884
vn 0.7835 0.1676 0.5984
vn -0.2808 0.1223 -0.9519
vn 0.8146 0.3542 0.4593
vn -0.4611 0.1223 -0.8789
vn -0.6223 0.1280 -0.7723
vn 0.9100 0.4100 -0.0618
vn -0.8717 0.1220 -0.4746
vn 0.4126 -0.2147 0.8852
vn 0.9288 -0.0012 -0.3705
vn -0.9420 0.1573 -0.2963
vn 0.8523 0.1744 -0.4932
vn -0.9977 0.0092 -0.0665
vn -0.9884 0.1229 0.0896
vn 0.8365 -0.1693 0.5211
vn 0.5983 0.1691 -0.7832
vn 0.4340 0.1694 -0.8848
vn -0.8788 0.0918 0.4683
vn 0.2487 0.2853 -0.9256
vn 0.0543 0.1388 -0.9888
vn -0.1307 0.1694 -0.9768
vn -0.4746 0.1223 0.8717
vn 0.8838 -0.2206 -0.4127
vn -0.3188 0.1694 -0.9326
vn 0.8103 -0.1388 -0.5694
vn -0.4946 0.1694 -0.8525
vn -0.1050 0.1153 0.9878
vn 0.6538 -0.2853 -0.7009
vn -0.6369 0.2155 -0.7402
vn 0.1073 0.0691 0.9918
vn 0.5211 -0.1694 -0.8365
vn -0.7838 0.1335 -0.6065
vn 0.3479 -0.1691 -0.9221
vn -0.8848 0.1694 -0.4340
vn 0.4477 -0.1238 0.8856
vn -0.9256 0.2853 -0.2487
vn -0.0326 -0.1745 -0.9841
vn -0.9888 0.1388 -0.0543
vn 0.7461 -0.0909 0.6597
vn -0.2230 -0.1694 -0.9600
vn -0.9753 0.1795 0.1289
vn 0.8639 -0.1173 0.4897
vn -0.4060 -0.1694 -0.8980
vn -0.5734 -0.1694 -0.8016
vn -0.8509 0.2094 0.4818
vn -0.6956 -0.0121 -0.7184
vn 0.9389 -0.3250 -0.1133
vn -0.8314 -0.2111 -0.5140
vn -0.5427 -0.1944 0.8171
vn -0.9221 -0.1691 -0.3479
vn -0.4347 0.1795 0.8825
vn 0.8849 -0.1284 -0.4478
vn 0.8114 -0.0092 -0.5844
vn -0.9841 -0.1745 0.0326
vn -0.0622 0.1675 0.9839
vn 0.6425 -0.1573 -0.7500
vn -0.9697 -0.1159 0.2149
vn 0.4885 -0.1223 -0.8640
vn 0.3110 -0.1180 -0.9430
vn -0.8397 -0.0200 0.5426
vn -0.7285 0.1320 0.6722
vn -0.0739 -0.1226 -0.9897
vn -0.4956 -0.2673 0.8264
vn -0.2655 -0.1223 -0.9563
vn -0.3601 -0.1159 0.9257
vn -0.4470 -0.1223 -0.8861
vn -0.6112 -0.1219 -0.7820
vn 0.0314 -0.1678 0.9853
vn -0.8636 -0.1280 -0.4877
vn 0.4568 0.1566 0.8757
vn -0.9430 -0.1180 -0.3110
vn 0.7620 0.1196 0.6365
vn -0.9897 -0.1226 0.0739
vn 0.8611 0.1651 0.4809
vt 0.000000 0.000000
s 0
usemtl Material.008
f 3802/3394/3104 3776/3394/3104 3887/3394/3104 3914/3394/3104
f 3803/3394/3105 3777/3394/3105 3888/3394/3105 3915/3394/3105
f 3760/3394/3106 3815/3394/3106 3927/3394/3106 3871/3394/3106
f 3806/3394/3107 3779/3394/3107 3889/3394/3107 3918/3394/3107
f 3761/3394/3108 3817/3394/3108 3929/3394/3108 3873/3394/3108
f 3807/3394/3109 3780/3394/3109 3890/3394/3109 3919/3394/3109
f 3808/3394/3110 3781/3394/3110 3891/3394/3110 3920/3394/3110
f 3763/3394/3111 3819/3394/3111 3930/3394/3111 3875/3394/3111
f 3809/3394/3112 3782/3394/3112 3892/3394/3112 3921/3394/3112
f 3764/3394/3113 3820/3394/3113 3931/3394/3113 3876/3394/3113
f 3810/3394/3114 3727/3394/3114 3839/3394/3114 3922/3394/3114
f 3765/3394/3115 3821/3394/3115 3932/3394/3115 3877/3394/3115
f 3811/3394/3116 3728/3394/3116 3840/3394/3116 3923/3394/3116
f 3766/3394/3117 3822/3394/3117 3933/3394/3117 3878/3394/3117
f 3767/3394/3118 3823/3394/3118 3934/3394/3118 3879/3394/3118
f 3813/3394/3119 3730/3394/3119 3841/3394/3119 3925/3394/3119
f 3768/3394/3120 3824/3394/3120 3935/3394/3120 3880/3394/3120
f 3814/3394/3121 3731/3394/3121 3842/3394/3121 3926/3394/3121
f 3769/3394/3122 3825/3394/3122 3936/3394/3122 3881/3394/3122
f 3770/3394/3123 3826/3394/3123 3937/3394/3123 3882/3394/3123
f 3815/3394/3124 3733/3394/3124 3844/3394/3124 3927/3394/3124
f 3772/3394/3125 3828/3394/3125 3939/3394/3125 3883/3394/3125
f 3727/3394/3126 3783/3394/3126 3894/3394/3126 3839/3394/3126
f 3816/3394/3127 3734/3394/3127 3845/3394/3127 3928/3394/3127
f 3773/3394/3128 3829/3394/3128 3940/3394/3128 3884/3394/3128
f 3817/3394/3129 3735/3394/3129 3846/3394/3129 3929/3394/3129
f 3774/3394/3130 3830/3394/3130 3941/3394/3130 3885/3394/3130
f 3775/3394/3131 3831/3394/3131 3942/3394/3131 3886/3394/3131
f 3730/3394/3132 3785/3394/3132 3897/3394/3132 3841/3394/3132
f 3819/3394/3133 3737/3394/3133 3848/3394/3133 3930/3394/3133
f 3820/3394/3134 3738/3394/3134 3849/3394/3134 3931/3394/3134
f 3777/3394/3135 3832/3394/3135 3943/3394/3135 3888/3394/3135
f 3821/3394/3136 3739/3394/3136 3850/3394/3136 3932/3394/3136
f 3822/3394/3137 3740/3394/3137 3851/3394/3137 3933/3394/3137
f 3823/3394/3138 3741/3394/3138 3852/3394/3138 3934/3394/3138
f 3779/3394/3139 3835/3394/3139 3945/3394/3139 3889/3394/3139
f 3734/3394/3140 3789/3394/3140 3899/3394/3140 3845/3394/3140
f 3824/3394/3141 3742/3394/3141 3853/3394/3141 3935/3394/3141
f 3735/3394/3142 3790/3394/3142 3900/3394/3142 3846/3394/3142
f 3825/3394/3143 3743/3394/3143 3854/3394/3143 3936/3394/3143
f 3781/3394/3144 3836/3394/3144 3946/3394/3144 3891/3394/3144
f 3736/3394/3145 3791/3394/3145 3901/3394/3145 3847/3394/3145
f 3826/3394/3146 3744/3394/3146 3855/3394/3146 3937/3394/3146
f 3782/3394/3147 3837/3394/3147 3947/3394/3147 3892/3394/3147
f 3737/3394/3148 3792/3394/3148 3902/3394/3148 3848/3394/3148
f 3827/3394/3149 3745/3394/3149 3856/3394/3149 3938/3394/3149
f 3738/3394/3150 3793/3394/3150 3903/3394/3150 3849/3394/3150
f 3828/3394/3151 3746/3394/3151 3857/3394/3151 3939/3394/3151
f 3783/3394/3152 3756/3394/3152 3867/3394/3152 3894/3394/3152
f 3829/3394/3153 3747/3394/3153 3858/3394/3153 3940/3394/3153
f 3740/3394/3154 3794/3394/3154 3905/3394/3154 3851/3394/3154
f 3830/3394/3155 3748/3394/3155 3859/3394/3155 3941/3394/3155
f 3784/3394/3156 3757/3394/3156 3869/3394/3156 3896/3394/3156
f 3741/3394/3157 3795/3394/3157 3906/3394/3157 3852/3394/3157
f 3831/3394/3158 3749/3394/3158 3860/3394/3158 3942/3394/3158
f 3785/3394/3159 3758/3394/3159 3870/3394/3159 3897/3394/3159
f 3742/3394/3160 3796/3394/3160 3907/3394/3160 3853/3394/3160
f 3743/3394/3161 3797/3394/3161 3908/3394/3161 3854/3394/3161
f 3832/3394/3162 3750/3394/3162 3861/3394/3162 3943/3394/3162
f 3744/3394/3163 3798/3394/3163 3909/3394/3163 3855/3394/3163
f 3787/3394/3164 3760/3394/3164 3871/3394/3164 3898/3394/3164
f 3745/3394/3165 3799/3394/3165 3910/3394/3165 3856/3394/3165
f 3834/3394/3166 3752/3394/3166 3863/3394/3166 3944/3394/3166
f 3746/3394/3167 3800/3394/3167 3911/3394/3167 3857/3394/3167
f 3835/3394/3168 3753/3394/3168 3864/3394/3168 3945/3394/3168
f 3789/3394/3169 3761/3394/3169 3873/3394/3169 3899/3394/3169
f 3790/3394/3170 3762/3394/3170 3874/3394/3170 3900/3394/3170
f 3748/3394/3171 3801/3394/3171 3913/3394/3171 3859/3394/3171
f 3836/3394/3172 3755/3394/3172 3865/3394/3172 3946/3394/3172
f 3791/3394/3173 3763/3394/3173 3875/3394/3173 3901/3394/3173
f 3749/3394/3174 3802/3394/3174 3914/3394/3174 3860/3394/3174
f 3792/3394/3175 3764/3394/3175 3876/3394/3175 3902/3394/3175
f 3793/3394/3176 3765/3394/3176 3877/3394/3176 3903/3394/3176
f 3750/3394/3177 3804/3394/3177 3916/3394/3177 3861/3394/3177
f 3751/3394/3178 3805/3394/3178 3917/3394/3178 3862/3394/3178
f 3794/3394/3179 3767/3394/3179 3879/3394/3179 3905/3394/3179
f 3752/3394/3180 3806/3394/3180 3918/3394/3180 3863/3394/3180
f 3795/3394/3181 3768/3394/3181 3880/3394/3181 3906/3394/3181
f 3753/3394/3182 3807/3394/3182 3919/3394/3182 3864/3394/3182
f 3796/3394/3183 3769/3394/3183 3881/3394/3183 3907/3394/3183
f 3797/3394/3184 3770/3394/3184 3882/3394/3184 3908/3394/3184
f 3755/3394/3185 3809/3394/3185 3921/3394/3185 3865/3394/3185
f 3799/3394/3186 3772/3394/3186 3883/3394/3186 3910/3394/3186
f 3756/3394/3187 3811/3394/3187 3923/3394/3187 3867/3394/3187
f 3800/3394/3188 3773/3394/3188 3884/3394/3188 3911/3394/3188
f 3757/3394/3189 3813/3394/3189 3925/3394/3189 3869/3394/3189
f 3801/3394/3190 3775/3394/3190 3886/3394/3190 3913/3394/3190
f 3758/3394/3191 3814/3394/3191 3926/3394/3191 3870/3394/3191
l 3784 3729
l 3786 3731
l 3788 3733
l 3808 3754
l 3818 3762
l 3827 3771
l 3833 3778
l 3759 3786
l 3771 3798
l 3778 3804
l 3729 3812
l 3736 3818
l 3751 3833
l 3893 3838
l 3895 3840
l 3904 3850
l 3912 3858
l 3922 3866
l 3924 3868
l 3928 3872
l 3866 3893
l 3868 3895
l 3878 3904
l 3885 3912
l 3838 3947
l 3924 3812
l 3732 3843
o Circle.003
v 0.125817 0.339740 0.730518
v 0.268880 0.339740 0.700866
v 0.403410 0.339740 0.643875
v 0.524237 0.339740 0.561732
v 0.626716 0.339740 0.457596
v 0.706911 0.339740 0.335468
v 0.761738 0.339740 0.200046
v 0.780345 0.331384 0.117267
v 0.791199 0.331362 -0.028170
v 0.758300 0.339723 -0.232555
v 0.701272 0.339744 -0.367185
v 0.514973 0.339744 -0.590501
v 0.392872 0.339740 -0.670673
v 0.257445 0.339740 -0.725500
v 0.113925 0.339740 -0.752854
v -0.032175 0.339740 -0.751683
v -0.175239 0.339740 -0.722031
v -0.309769 0.339740 -0.665040
v -0.430595 0.339740 -0.582897
v -0.533075 0.339740 -0.478761
v -0.613269 0.339740 -0.356633
v -0.668097 0.339740 -0.221207
v -0.695494 0.339804 -0.077437
v -0.525472 0.339744 0.466861
v -0.421358 0.339740 0.569313
v -0.300732 0.342033 0.649448
v -0.180933 0.333222 0.698936
v -0.020285 0.339740 0.731689
v 0.197782 0.339740 0.717785
v 0.336979 0.339740 0.674339
v 0.465025 0.339740 0.604571
v 0.577000 0.339740 0.511163
v 0.668600 0.339740 0.397705
v 0.736306 0.339740 0.268557
v 0.777065 0.339479 0.130973
v 0.790573 0.337414 -0.001359
v 0.777595 0.337712 -0.149281
v 0.731742 0.339740 -0.300741
v 0.660709 0.340369 -0.430695
v 0.563651 0.340369 -0.545597
v 0.455109 0.339740 -0.632362
v 0.325960 0.339740 -0.700068
v 0.186085 0.339740 -0.741277
v 0.040858 0.339740 -0.754406
v -0.104140 0.339740 -0.738950
v -0.243337 0.339740 -0.695504
v -0.371384 0.339740 -0.625736
v -0.483358 0.339740 -0.532328
v -0.574959 0.339740 -0.418870
v -0.642664 0.339740 -0.289722
v -0.683874 0.339740 -0.149846
v -0.697016 0.343110 0.005333
v -0.564429 0.340369 0.413369
v -0.474925 0.339740 0.519597
v -0.361378 0.339792 0.611294
v 0.035862 0.328920 0.009920
v -0.093420 0.339489 0.719958
v 0.052784 0.339740 0.733241
v 0.161885 0.339740 0.724926
v 0.303164 0.339740 0.688345
v 0.434593 0.339740 0.624906
v 0.551120 0.339740 0.537044
v 0.648266 0.339740 0.428138
v 0.722300 0.339740 0.302372
v 0.770339 0.339723 0.164731
v 0.785314 0.331362 0.080734
v 0.788923 0.331384 -0.065296
v 0.745750 0.339740 -0.266924
v 0.682188 0.339804 -0.398575
v 0.567032 0.343094 -0.542722
v 0.485541 0.339740 -0.612028
v 0.359775 0.339740 -0.686062
v 0.221983 0.339740 -0.734137
v 0.077458 0.339740 -0.754406
v -0.068243 0.339740 -0.746091
v -0.209523 0.339740 -0.709511
v -0.340951 0.339740 -0.646071
v -0.457478 0.339740 -0.558209
v -0.554625 0.339740 -0.449303
v -0.628658 0.339740 -0.323537
v -0.676733 0.339740 -0.185744
v -0.697212 0.340370 -0.038931
v -0.566888 0.343094 0.410392
v -0.500806 0.339740 0.493717
v -0.391892 0.339743 0.590871
v -0.134706 0.337900 0.711451
v 0.016183 0.339740 0.733241
v 0.233561 0.339740 0.710070
v 0.370565 0.339740 0.659792
v 0.495128 0.339740 0.583752
v 0.602463 0.339740 0.484871
v 0.688444 0.339740 0.366951
v 0.749769 0.339740 0.234522
v 0.781305 0.337712 0.109582
v 0.790712 0.337414 -0.034364
v 0.767864 0.339479 -0.195888
v 0.717195 0.339740 -0.334327
v 0.634904 0.343094 -0.466599
v 0.541778 0.339804 -0.566683
v 0.424354 0.339740 -0.652206
v 0.291926 0.339740 -0.713531
v 0.150078 0.339740 -0.747841
v 0.004262 0.339740 -0.753819
v -0.139919 0.339740 -0.731235
v -0.276923 0.339740 -0.680957
v -0.401486 0.339740 -0.604917
v -0.508821 0.339740 -0.506036
v -0.594803 0.339740 -0.388116
v -0.656127 0.339740 -0.255687
v -0.690441 0.339744 -0.113826
v -0.547115 0.339804 0.438273
v -0.448633 0.339740 0.545059
v -0.330370 0.340200 0.631500
v -0.056505 0.339724 0.726671
v 0.089380 0.339740 0.732654
v 0.230410 0.354281 0.711751
v 0.367802 0.354281 0.662055
v 0.492860 0.354281 0.586510
v 0.600776 0.354281 0.488019
v 0.687405 0.354281 0.370367
v 0.749416 0.354281 0.238076
v 0.784422 0.354278 0.096263
v 0.719586 0.354218 -0.331345
v 0.643912 0.354282 -0.456624
v 0.508544 0.360800 -0.594721
v 0.427767 0.354282 -0.651168
v 0.295479 0.354281 -0.713177
v 0.153632 0.354281 -0.748188
v 0.007680 0.354281 -0.754853
v -0.136768 0.354281 -0.732916
v -0.274161 0.354281 -0.683220
v -0.399218 0.354281 -0.607675
v -0.507135 0.354281 -0.509184
v -0.593763 0.354281 -0.391532
v -0.655774 0.354281 -0.259241
v -0.690784 0.354281 -0.117393
v -0.697448 0.354298 0.028650
v -0.663031 0.364489 0.216120
v -0.500728 0.360800 0.494867
v -0.451777 0.354282 0.543376
v -0.334129 0.354281 0.630001
v -0.234693 0.351988 0.680202
v 0.085948 0.354278 0.733689
v 0.299833 0.354281 0.688913
v 0.431436 0.354281 0.626112
v 0.548259 0.354281 0.538843
v 0.645812 0.354281 0.430460
v 0.720345 0.354281 0.305128
v 0.768996 0.354281 0.167664
v 0.789577 0.353651 0.030241
v 0.785175 0.349919 -0.101937
v 0.749798 0.350912 -0.254225
v 0.683515 0.354281 -0.395198
v 0.595288 0.354533 -0.513055
v 0.486035 0.354533 -0.610904
v 0.362532 0.354281 -0.684107
v 0.225067 0.354281 -0.732758
v 0.080753 0.354281 -0.753655
v -0.064865 0.354281 -0.745997
v -0.206192 0.354281 -0.710078
v -0.337795 0.354281 -0.647277
v -0.454617 0.354281 -0.560008
v -0.552170 0.354281 -0.451625
v -0.626704 0.354281 -0.326293
v -0.675354 0.354281 -0.188829
v -0.696252 0.354281 -0.044515
v -0.686737 0.356325 0.112934
v -0.500816 0.354533 0.492856
v -0.394222 0.354281 0.588408
v -0.269467 0.354230 0.662706
v 0.010653 0.353652 0.732420
v 0.158507 0.354281 0.724832
v 0.265316 0.354281 0.701086
v 0.399958 0.354281 0.644785
v 0.521028 0.354281 0.563299
v 0.623875 0.354281 0.459759
v 0.704546 0.354281 0.338144
v 0.759941 0.354281 0.203127
v 0.787879 0.354218 0.060572
v 0.702196 0.354278 -0.363708
v 0.620646 0.354298 -0.484860
v 0.504728 0.356121 -0.597290
v 0.395547 0.354281 -0.668308
v 0.260530 0.354281 -0.723703
v 0.117301 0.354281 -0.751693
v -0.028637 0.354281 -0.751203
v -0.171675 0.354281 -0.722251
v -0.306316 0.354281 -0.665950
v -0.427386 0.354281 -0.584464
v -0.530233 0.354281 -0.480924
v -0.610904 0.354281 -0.359309
v -0.666300 0.354281 -0.224292
v -0.694290 0.354281 -0.081063
v -0.693674 0.354543 0.066327
v -0.513924 0.356121 0.479161
v -0.423521 0.354281 0.566472
v -0.301936 0.354278 0.647129
v -0.032876 0.350927 0.729354
v 0.122278 0.354281 0.730038
v 0.334151 0.354281 0.676188
v 0.462612 0.354281 0.606937
v 0.575095 0.354281 0.513954
v 0.667276 0.354281 0.400814
v 0.735614 0.354281 0.271865
v 0.777482 0.354281 0.132061
v 0.790096 0.350912 0.025941
v 0.783615 0.349919 -0.115871
v 0.734583 0.353651 -0.295837
v 0.664340 0.354281 -0.426374
v 0.563246 0.356121 -0.546503
v 0.458090 0.354298 -0.631124
v 0.329268 0.354281 -0.699376
v 0.189464 0.354281 -0.741243
v 0.044178 0.354281 -0.755032
v -0.101006 0.354281 -0.740212
v -0.240509 0.354281 -0.697353
v -0.368971 0.354281 -0.628102
v -0.481453 0.354281 -0.535119
v -0.573635 0.354281 -0.421979
v -0.641972 0.354281 -0.293030
v -0.683840 0.354281 -0.153226
v -0.697629 0.354282 -0.007938
v -0.669696 0.362920 0.191576
v -0.477595 0.354298 0.517818
v -0.364576 0.354281 0.609873
v -0.241425 0.353822 0.676045
v 0.049214 0.354218 0.733880
v 0.194648 0.354281 0.719047
vn 0.9468 0.1202 0.2984
vn 0.9676 0.2082 0.1427
vn -0.7394 -0.2464 0.6266
vn 0.9627 0.2689 -0.0291
vn -0.6501 -0.1202 0.7502
vn 0.9495 0.1764 -0.2595
vn -0.4932 -0.1107 0.8628
vn 0.8805 0.1202 -0.4585
vn 0.7680 0.0778 -0.6357
vn -0.1273 -0.1334 0.9828
vn 0.6343 0.0981 -0.7669
vn 0.0708 -0.1202 0.9902
vn 0.4774 0.1202 -0.8704
vn 0.3160 0.1666 0.9340
vn 0.2984 0.1202 -0.9468
vn 0.4922 0.1666 0.8544
vn 0.1080 0.1202 -0.9869
vn 0.6494 0.1666 0.7420
vn -0.0866 0.1202 -0.9890
vn 0.7817 0.1666 0.6010
vn -0.2779 0.1202 -0.9531
vn 0.8839 0.1666 0.4370
vn -0.4585 0.1202 -0.8805
vn 0.9521 0.1668 0.2562
vn -0.6215 0.1202 -0.7742
vn -0.7606 0.1202 -0.6380
vn 0.2201 -0.1666 0.9611
vn -0.8704 0.1202 -0.4774
vn 0.4034 -0.1666 0.8997
vn 0.9358 0.1545 -0.3167
vn -0.9468 0.1202 -0.2984
vn 0.5712 -0.1666 0.8037
vn 0.8544 0.1668 -0.4921
vn -0.9868 0.1205 -0.1080
vn 0.7170 -0.1666 0.6769
vn 0.8353 -0.1666 0.5240
vn 0.6007 0.1632 -0.7826
vn 0.9215 -0.1666 0.3509
vn 0.4370 0.1666 -0.8839
vn 0.9726 -0.1632 0.1654
vn 0.2561 0.1666 -0.9522
vn -0.7717 0.0953 0.6288
vn 0.0655 0.1666 -0.9839
vn -0.6380 0.1202 0.7606
vn -0.1277 0.1666 -0.9777
vn -0.4834 0.2056 0.8509
vn 0.8989 -0.1709 -0.4035
vn -0.3160 0.1666 -0.9340
vn 0.8040 -0.1648 -0.5713
vn -0.4922 0.1666 -0.8544
vn -0.1081 0.1137 0.9876
vn -0.6494 0.1666 -0.7420
vn 0.0866 0.1202 0.9890
vn 0.5239 -0.1668 -0.8353
vn -0.7817 0.1666 -0.6010
vn 0.2626 -0.1202 0.9574
vn 0.3509 -0.1666 -0.9215
vn -0.8839 0.1666 -0.4370
vn 0.4443 -0.1202 0.8878
vn 0.1644 -0.1666 -0.9722
vn -0.9522 0.1666 -0.2561
vn 0.6090 -0.1202 0.7840
vn -0.0284 -0.1666 -0.9856
vn -0.9831 0.1709 -0.0658
vn 0.7502 -0.1202 0.6501
vn -0.2201 -0.1666 -0.9611
vn 0.8627 -0.1202 0.4913
vn -0.4034 -0.1666 -0.8997
vn 0.9419 -0.1202 0.3135
vn -0.5712 -0.1666 -0.8037
vn 0.9865 -0.0985 0.1309
vn -0.7170 -0.1666 -0.6769
vn -0.7418 0.1630 0.6505
vn -0.8353 -0.1666 -0.5240
vn -0.6010 0.1666 0.7817
vn -0.9215 -0.1666 -0.3509
vn -0.4285 0.5651 0.7050
vn 0.8877 -0.1205 -0.4443
vn -0.9722 -0.1666 -0.1644
vn 0.7835 -0.1185 -0.6100
vn -0.9877 -0.1540 0.0283
vn -0.0653 0.1645 0.9842
vn 0.6111 -0.2147 -0.7619
vn 0.1277 0.1666 0.9777
vn 0.4913 -0.1202 -0.8627
vn 0.3135 -0.1202 -0.9419
vn 0.1238 -0.1202 -0.9850
vn -0.6768 -0.1668 0.7170
vn -0.0708 -0.1202 -0.9902
vn -0.5241 -0.1660 0.8353
vn -0.2626 -0.1202 -0.9574
vn -0.4443 -0.1202 -0.8878
vn -0.6090 -0.1202 -0.7840
vn 0.0284 -0.1668 0.9856
vn -0.7502 -0.1202 -0.6501
vn 0.2779 0.1202 0.9531
vn -0.8627 -0.1202 -0.4913
vn 0.4585 0.1202 0.8805
vn -0.9419 -0.1202 -0.3135
vn 0.6215 0.1202 0.7742
vn -0.9850 -0.1202 -0.1238
vn 0.7606 0.1202 0.6380
vn -0.9819 -0.1690 0.0855
vn 0.8704 0.1202 0.4774
vt 0.000000 0.000000
s 0
usemtl Material.008
f 3981/3395/3192 4040/3395/3192 4152/3395/3192 4096/3395/3192
f 3982/3395/3193 4041/3395/3193 4153/3395/3193 4097/3395/3193
f 4030/3395/3194 4000/3395/3194 4115/3395/3194 4142/3395/3194
f 3983/3395/3195 4042/3395/3195 4154/3395/3195 4098/3395/3195
f 4031/3395/3196 4001/3395/3196 4116/3395/3196 4143/3395/3196
f 3984/3395/3197 4043/3395/3197 4155/3395/3197 4099/3395/3197
f 4032/3395/3198 4002/3395/3198 4117/3395/3198 4144/3395/3198
f 3985/3395/3199 4044/3395/3199 4156/3395/3199 4100/3395/3199
f 3986/3395/3200 4045/3395/3200 4157/3395/3200 4101/3395/3200
f 4033/3395/3201 4004/3395/3201 4118/3395/3201 4145/3395/3201
f 3987/3395/3202 4046/3395/3202 4158/3395/3202 4102/3395/3202
f 4034/3395/3203 4005/3395/3203 4119/3395/3203 4146/3395/3203
f 3988/3395/3204 4047/3395/3204 4159/3395/3204 4103/3395/3204
f 4035/3395/3205 3949/3395/3205 4064/3395/3205 4147/3395/3205
f 3989/3395/3206 4048/3395/3206 4160/3395/3206 4104/3395/3206
f 4036/3395/3207 3950/3395/3207 4065/3395/3207 4148/3395/3207
f 3990/3395/3208 4049/3395/3208 4161/3395/3208 4105/3395/3208
f 4037/3395/3209 3951/3395/3209 4066/3395/3209 4149/3395/3209
f 3991/3395/3210 4050/3395/3210 4162/3395/3210 4106/3395/3210
f 4038/3395/3211 3952/3395/3211 4067/3395/3211 4150/3395/3211
f 3992/3395/3212 4051/3395/3212 4163/3395/3212 4107/3395/3212
f 4039/3395/3213 3953/3395/3213 4068/3395/3213 4151/3395/3213
f 3993/3395/3214 4052/3395/3214 4164/3395/3214 4108/3395/3214
f 4040/3395/3215 3954/3395/3215 4069/3395/3215 4152/3395/3215
f 3994/3395/3216 4053/3395/3216 4165/3395/3216 4109/3395/3216
f 3995/3395/3217 4054/3395/3217 4166/3395/3217 4110/3395/3217
f 3948/3395/3218 4006/3395/3218 4120/3395/3218 4063/3395/3218
f 3996/3395/3219 4055/3395/3219 4167/3395/3219 4111/3395/3219
f 3949/3395/3220 4007/3395/3220 4121/3395/3220 4064/3395/3220
f 4043/3395/3221 3957/3395/3221 4070/3395/3221 4155/3395/3221
f 3997/3395/3222 4056/3395/3222 4168/3395/3222 4112/3395/3222
f 3950/3395/3223 4008/3395/3223 4122/3395/3223 4065/3395/3223
f 4044/3395/3224 3958/3395/3224 4071/3395/3224 4156/3395/3224
f 3998/3395/3225 4057/3395/3225 4169/3395/3225 4113/3395/3225
f 3951/3395/3226 4009/3395/3226 4123/3395/3226 4066/3395/3226
f 3952/3395/3227 4010/3395/3227 4124/3395/3227 4067/3395/3227
f 4046/3395/3228 3959/3395/3228 4073/3395/3228 4158/3395/3228
f 3953/3395/3229 4011/3395/3229 4125/3395/3229 4068/3395/3229
f 4047/3395/3230 3960/3395/3230 4074/3395/3230 4159/3395/3230
f 3954/3395/3231 4012/3395/3231 4126/3395/3231 4069/3395/3231
f 4048/3395/3232 3961/3395/3232 4075/3395/3232 4160/3395/3232
f 4000/3395/3233 4058/3395/3233 4171/3395/3233 4115/3395/3233
f 4049/3395/3234 3962/3395/3234 4076/3395/3234 4161/3395/3234
f 4001/3395/3235 4059/3395/3235 4172/3395/3235 4116/3395/3235
f 4050/3395/3236 3963/3395/3236 4077/3395/3236 4162/3395/3236
f 4002/3395/3237 4060/3395/3237 4173/3395/3237 4117/3395/3237
f 3957/3395/3238 4015/3395/3238 4127/3395/3238 4070/3395/3238
f 4051/3395/3239 3964/3395/3239 4078/3395/3239 4163/3395/3239
f 3958/3395/3240 4016/3395/3240 4128/3395/3240 4071/3395/3240
f 4052/3395/3241 3965/3395/3241 4079/3395/3241 4164/3395/3241
f 4004/3395/3242 4061/3395/3242 4174/3395/3242 4118/3395/3242
f 4053/3395/3243 3966/3395/3243 4080/3395/3243 4165/3395/3243
f 4005/3395/3244 4062/3395/3244 4175/3395/3244 4119/3395/3244
f 3959/3395/3245 4018/3395/3245 4130/3395/3245 4073/3395/3245
f 4054/3395/3246 3967/3395/3246 4081/3395/3246 4166/3395/3246
f 4006/3395/3247 3976/3395/3247 4091/3395/3247 4120/3395/3247
f 3960/3395/3248 4019/3395/3248 4131/3395/3248 4074/3395/3248
f 4055/3395/3249 3968/3395/3249 4082/3395/3249 4167/3395/3249
f 4007/3395/3250 3977/3395/3250 4092/3395/3250 4121/3395/3250
f 3961/3395/3251 4020/3395/3251 4132/3395/3251 4075/3395/3251
f 4056/3395/3252 3969/3395/3252 4083/3395/3252 4168/3395/3252
f 4008/3395/3253 3978/3395/3253 4093/3395/3253 4122/3395/3253
f 3962/3395/3254 4021/3395/3254 4133/3395/3254 4076/3395/3254
f 4057/3395/3255 3970/3395/3255 4084/3395/3255 4169/3395/3255
f 4009/3395/3256 3979/3395/3256 4094/3395/3256 4123/3395/3256
f 3963/3395/3257 4022/3395/3257 4134/3395/3257 4077/3395/3257
f 4010/3395/3258 3980/3395/3258 4095/3395/3258 4124/3395/3258
f 3964/3395/3259 4023/3395/3259 4135/3395/3259 4078/3395/3259
f 4011/3395/3260 3981/3395/3260 4096/3395/3260 4125/3395/3260
f 3965/3395/3261 4024/3395/3261 4136/3395/3261 4079/3395/3261
f 4012/3395/3262 3982/3395/3262 4097/3395/3262 4126/3395/3262
f 3966/3395/3263 4025/3395/3263 4137/3395/3263 4080/3395/3263
f 4058/3395/3264 3971/3395/3264 4087/3395/3264 4171/3395/3264
f 3967/3395/3265 4026/3395/3265 4138/3395/3265 4081/3395/3265
f 4059/3395/3266 3972/3395/3266 4088/3395/3266 4172/3395/3266
f 3968/3395/3267 4027/3395/3267 4139/3395/3267 4082/3395/3267
f 4060/3395/3268 3973/3395/3268 4089/3395/3268 4173/3395/3268
f 4015/3395/3269 3985/3395/3269 4100/3395/3269 4127/3395/3269
f 3969/3395/3270 4028/3395/3270 4140/3395/3270 4083/3395/3270
f 4016/3395/3271 3986/3395/3271 4101/3395/3271 4128/3395/3271
f 3970/3395/3272 4029/3395/3272 4141/3395/3272 4084/3395/3272
f 4061/3395/3273 3975/3395/3273 4090/3395/3273 4174/3395/3273
f 4017/3395/3274 3987/3395/3274 4102/3395/3274 4129/3395/3274
f 4062/3395/3275 3948/3395/3275 4063/3395/3275 4175/3395/3275
f 4018/3395/3276 3988/3395/3276 4103/3395/3276 4130/3395/3276
f 4019/3395/3277 3989/3395/3277 4104/3395/3277 4131/3395/3277
f 4020/3395/3278 3990/3395/3278 4105/3395/3278 4132/3395/3278
f 3971/3395/3279 4031/3395/3279 4143/3395/3279 4087/3395/3279
f 4021/3395/3280 3991/3395/3280 4106/3395/3280 4133/3395/3280
f 3972/3395/3281 4032/3395/3281 4144/3395/3281 4088/3395/3281
f 4022/3395/3282 3992/3395/3282 4107/3395/3282 4134/3395/3282
f 4023/3395/3283 3993/3395/3283 4108/3395/3283 4135/3395/3283
f 4024/3395/3284 3994/3395/3284 4109/3395/3284 4136/3395/3284
f 3975/3395/3285 4034/3395/3285 4146/3395/3285 4090/3395/3285
f 4025/3395/3286 3995/3395/3286 4110/3395/3286 4137/3395/3286
f 3976/3395/3287 4035/3395/3287 4147/3395/3287 4091/3395/3287
f 4026/3395/3288 3996/3395/3288 4111/3395/3288 4138/3395/3288
f 3977/3395/3289 4036/3395/3289 4148/3395/3289 4092/3395/3289
f 4027/3395/3290 3997/3395/3290 4112/3395/3290 4139/3395/3290
f 3978/3395/3291 4037/3395/3291 4149/3395/3291 4093/3395/3291
f 4028/3395/3292 3998/3395/3292 4113/3395/3292 4140/3395/3292
f 3979/3395/3293 4038/3395/3293 4150/3395/3293 4094/3395/3293
f 4029/3395/3294 3999/3395/3294 4114/3395/3294 4141/3395/3294
f 3980/3395/3295 4039/3395/3295 4151/3395/3295 4095/3395/3295
l 4013 3955
l 4014 3956
l 4033 3974
l 3983 4013
l 3984 4014
l 3955 4041
l 3956 4042
l 4129 4072
l 4142 4086
l 4170 4114
l 4072 4157
l 4085 4170
o Circle.004
v 1.768082 2.840056 2.033062
v 2.132361 2.521790 1.790924
v 2.401127 2.194144 1.510009
v 2.620229 1.802129 1.109484
v 2.713897 1.437830 0.706206
v 2.685501 1.004495 0.153407
v 2.587560 0.767297 -0.149461
v 2.372832 0.485775 -0.570832
v 2.107930 0.275088 -0.913796
v 1.685559 0.085160 -1.315144
v 1.481051 0.011328 -1.444456
v 0.730757 -0.053943 -1.850385
v 0.239879 -0.024975 -1.996051
v -0.354288 0.100006 -2.084371
v -0.850483 0.265629 -2.071213
v -1.340060 0.499049 -1.977678
v -1.732990 0.742864 -1.823414
v -2.147926 1.105582 -1.556510
v -2.373671 1.347837 -1.321506
v -2.580796 1.683470 -0.991684
v -2.726192 2.204305 -0.458751
v -2.706131 2.571685 -0.025201
v -2.589752 2.872807 0.398721
v -2.387805 3.132432 0.794142
v -1.103943 3.670172 1.912121
v -0.787432 3.671855 2.066823
v -0.217115 3.639389 2.235200
v 0.617537 3.440764 2.308053
v 1.122408 3.232482 2.250658
v 1.575616 2.973100 2.115755
v 1.958675 2.680936 1.914466
v 2.142067 2.475524 1.788061
v 2.530205 1.984893 1.295222
v 2.674657 1.619697 0.910607
v 2.718330 1.243296 0.453616
v 2.652337 0.924164 0.063919
v 2.487359 0.623122 -0.361514
v 2.226529 0.366539 -0.770411
v 2.036869 0.224403 -0.963664
v 1.468472 0.028354 -1.466818
v 0.861908 -0.042673 -1.800262
v 0.529169 -0.049459 -1.910883
v -0.591266 0.173966 -2.082303
v -1.098413 0.378221 -2.030610
v -1.563212 0.637235 -1.896651
v -1.939556 0.910094 -1.701149
v -2.266554 1.234163 -1.435976
v -2.521950 1.594663 -1.097919
v -2.726372 2.361936 -0.265545
v -2.497679 2.999981 0.590987
v -2.338104 3.161451 0.881362
v -1.395404 3.623997 1.738635
v -1.050765 3.656195 1.946662
v -0.481354 3.663479 2.162956
v -0.028966 3.600523 2.271560
v 0.603555 3.453146 2.304325
v 1.107687 3.247472 2.249788
v 1.570072 2.986874 2.113677
v 1.865194 2.761593 1.975789
v 2.174678 2.467946 1.753016
v 2.478077 2.079162 1.390275
v 2.650191 1.710896 1.011078
v 2.718931 1.345103 0.593014
v 2.677179 0.991772 0.151438
v 2.540167 0.694113 -0.255771
v 2.301999 0.424670 -0.671574
v 2.125218 0.275792 -0.867911
v 1.573049 0.054084 -1.397076
v 0.610520 -0.050235 -1.890277
v 0.040521 0.018892 -2.045031
v -0.462651 0.131850 -2.084109
v -0.975341 0.320313 -2.053196
v -1.453260 0.566950 -1.939271
v -1.740209 0.735168 -1.807045
v -2.221127 1.186004 -1.486366
v -2.408073 1.392268 -1.268521
v -2.656603 1.901001 -0.798291
v -2.728175 2.275170 -0.370744
v -2.549652 2.930563 0.487091
v -2.345636 3.165891 0.859748
v -1.439750 3.615416 1.711300
v -1.102795 3.659302 1.917388
v -0.618454 3.671779 2.121839
v -0.093511 3.617956 2.258177
v 0.759538 3.397042 2.296525
v 1.254919 3.172993 2.216502
v 1.664632 2.912613 2.080446
v 2.050234 2.599906 1.852056
v 2.223955 2.388663 1.714819
v 2.578025 1.893410 1.203258
v 2.697027 1.528620 0.809460
v 2.622841 0.845281 -0.042031
v 2.432587 0.553068 -0.466882
v 2.154030 0.312023 -0.862372
v 1.817752 0.131769 -1.197620
v 1.412306 0.009849 -1.500987
v 0.837270 -0.049802 -1.807157
v 0.516520 -0.063121 -1.904325
v -0.341694 0.105822 -2.089083
v -0.721686 0.218154 -2.079039
v -1.220623 0.437258 -2.006334
v -1.666196 0.703578 -1.854782
v -2.057529 1.019186 -1.624604
v -2.269107 1.215207 -1.428670
v -2.567901 1.678534 -1.015158
v -2.721688 2.204952 -0.472747
v -2.721900 2.456462 -0.153396
v -2.589060 2.874554 0.384459
v -2.443245 3.069624 0.695848
v -2.169165 3.308018 1.083067
v -1.471283 3.633126 1.665303
v -1.050829 3.644348 1.961128
v -0.348959 3.653324 2.201363
v -0.117634 3.602012 2.267780
v 1.028541 3.343958 2.228748
v 1.409420 3.146657 2.137061
v 1.839056 2.857106 1.952953
v 2.077407 2.630560 1.811003
v 2.371067 2.300846 1.530232
v 2.584040 1.943144 1.197637
v 2.715247 1.557470 0.762930
v 2.726982 1.203581 0.341076
v 2.618850 0.844577 -0.143844
v 2.440537 0.583796 -0.515106
v 2.153363 0.341344 -0.917181
v 1.893219 0.191881 -1.176442
v 1.354298 0.037012 -1.586111
v 0.337730 0.009625 -2.011807
v -0.167664 0.085561 -2.096640
v -0.734578 0.267287 -2.114608
v -1.224572 0.484726 -2.038955
v -1.675485 0.758507 -1.881990
v -1.965279 0.972383 -1.715074
v -2.366854 1.417238 -1.352741
v -2.454062 1.481187 -1.228457
v -2.710554 2.507445 -0.173597
v -2.602979 2.864698 0.287109
v -2.420630 3.126459 0.683001
v -2.155135 3.351505 1.061208
v -1.573716 3.630208 1.568262
v -1.141761 3.712480 1.837840
v -0.783270 3.722907 2.019664
v -0.365416 3.690691 2.172141
v 0.212836 3.602045 2.266986
v 1.009350 3.329848 2.240928
v 1.482519 3.080780 2.122258
v 1.896235 2.786672 1.928084
v 2.237075 2.459529 1.666211
v 2.664802 1.740201 0.964078
v 2.728934 1.379261 0.553527
v 2.681828 1.014941 0.085490
v 2.544484 0.725879 -0.304238
v 2.303546 0.458564 -0.718441
v 1.976007 0.245191 -1.100575
v 1.128313 0.008387 -1.707193
v 0.594785 -0.013035 -1.927370
v 0.214383 0.018551 -2.028658
v -0.640637 0.256277 -2.129346
v -0.978282 0.369863 -2.082926
v -1.454231 0.618070 -1.966355
v -1.872256 0.911976 -1.772162
v -2.199919 1.208069 -1.521113
v -2.422594 1.489765 -1.267146
v -2.634300 1.895781 -0.853219
v -2.706336 2.457556 -0.265296
v -2.672555 2.668147 0.035919
v -2.423948 3.129156 0.635835
v -2.287935 3.246277 0.879774
v -1.323771 3.688216 1.726292
v -1.036423 3.707841 1.902374
v -0.729326 3.705332 2.050168
v -0.053033 3.653270 2.226800
v 0.326530 3.560218 2.280153
v 0.944721 3.364170 2.249271
v 1.411012 3.129238 2.144992
v 1.839286 2.839378 1.960097
v 2.159441 2.545818 1.740374
v 2.372220 2.286509 1.530037
v 2.632405 1.836050 1.070547
v 2.724922 1.468050 0.658933
v 2.710070 1.116832 0.228683
v 2.589740 0.795264 -0.204749
v 2.374580 0.519849 -0.617404
v 2.066107 0.291390 -1.010767
v 1.229740 0.020817 -1.656422
v 0.227440 0.023390 -2.034352
v -0.365937 0.151452 -2.118677
v -0.853616 0.315290 -2.100982
v -1.340699 0.549973 -2.004869
v -1.776421 0.834888 -1.828651
v -2.417256 1.490126 -1.281195
v -2.710467 2.247638 -0.480286
v -2.694730 2.585608 -0.071993
v -2.482908 3.059636 0.529507
v -2.358599 3.185393 0.779242
v -2.150271 3.347228 1.074423
v -1.412475 3.674333 1.669419
v -1.146888 3.697744 1.847729
v -0.729722 3.715140 2.043910
v -0.196109 3.675799 2.202541
v 0.320965 3.571361 2.274899
v 1.160983 3.263742 2.211183
v 1.620235 2.998353 2.067523
v 1.986130 2.711378 1.873268
v 2.311750 2.374156 1.592363
v 2.692942 1.648294 0.863797
v 2.730803 1.290840 0.447739
v 2.621405 0.863239 -0.148792
v 2.495147 0.653651 -0.410043
v 2.230703 0.398378 -0.818848
v 1.899875 0.205253 -1.174417
v 1.494160 0.060581 -1.487514
v 1.118631 -0.000929 -1.705601
v 0.468927 -0.001623 -1.972966
v -0.654178 0.244948 -2.120320
v -1.102699 0.425856 -2.063160
v -1.566611 0.687140 -1.926228
v -1.952738 0.975188 -1.723433
v -2.293097 1.323975 -1.433740
v -2.647556 1.930990 -0.815938
v -2.711685 2.458089 -0.242623
v -2.646879 2.754256 0.147991
v -2.449966 3.091778 0.619256
v -2.216668 3.305289 0.978531
v -1.845783 3.514151 1.374698
v -1.311283 3.681569 1.747157
v -0.781577 3.733587 2.004279
v 0.081797 3.629237 2.249177
vn 0.9540 0.0984 0.2831
vn -0.8843 0.3534 0.3052
vn 0.9900 -0.0263 0.1387
vn 0.9493 -0.2700 -0.1607
vn -0.4656 0.4048 0.7870
vn 0.8768 -0.3654 -0.3125
vn -0.3295 0.6205 0.7117
vn 0.7835 -0.4040 -0.4722
vn -0.1394 0.5200 0.8427
vn 0.0441 0.6195 0.7838
vn 0.5376 -0.4088 -0.7375
vn 0.1982 -0.7512 -0.6296
vn 0.6851 0.4748 0.5525
vn 0.8076 0.4064 0.4274
vn -0.2558 -0.4545 -0.8532
vn -0.4295 -0.3731 -0.8224
vn 0.9697 0.1111 0.2174
vn -0.5612 -0.2409 -0.7919
vn 0.9974 -0.0116 0.0718
vn -0.6930 -0.1344 -0.7083
vn 0.9420 -0.2481 -0.2259
vn -0.7934 0.1888 -0.5787
vn 0.8618 -0.3440 -0.3727
vn 0.6641 0.1558 0.7313
vn 0.7902 -0.2215 -0.5714
vn -0.9131 0.3686 -0.1742
vn 0.8047 0.2008 0.5587
vn 0.6140 -0.5004 -0.6104
vn 0.8047 -0.1760 0.5669
vn -0.8137 0.5623 0.1471
vn 0.9024 -0.2183 0.3715
vn 0.2536 -0.5670 -0.7837
vn 0.9182 -0.3322 0.2159
vn 0.7652 -0.6236 0.1597
vn -0.1930 -0.5932 -0.7816
vn 0.8222 -0.5642 -0.0759
vn -0.2801 -0.3970 -0.8740
vn 0.7264 -0.6516 -0.2185
vn -0.4494 -0.3123 -0.8370
vn -0.0574 0.7410 0.6690
vn -0.4713 -0.0674 -0.8794
vn 0.4349 -0.7901 -0.4320
vn -0.7284 -0.1034 -0.6774
vn 0.2378 0.3093 0.9207
vn 0.4126 0.2599 0.8730
vn 0.1128 -0.7674 -0.6311
vn 0.5614 0.1623 0.8115
vn -0.1354 -0.8353 -0.5328
vn -0.9733 0.1785 -0.1443
vn 0.7085 0.1705 0.6848
vn -0.2937 -0.7290 -0.6183
vn -0.8495 0.4811 -0.2165
vn -0.4493 -0.6259 -0.6375
vn -0.8954 0.4183 0.1522
vn 0.8751 -0.1104 0.4712
vn -0.6101 -0.5323 -0.5869
vn -0.7610 0.6400 0.1063
vn 0.9269 -0.2095 0.3113
vn 0.9100 -0.3749 0.1773
vn -0.8539 -0.2873 -0.4340
vn 0.8717 -0.4891 0.0316
vn 0.8226 -0.5511 -0.1401
vn 0.7217 -0.6312 -0.2843
vn -0.9983 0.0417 0.0401
vn -0.0033 0.7739 0.6332
vn 0.4441 -0.7221 -0.5304
vn -0.9052 0.2593 0.3369
vn -0.8079 0.5115 0.2927
vn 0.1453 -0.6549 -0.7416
vn -0.3049 -0.6571 -0.6893
vn -0.3482 0.3531 0.8684
vn -0.4774 -0.5737 -0.6655
vn -0.2073 0.4024 0.8917
vn -0.6335 -0.4726 -0.6127
vn 0.0023 0.5173 0.8558
vn 0.3227 0.5824 0.7461
vn -0.8314 -0.1694 -0.5293
vn 0.4966 0.5022 0.7080
vn 0.6483 0.4434 0.6190
vn 0.7798 0.3593 0.5126
vn -0.9902 0.1397 0.0004
vt 0.000000 0.000000
s 0
usemtl Material.009
f 4208/3396/3296 4265/3396/3296 4381/3396/3296 4324/3396/3296
f 4254/3396/3297 4225/3396/3297 4343/3396/3297 4370/3396/3297
f 4209/3396/3298 4266/3396/3298 4382/3396/3298 4325/3396/3298
f 4211/3396/3299 4267/3396/3299 4384/3396/3299 4327/3396/3299
f 4256/3396/3300 4227/3396/3300 4345/3396/3300 4373/3396/3300
f 4212/3396/3301 4268/3396/3301 4385/3396/3301 4328/3396/3301
f 4257/3396/3302 4228/3396/3302 4346/3396/3302 4374/3396/3302
f 4213/3396/3303 4269/3396/3303 4386/3396/3303 4329/3396/3303
f 4258/3396/3304 4229/3396/3304 4347/3396/3304 4375/3396/3304
f 4259/3396/3305 4230/3396/3305 4348/3396/3305 4376/3396/3305
f 4215/3396/3306 4271/3396/3306 4388/3396/3306 4330/3396/3306
f 4216/3396/3307 4272/3396/3307 4389/3396/3307 4331/3396/3307
f 4262/3396/3308 4176/3396/3308 4293/3396/3308 4379/3396/3308
f 4263/3396/3309 4177/3396/3309 4294/3396/3309 4380/3396/3309
f 4218/3396/3310 4275/3396/3310 4391/3396/3310 4334/3396/3310
f 4219/3396/3311 4276/3396/3311 4392/3396/3311 4335/3396/3311
f 4265/3396/3312 4179/3396/3312 4296/3396/3312 4381/3396/3312
f 4220/3396/3313 4277/3396/3313 4393/3396/3313 4336/3396/3313
f 4266/3396/3314 4180/3396/3314 4297/3396/3314 4382/3396/3314
f 4221/3396/3315 4278/3396/3315 4394/3396/3315 4337/3396/3315
f 4267/3396/3316 4182/3396/3316 4299/3396/3316 4384/3396/3316
f 4223/3396/3317 4280/3396/3317 4395/3396/3317 4339/3396/3317
f 4268/3396/3318 4183/3396/3318 4300/3396/3318 4385/3396/3318
f 4176/3396/3319 4234/3396/3319 4352/3396/3319 4293/3396/3319
f 4269/3396/3320 4184/3396/3320 4301/3396/3320 4386/3396/3320
f 4224/3396/3321 4282/3396/3321 4397/3396/3321 4341/3396/3321
f 4177/3396/3322 4235/3396/3322 4353/3396/3322 4294/3396/3322
f 4270/3396/3323 4185/3396/3323 4302/3396/3323 4387/3396/3323
f 4178/3396/3324 4236/3396/3324 4354/3396/3324 4295/3396/3324
f 4225/3396/3325 4284/3396/3325 4399/3396/3325 4343/3396/3325
f 4179/3396/3326 4237/3396/3326 4355/3396/3326 4296/3396/3326
f 4272/3396/3327 4187/3396/3327 4303/3396/3327 4389/3396/3327
f 4180/3396/3328 4238/3396/3328 4356/3396/3328 4297/3396/3328
f 4181/3396/3329 4239/3396/3329 4357/3396/3329 4298/3396/3329
f 4274/3396/3330 4189/3396/3330 4305/3396/3330 4390/3396/3330
f 4182/3396/3331 4240/3396/3331 4358/3396/3331 4299/3396/3331
f 4275/3396/3332 4190/3396/3332 4306/3396/3332 4391/3396/3332
f 4183/3396/3333 4241/3396/3333 4359/3396/3333 4300/3396/3333
f 4276/3396/3334 4191/3396/3334 4307/3396/3334 4392/3396/3334
f 4229/3396/3335 4288/3396/3335 4403/3396/3335 4347/3396/3335
f 4277/3396/3336 4192/3396/3336 4308/3396/3336 4393/3396/3336
f 4185/3396/3337 4243/3396/3337 4360/3396/3337 4302/3396/3337
f 4278/3396/3338 4193/3396/3338 4309/3396/3338 4394/3396/3338
f 4231/3396/3339 4203/3396/3339 4320/3396/3339 4349/3396/3339
f 4232/3396/3340 4204/3396/3340 4321/3396/3340 4350/3396/3340
f 4187/3396/3341 4244/3396/3341 4361/3396/3341 4303/3396/3341
f 4233/3396/3342 4205/3396/3342 4322/3396/3342 4351/3396/3342
f 4188/3396/3343 4245/3396/3343 4362/3396/3343 4304/3396/3343
f 4281/3396/3344 4196/3396/3344 4311/3396/3344 4396/3396/3344
f 4234/3396/3345 4206/3396/3345 4323/3396/3345 4352/3396/3345
f 4189/3396/3346 4246/3396/3346 4363/3396/3346 4305/3396/3346
f 4282/3396/3347 4197/3396/3347 4312/3396/3347 4397/3396/3347
f 4190/3396/3348 4247/3396/3348 4364/3396/3348 4306/3396/3348
f 4283/3396/3349 4198/3396/3349 4313/3396/3349 4398/3396/3349
f 4236/3396/3350 4208/3396/3350 4324/3396/3350 4354/3396/3350
f 4191/3396/3351 4248/3396/3351 4365/3396/3351 4307/3396/3351
f 4284/3396/3352 4199/3396/3352 4314/3396/3352 4399/3396/3352
f 4237/3396/3353 4209/3396/3353 4325/3396/3353 4355/3396/3353
f 4238/3396/3354 4210/3396/3354 4326/3396/3354 4356/3396/3354
f 4193/3396/3355 4250/3396/3355 4366/3396/3355 4309/3396/3355
f 4239/3396/3356 4211/3396/3356 4327/3396/3356 4357/3396/3356
f 4240/3396/3357 4212/3396/3357 4328/3396/3357 4358/3396/3357
f 4241/3396/3358 4213/3396/3358 4329/3396/3358 4359/3396/3358
f 4196/3396/3359 4253/3396/3359 4368/3396/3359 4311/3396/3359
f 4288/3396/3360 4202/3396/3360 4319/3396/3360 4403/3396/3360
f 4243/3396/3361 4215/3396/3361 4330/3396/3361 4360/3396/3361
f 4198/3396/3362 4254/3396/3362 4370/3396/3362 4313/3396/3362
f 4199/3396/3363 4255/3396/3363 4371/3396/3363 4314/3396/3363
f 4244/3396/3364 4217/3396/3364 4332/3396/3364 4361/3396/3364
f 4246/3396/3365 4218/3396/3365 4334/3396/3365 4363/3396/3365
f 4200/3396/3366 4257/3396/3366 4374/3396/3366 4317/3396/3366
f 4247/3396/3367 4219/3396/3367 4335/3396/3367 4364/3396/3367
f 4201/3396/3368 4258/3396/3368 4375/3396/3368 4318/3396/3368
f 4248/3396/3369 4220/3396/3369 4336/3396/3369 4365/3396/3369
f 4202/3396/3370 4259/3396/3370 4376/3396/3370 4319/3396/3370
f 4203/3396/3371 4260/3396/3371 4377/3396/3371 4320/3396/3371
f 4250/3396/3372 4222/3396/3372 4338/3396/3372 4366/3396/3372
f 4204/3396/3373 4261/3396/3373 4378/3396/3373 4321/3396/3373
f 4205/3396/3374 4262/3396/3374 4379/3396/3374 4322/3396/3374
f 4206/3396/3375 4263/3396/3375 4380/3396/3375 4323/3396/3375
f 4253/3396/3376 4224/3396/3376 4341/3396/3376 4368/3396/3376
l 4242 4184
l 4249 4192
l 4251 4194
l 4252 4195
l 4264 4207
l 4270 4214
l 4273 4217
l 4279 4222
l 4285 4226
l 4287 4228
l 4289 4230
l 4207 4235
l 4214 4242
l 4221 4249
l 4223 4251
l 4226 4255
l 4178 4264
l 4186 4271
l 4188 4273
l 4194 4279
l 4195 4280
l 4201 4287
l 4349 4290
l 4350 4291
l 4351 4292
l 4369 4312
l 4372 4315
l 4373 4316
l 4383 4326
l 4390 4333
l 4396 4340
l 4398 4342
l 4401 4344
l 4402 4345
l 4333 4362
l 4340 4367
l 4342 4369
l 4344 4372
l 4291 4377
l 4292 4378
l 4298 4383
l 4315 4400
l 4316 4401
l 4317 4402
l 4285 4400
l 4286 4401
l 4194 4310
l 4252 4367
o Circle.005
v 0.128939 0.263812 0.523288
v 0.231514 0.263812 0.497009
v 0.326992 0.263812 0.451224
v 0.411702 0.263812 0.387692
v 0.482391 0.263812 0.308854
v 0.536340 0.263812 0.217741
v 0.571478 0.263812 0.117853
v 0.586453 0.263812 0.013030
v 0.580691 0.263812 -0.092701
v 0.554412 0.263812 -0.195276
v 0.508627 0.263812 -0.290754
v 0.445095 0.263812 -0.375464
v 0.368127 0.263623 -0.444811
v 0.332481 0.257552 -0.468404
v 0.175259 0.263812 -0.535239
v 0.070433 0.263812 -0.550215
v -0.035298 0.263812 -0.544453
v -0.137873 0.263812 -0.518174
v -0.233350 0.263812 -0.472389
v -0.318061 0.263812 -0.408857
v -0.388749 0.263812 -0.330019
v -0.442699 0.263812 -0.238906
v -0.477836 0.263812 -0.139018
v -0.492812 0.263812 -0.034195
v -0.487049 0.263812 0.071536
v -0.460457 0.264145 0.175536
v -0.419909 0.262479 0.262010
v -0.351453 0.263812 0.354299
v -0.272616 0.263812 0.424987
v -0.181502 0.263812 0.478937
v -0.081615 0.263812 0.514075
v 0.023209 0.263812 0.529050
v 0.180611 0.263812 0.511649
v 0.279923 0.263812 0.475513
v 0.370276 0.263812 0.420697
v 0.448200 0.263812 0.349307
v 0.510698 0.263812 0.264087
v 0.555370 0.263812 0.168311
v 0.580499 0.263812 0.065660
v 0.585119 0.263812 -0.039920
v 0.569052 0.263812 -0.144373
v 0.532916 0.263812 -0.243685
v 0.478100 0.263812 -0.334038
v 0.406713 0.263812 -0.411959
v 0.375987 0.257552 -0.437450
v 0.227298 0.263623 -0.518565
v 0.123064 0.263812 -0.544261
v 0.017483 0.263812 -0.548881
v -0.086970 0.263812 -0.532814
v -0.186281 0.263812 -0.496678
v -0.276635 0.263812 -0.441862
v -0.354558 0.263812 -0.370472
v -0.417057 0.263812 -0.285252
v -0.461729 0.263812 -0.189476
v -0.486857 0.263812 -0.086825
v -0.491477 0.263812 0.018755
v -0.475408 0.263815 0.123223
v -0.384517 0.263800 0.312805
v -0.313069 0.263812 0.390796
v -0.227848 0.263812 0.453295
v -0.132073 0.263812 0.497967
v -0.029422 0.263812 0.523096
v 0.076158 0.263812 0.527716
v 0.154863 0.263812 0.518026
v 0.255914 0.263812 0.486791
v 0.348929 0.263812 0.436442
v 0.430334 0.263812 0.368914
v 0.497001 0.263812 0.286803
v 0.546368 0.263812 0.193263
v 0.576538 0.263812 0.091889
v 0.586350 0.263812 -0.013423
v 0.575429 0.263812 -0.118625
v 0.544194 0.263812 -0.219675
v 0.493845 0.263812 -0.312690
v 0.426318 0.263812 -0.394096
v 0.358466 0.262331 -0.451098
v 0.263386 0.262331 -0.504586
v 0.149292 0.263812 -0.540299
v 0.043981 0.263812 -0.550112
v -0.061222 0.263812 -0.539191
v -0.162272 0.263812 -0.507956
v -0.255287 0.263812 -0.457607
v -0.336692 0.263812 -0.390079
v -0.403359 0.263812 -0.307968
v -0.452726 0.263812 -0.214428
v -0.482896 0.263812 -0.113054
v -0.492709 0.263812 -0.007742
v -0.481788 0.263812 0.097460
v -0.449492 0.265474 0.202708
v -0.400988 0.263630 0.290483
v -0.332676 0.263812 0.372931
v -0.250564 0.263812 0.439598
v -0.157024 0.263812 0.488965
v -0.055651 0.263812 0.519134
v 0.049661 0.263812 0.528947
v 0.206254 0.263812 0.504860
v 0.303749 0.263812 0.463852
v 0.391369 0.263812 0.404612
v 0.465749 0.263812 0.329416
v 0.524030 0.263812 0.241154
v 0.563972 0.263812 0.143218
v 0.584040 0.263812 0.039372
v 0.583463 0.263812 -0.066394
v 0.562264 0.263812 -0.170016
v 0.521256 0.263812 -0.267510
v 0.462015 0.263812 -0.355131
v 0.386939 0.263800 -0.429418
v 0.364291 0.256415 -0.446538
v 0.200723 0.263800 -0.527704
v 0.096775 0.263812 -0.547802
v -0.008991 0.263812 -0.547225
v -0.112612 0.263812 -0.526025
v -0.210107 0.263812 -0.485017
v -0.297728 0.263812 -0.425777
v -0.372108 0.263812 -0.350581
v -0.430389 0.263812 -0.262319
v -0.470331 0.263812 -0.164383
v -0.490399 0.263812 -0.060537
v -0.489822 0.263812 0.045229
v -0.468584 0.263850 0.149061
v -0.441241 0.259088 0.221769
v -0.368375 0.263812 0.333964
v -0.293178 0.263812 0.408346
v -0.204916 0.263812 0.466627
v -0.106980 0.263812 0.506569
v -0.003134 0.263812 0.526637
v 0.102633 0.263812 0.526060
v 0.235945 0.274351 0.495375
v 0.331018 0.274351 0.448757
v 0.415170 0.274351 0.384486
v 0.485167 0.274351 0.305034
v 0.538318 0.274351 0.213452
v 0.572581 0.274351 0.113261
v 0.586639 0.274351 0.008311
v 0.579953 0.274351 -0.097365
v 0.552778 0.274351 -0.199707
v 0.506160 0.274351 -0.294780
v 0.441890 0.274351 -0.378932
v 0.362437 0.274351 -0.448928
v 0.276783 0.273894 -0.499506
v 0.065732 0.274348 -0.550401
v -0.039962 0.274351 -0.543714
v -0.142303 0.274351 -0.516540
v -0.237377 0.274351 -0.469922
v -0.321529 0.274351 -0.405651
v -0.391525 0.274351 -0.326199
v -0.444676 0.274351 -0.234617
v -0.478939 0.274351 -0.134426
v -0.492997 0.274351 -0.029476
v -0.486311 0.274351 0.076200
v -0.459137 0.274351 0.178542
v -0.415583 0.274018 0.268976
v -0.358329 0.271920 0.347241
v -0.268796 0.274350 0.427763
v -0.177214 0.274351 0.480914
v -0.077023 0.274351 0.515177
v 0.027927 0.274351 0.529236
v 0.133604 0.274351 0.522549
v 0.284164 0.274351 0.473457
v 0.374035 0.274351 0.417853
v 0.451331 0.274351 0.345784
v 0.513082 0.274351 0.260021
v 0.556915 0.274351 0.163858
v 0.581145 0.274351 0.060992
v 0.584842 0.274351 -0.044625
v 0.567863 0.274351 -0.148934
v 0.530860 0.274351 -0.247925
v 0.475256 0.274351 -0.337796
v 0.403187 0.274351 -0.415092
v 0.317453 0.274348 -0.476828
v 0.121488 0.273894 -0.544506
v 0.012778 0.274351 -0.548604
v -0.091530 0.274351 -0.531624
v -0.190522 0.274351 -0.494622
v -0.280393 0.274351 -0.439018
v -0.357689 0.274351 -0.366949
v -0.419440 0.274351 -0.281186
v -0.463273 0.274351 -0.185023
v -0.487504 0.274351 -0.082157
v -0.491200 0.274351 0.023460
v -0.474221 0.274351 0.127769
v -0.437233 0.274348 0.226733
v -0.309806 0.274305 0.393725
v -0.223782 0.274351 0.455679
v -0.127620 0.274351 0.499512
v -0.024754 0.274351 0.523742
v 0.080863 0.274351 0.527439
v 0.185172 0.274351 0.510459
v 0.260254 0.274351 0.484944
v 0.352825 0.274351 0.433784
v 0.433637 0.274351 0.365547
v 0.499584 0.274351 0.282856
v 0.548131 0.274351 0.188888
v 0.577413 0.274351 0.087254
v 0.586305 0.274351 -0.018139
v 0.574465 0.274351 -0.123242
v 0.542347 0.274351 -0.224016
v 0.491187 0.274351 -0.316587
v 0.422950 0.274351 -0.397399
v 0.340260 0.274350 -0.463345
v 0.279665 0.271909 -0.497839
v 0.159399 0.271909 -0.538035
v 0.039264 0.274350 -0.550067
v -0.065839 0.274351 -0.538226
v -0.166612 0.274351 -0.506109
v -0.259184 0.274351 -0.454949
v -0.339995 0.274351 -0.386712
v -0.405942 0.274351 -0.304021
v -0.454489 0.274351 -0.210053
v -0.483771 0.274351 -0.108419
v -0.492663 0.274351 -0.003026
v -0.480823 0.274351 0.102077
v -0.448706 0.274350 0.202850
v -0.414756 0.272689 0.270069
v -0.331612 0.273895 0.374169
v -0.246617 0.274351 0.442180
v -0.152649 0.274351 0.490728
v -0.051016 0.274351 0.520010
v 0.054378 0.274351 0.528902
v 0.159480 0.274351 0.517061
v 0.307886 0.274351 0.461588
v 0.394986 0.274351 0.401584
v 0.468706 0.274351 0.325741
v 0.526213 0.274351 0.236973
v 0.565297 0.274351 0.138691
v 0.584457 0.274351 0.034673
v 0.582955 0.274351 -0.071084
v 0.560850 0.274351 -0.174516
v 0.518991 0.274351 -0.271648
v 0.458987 0.274351 -0.358748
v 0.383144 0.274351 -0.432468
v 0.294951 0.274305 -0.489702
v 0.092405 0.274305 -0.548199
v -0.013680 0.274351 -0.546717
v -0.117113 0.274351 -0.524612
v -0.214245 0.274351 -0.482753
v -0.301344 0.274351 -0.422749
v -0.375064 0.274351 -0.346906
v -0.432571 0.274351 -0.258138
v -0.471655 0.274351 -0.159856
v -0.490815 0.274351 -0.055838
v -0.489313 0.274351 0.049919
v -0.467208 0.274351 0.153351
v -0.425648 0.274313 0.249996
v -0.289517 0.274348 0.411292
v -0.200734 0.274351 0.468809
v -0.102453 0.274351 0.507894
v 0.001565 0.274351 0.527053
v 0.107322 0.274351 0.525552
v 0.210754 0.274351 0.503447
vn -0.9273 -0.1699 0.3335
vn 0.9598 0.1713 0.2224
vn 0.9847 0.1713 0.0309
vn -0.7138 -0.2457 0.6558
vn 0.9718 0.1713 -0.1618
vn -0.5855 -0.1713 0.7923
vn 0.9216 0.1713 -0.3483
vn -0.4197 -0.1713 0.8914
vn 0.8359 0.1713 -0.5214
vn -0.2377 -0.1713 0.9561
vn 0.7182 0.1713 -0.6745
vn -0.0466 -0.1713 0.9841
vn 0.5729 0.1836 -0.7988
vn 0.1462 -0.1713 0.9743
vn 0.3819 0.2357 0.8936
vn 0.2236 0.1527 -0.9627
vn 0.5489 0.2357 0.8019
vn 0.0309 0.1713 -0.9847
vn 0.6948 0.2357 0.6794
vn -0.1618 0.1713 -0.9718
vn 0.8140 0.2357 0.5308
vn -0.3483 0.1713 -0.9216
vn 0.9020 0.2357 0.3618
vn -0.5214 0.1713 -0.8359
vn 0.9552 0.2357 0.1789
vn -0.6745 0.1713 -0.7182
vn 0.9718 0.2357 -0.0109
vn -0.8016 0.1713 -0.5728
vn 0.2898 -0.2358 0.9276
vn 0.9510 0.2357 -0.2003
vn -0.8980 0.1713 -0.4054
vn 0.4652 -0.2357 0.8533
vn 0.8936 0.2357 -0.3819
vn -0.9598 0.1713 -0.2224
vn 0.6227 -0.2357 0.7461
vn 0.8019 0.2357 -0.5489
vn -0.9847 0.1713 -0.0309
vn 0.7563 -0.2357 0.6103
vn 0.6794 0.2357 -0.6948
vn -0.9718 0.1713 0.1618
vn 0.8608 -0.2357 0.4510
vn 0.5283 0.3284 -0.7830
vn -0.9184 0.1950 0.3443
vn 0.9323 -0.2357 0.2744
vn 0.9679 -0.2357 0.0873
vn 0.1788 0.2310 -0.9564
vn -0.7188 0.1625 0.6759
vn 0.9663 -0.2357 -0.1032
vn -0.0109 0.2357 -0.9718
vn -0.5728 0.1713 0.8016
vn 0.9276 -0.2357 -0.2898
vn -0.2003 0.2358 -0.9510
vn -0.4054 0.1713 0.8980
vn 0.8533 -0.2357 -0.4652
vn -0.3819 0.2357 -0.8936
vn -0.2224 0.1713 0.9598
vn 0.7461 -0.2357 -0.6227
vn -0.5489 0.2357 -0.8019
vn -0.0309 0.1713 0.9847
vn 0.6103 -0.2357 -0.7563
vn -0.6948 0.2357 -0.6794
vn 0.1618 0.1713 0.9718
vn 0.5187 0.1205 -0.8464
vn -0.8140 0.2357 -0.5308
vn 0.3335 -0.1713 0.9271
vn -0.9020 0.2357 -0.3618
vn 0.5080 -0.1712 0.8442
vn 0.0872 -0.2362 -0.9678
vn -0.9552 0.2357 -0.1789
vn 0.6629 -0.1713 0.7289
vn -0.1032 -0.2357 -0.9663
vn -0.9718 0.2357 0.0109
vn 0.7924 -0.1713 0.5855
vn -0.2898 -0.2358 -0.9276
vn -0.9510 0.2357 0.2003
vn 0.8914 -0.1713 0.4197
vn -0.4652 -0.2357 -0.8533
vn -0.8444 0.4157 0.3380
vn 0.9561 -0.1713 0.2377
vn -0.6227 -0.2357 -0.7461
vn 0.9841 -0.1713 0.0466
vn -0.7563 -0.2357 -0.6103
vn -0.6795 0.2352 0.6950
vn 0.9743 -0.1713 -0.1462
vn -0.8608 -0.2357 -0.4510
vn -0.5308 0.2357 0.8140
vn 0.9271 -0.1713 -0.3335
vn -0.9323 -0.2357 -0.2744
vn -0.3618 0.2357 0.9020
vn 0.8442 -0.1713 -0.5080
vn -0.9679 -0.2357 -0.0873
vn -0.1789 0.2357 0.9552
vn 0.7289 -0.1713 -0.6629
vn -0.9663 -0.2357 0.1032
vn 0.0109 0.2357 0.9718
vn 0.5857 -0.1706 -0.7924
vn -0.9276 -0.2357 0.2898
vn 0.2003 0.2358 0.9510
vn -0.7644 0.5603 0.3189
vn 0.2589 -0.1279 -0.9574
vn -0.6449 -0.5194 0.5606
vn 0.0466 -0.1713 -0.9841
vn -0.6103 -0.2357 0.7563
vn -0.1462 -0.1713 -0.9743
vn -0.4510 -0.2357 0.8608
vn -0.3335 -0.1713 -0.9271
vn -0.2744 -0.2357 0.9323
vn -0.5080 -0.1712 -0.8442
vn -0.0873 -0.2357 0.9679
vn -0.6629 -0.1713 -0.7289
vn 0.1032 -0.2357 0.9663
vn -0.7924 -0.1713 -0.5855
vn 0.3483 0.1713 0.9216
vn -0.8914 -0.1713 -0.4197
vn 0.5214 0.1713 0.8359
vn -0.9561 -0.1713 -0.2377
vn 0.6745 0.1713 0.7182
vn -0.9841 -0.1713 -0.0466
vn 0.8016 0.1713 0.5728
vn -0.9743 -0.1713 0.1462
vn 0.8980 0.1713 0.4054
vt 0.000000 0.000000
s 0
usemtl Material.008
f 4491/3397/3377 4460/3397/3377 4585/3397/3377 4616/3397/3377
f 4441/3397/3378 4504/3397/3378 4629/3397/3378 4567/3397/3378
f 4442/3397/3379 4505/3397/3379 4630/3397/3379 4568/3397/3379
f 4493/3397/3380 4461/3397/3380 4586/3397/3380 4618/3397/3380
f 4443/3397/3381 4506/3397/3381 4631/3397/3381 4569/3397/3381
f 4494/3397/3382 4462/3397/3382 4587/3397/3382 4619/3397/3382
f 4444/3397/3383 4507/3397/3383 4632/3397/3383 4570/3397/3383
f 4495/3397/3384 4463/3397/3384 4588/3397/3384 4620/3397/3384
f 4445/3397/3385 4508/3397/3385 4633/3397/3385 4571/3397/3385
f 4496/3397/3386 4464/3397/3386 4589/3397/3386 4621/3397/3386
f 4446/3397/3387 4509/3397/3387 4634/3397/3387 4572/3397/3387
f 4497/3397/3388 4465/3397/3388 4590/3397/3388 4622/3397/3388
f 4447/3397/3389 4510/3397/3389 4635/3397/3389 4573/3397/3389
f 4498/3397/3390 4466/3397/3390 4591/3397/3390 4623/3397/3390
f 4499/3397/3391 4405/3397/3391 4532/3397/3391 4624/3397/3391
f 4449/3397/3392 4512/3397/3392 4636/3397/3392 4574/3397/3392
f 4500/3397/3393 4406/3397/3393 4533/3397/3393 4625/3397/3393
f 4450/3397/3394 4513/3397/3394 4637/3397/3394 4575/3397/3394
f 4501/3397/3395 4407/3397/3395 4534/3397/3395 4626/3397/3395
f 4451/3397/3396 4514/3397/3396 4638/3397/3396 4576/3397/3396
f 4502/3397/3397 4408/3397/3397 4535/3397/3397 4627/3397/3397
f 4452/3397/3398 4515/3397/3398 4639/3397/3398 4577/3397/3398
f 4503/3397/3399 4409/3397/3399 4536/3397/3399 4628/3397/3399
f 4453/3397/3400 4516/3397/3400 4640/3397/3400 4578/3397/3400
f 4504/3397/3401 4410/3397/3401 4537/3397/3401 4629/3397/3401
f 4454/3397/3402 4517/3397/3402 4641/3397/3402 4579/3397/3402
f 4505/3397/3403 4411/3397/3403 4538/3397/3403 4630/3397/3403
f 4455/3397/3404 4518/3397/3404 4642/3397/3404 4580/3397/3404
f 4404/3397/3405 4467/3397/3405 4592/3397/3405 4531/3397/3405
f 4506/3397/3406 4412/3397/3406 4539/3397/3406 4631/3397/3406
f 4456/3397/3407 4519/3397/3407 4643/3397/3407 4581/3397/3407
f 4405/3397/3408 4468/3397/3408 4593/3397/3408 4532/3397/3408
f 4507/3397/3409 4413/3397/3409 4540/3397/3409 4632/3397/3409
f 4457/3397/3410 4520/3397/3410 4644/3397/3410 4582/3397/3410
f 4406/3397/3411 4469/3397/3411 4594/3397/3411 4533/3397/3411
f 4508/3397/3412 4414/3397/3412 4541/3397/3412 4633/3397/3412
f 4458/3397/3413 4521/3397/3413 4645/3397/3413 4583/3397/3413
f 4407/3397/3414 4470/3397/3414 4595/3397/3414 4534/3397/3414
f 4509/3397/3415 4415/3397/3415 4542/3397/3415 4634/3397/3415
f 4459/3397/3416 4522/3397/3416 4646/3397/3416 4584/3397/3416
f 4408/3397/3417 4471/3397/3417 4596/3397/3417 4535/3397/3417
f 4510/3397/3418 4416/3397/3418 4543/3397/3418 4635/3397/3418
f 4460/3397/3419 4523/3397/3419 4647/3397/3419 4585/3397/3419
f 4409/3397/3420 4472/3397/3420 4597/3397/3420 4536/3397/3420
f 4410/3397/3421 4473/3397/3421 4598/3397/3421 4537/3397/3421
f 4512/3397/3422 4418/3397/3422 4544/3397/3422 4636/3397/3422
f 4461/3397/3423 4525/3397/3423 4648/3397/3423 4586/3397/3423
f 4411/3397/3424 4474/3397/3424 4599/3397/3424 4538/3397/3424
f 4513/3397/3425 4419/3397/3425 4545/3397/3425 4637/3397/3425
f 4462/3397/3426 4526/3397/3426 4649/3397/3426 4587/3397/3426
f 4412/3397/3427 4475/3397/3427 4600/3397/3427 4539/3397/3427
f 4514/3397/3428 4420/3397/3428 4546/3397/3428 4638/3397/3428
f 4463/3397/3429 4527/3397/3429 4650/3397/3429 4588/3397/3429
f 4413/3397/3430 4476/3397/3430 4601/3397/3430 4540/3397/3430
f 4515/3397/3431 4421/3397/3431 4547/3397/3431 4639/3397/3431
f 4464/3397/3432 4528/3397/3432 4651/3397/3432 4589/3397/3432
f 4414/3397/3433 4477/3397/3433 4602/3397/3433 4541/3397/3433
f 4516/3397/3434 4422/3397/3434 4548/3397/3434 4640/3397/3434
f 4465/3397/3435 4529/3397/3435 4652/3397/3435 4590/3397/3435
f 4415/3397/3436 4478/3397/3436 4603/3397/3436 4542/3397/3436
f 4517/3397/3437 4423/3397/3437 4549/3397/3437 4641/3397/3437
f 4466/3397/3438 4530/3397/3438 4653/3397/3438 4591/3397/3438
f 4416/3397/3439 4479/3397/3439 4604/3397/3439 4543/3397/3439
f 4518/3397/3440 4424/3397/3440 4550/3397/3440 4642/3397/3440
f 4467/3397/3441 4436/3397/3441 4562/3397/3441 4592/3397/3441
f 4519/3397/3442 4425/3397/3442 4551/3397/3442 4643/3397/3442
f 4468/3397/3443 4437/3397/3443 4563/3397/3443 4593/3397/3443
f 4418/3397/3444 4481/3397/3444 4606/3397/3444 4544/3397/3444
f 4520/3397/3445 4426/3397/3445 4552/3397/3445 4644/3397/3445
f 4469/3397/3446 4438/3397/3446 4564/3397/3446 4594/3397/3446
f 4419/3397/3447 4482/3397/3447 4607/3397/3447 4545/3397/3447
f 4521/3397/3448 4427/3397/3448 4553/3397/3448 4645/3397/3448
f 4470/3397/3449 4439/3397/3449 4565/3397/3449 4595/3397/3449
f 4420/3397/3450 4483/3397/3450 4608/3397/3450 4546/3397/3450
f 4522/3397/3451 4428/3397/3451 4554/3397/3451 4646/3397/3451
f 4471/3397/3452 4440/3397/3452 4566/3397/3452 4596/3397/3452
f 4421/3397/3453 4484/3397/3453 4609/3397/3453 4547/3397/3453
f 4523/3397/3454 4429/3397/3454 4555/3397/3454 4647/3397/3454
f 4472/3397/3455 4441/3397/3455 4567/3397/3455 4597/3397/3455
f 4422/3397/3456 4485/3397/3456 4610/3397/3456 4548/3397/3456
f 4473/3397/3457 4442/3397/3457 4568/3397/3457 4598/3397/3457
f 4423/3397/3458 4486/3397/3458 4611/3397/3458 4549/3397/3458
f 4525/3397/3459 4431/3397/3459 4557/3397/3459 4648/3397/3459
f 4474/3397/3460 4443/3397/3460 4569/3397/3460 4599/3397/3460
f 4424/3397/3461 4487/3397/3461 4612/3397/3461 4550/3397/3461
f 4526/3397/3462 4432/3397/3462 4558/3397/3462 4649/3397/3462
f 4475/3397/3463 4444/3397/3463 4570/3397/3463 4600/3397/3463
f 4425/3397/3464 4488/3397/3464 4613/3397/3464 4551/3397/3464
f 4527/3397/3465 4433/3397/3465 4559/3397/3465 4650/3397/3465
f 4476/3397/3466 4445/3397/3466 4571/3397/3466 4601/3397/3466
f 4426/3397/3467 4489/3397/3467 4614/3397/3467 4552/3397/3467
f 4528/3397/3468 4434/3397/3468 4560/3397/3468 4651/3397/3468
f 4477/3397/3469 4446/3397/3469 4572/3397/3469 4602/3397/3469
f 4427/3397/3470 4490/3397/3470 4615/3397/3470 4553/3397/3470
f 4529/3397/3471 4435/3397/3471 4561/3397/3471 4652/3397/3471
f 4478/3397/3472 4447/3397/3472 4573/3397/3472 4603/3397/3472
f 4428/3397/3473 4491/3397/3473 4616/3397/3473 4554/3397/3473
f 4530/3397/3474 4404/3397/3474 4531/3397/3474 4653/3397/3474
f 4429/3397/3475 4492/3397/3475 4617/3397/3475 4555/3397/3475
f 4480/3397/3476 4449/3397/3476 4574/3397/3476 4605/3397/3476
f 4430/3397/3477 4493/3397/3477 4618/3397/3477 4556/3397/3477
f 4481/3397/3478 4450/3397/3478 4575/3397/3478 4606/3397/3478
f 4431/3397/3479 4494/3397/3479 4619/3397/3479 4557/3397/3479
f 4482/3397/3480 4451/3397/3480 4576/3397/3480 4607/3397/3480
f 4432/3397/3481 4495/3397/3481 4620/3397/3481 4558/3397/3481
f 4483/3397/3482 4452/3397/3482 4577/3397/3482 4608/3397/3482
f 4433/3397/3483 4496/3397/3483 4621/3397/3483 4559/3397/3483
f 4484/3397/3484 4453/3397/3484 4578/3397/3484 4609/3397/3484
f 4434/3397/3485 4497/3397/3485 4622/3397/3485 4560/3397/3485
f 4485/3397/3486 4454/3397/3486 4579/3397/3486 4610/3397/3486
f 4435/3397/3487 4498/3397/3487 4623/3397/3487 4561/3397/3487
f 4486/3397/3488 4455/3397/3488 4580/3397/3488 4611/3397/3488
f 4436/3397/3489 4499/3397/3489 4624/3397/3489 4562/3397/3489
f 4487/3397/3490 4456/3397/3490 4581/3397/3490 4612/3397/3490
f 4437/3397/3491 4500/3397/3491 4625/3397/3491 4563/3397/3491
f 4488/3397/3492 4457/3397/3492 4582/3397/3492 4613/3397/3492
f 4438/3397/3493 4501/3397/3493 4626/3397/3493 4564/3397/3493
f 4489/3397/3494 4458/3397/3494 4583/3397/3494 4614/3397/3494
f 4439/3397/3495 4502/3397/3495 4627/3397/3495 4565/3397/3495
f 4490/3397/3496 4459/3397/3496 4584/3397/3496 4615/3397/3496
f 4440/3397/3497 4503/3397/3497 4628/3397/3497 4566/3397/3497
l 4480 4417
l 4511 4448
l 4448 4479
l 4417 4511
l 4430 4524
